Frame,Tracking_ID,Class,X_Center,Y_Center,Width,Height
2,1248,person,1232.06,1148.28,377.38,952.64
2,1249,person,533.91,1191.86,311.49,900.95
2,1250,person,3491.4,1092.91,350.66,879.3
3,1248,person,1234.34,1148.61,377.2,950.13
3,1249,person,533.59,1195.18,311.89,902.12
3,1250,person,3493.98,1098.2,352.41,884.13
3,1252,person,2389.78,954.36,301.07,472.25
3,1253,person,3214.1,1026.61,228.64,902.79
3,1254,person,1543.32,1003.07,314.51,1003.63
4,1248,person,1237.04,1149.14,378.14,949.21
4,1249,person,533.79,1196.75,313.07,905.64
4,1250,person,3496.05,1104.52,355.34,892.45
4,1252,person,2386.49,957.09,303.82,476.95
4,1253,person,3233.32,1039.26,220.77,866.62
4,1254,person,1535.76,1001.49,314.04,1001.19
4,1257,person,1847.55,1245.54,350.29,648.47
4,1259,person,2805.01,1054.3,394.55,857.92
5,1248,person,1239.57,1148.8,381.4,952.94
5,1249,person,533.95,1197.66,313.59,907.51
5,1250,person,3496.17,1104.1,353.3,888.48
5,1252,person,2386.34,959.74,307.57,483.07
5,1253,person,3229.16,1027.14,222.97,871.44
5,1254,person,1525.8,1006.19,318.86,1015.42
5,1257,person,1844.63,1245.25,351.74,650.65
5,1259,person,2800.95,1068.84,401.48,872.73
6,1248,person,1239.94,1147.77,383.45,953.02
6,1249,person,534.08,1197.34,313.46,907.59
6,1250,person,3494.47,1100.28,352.21,887.59
6,1252,person,2398.62,957.16,306.74,480.45
6,1253,person,3220.09,1030.88,222.34,862.56
6,1254,person,1515.57,1006.25,319.68,1018.47
6,1257,person,1837.88,1244.56,352.84,651.93
6,1261,elephant,2482.42,1365.37,557.99,470.87
7,1248,person,1240.08,1146.79,385.48,952.33
7,1249,person,534.19,1196.68,312.64,905.58
7,1250,person,3494.42,1104.78,351.95,888.96
7,1252,person,2378.41,952.2,299.74,471.56
7,1253,person,3213.71,1029.33,226.6,872.5
7,1254,person,1513.45,1005.97,318.05,1015.01
7,1257,person,1839.75,1245.21,353.23,651.11
7,1261,elephant,2486.21,1417.09,687.17,580.92
7,1259,person,2795.09,1078.79,394.84,856.51
8,1248,person,1240.13,1146.53,387.82,952.39
8,1249,person,533.64,1196.11,312.14,904.22
8,1250,person,3492.68,1103.32,350.64,886.22
8,1252,person,2371.14,949.32,297.53,469.95
8,1253,person,3207.62,1026.67,231.0,883.16
8,1254,person,1510.28,1004.73,317.5,1014.92
8,1257,person,1835.33,1244.14,353.75,651.01
8,1261,elephant,2488.34,1402.07,669.22,565.31
8,1259,person,2801.85,1069.67,391.37,848.57
9,1248,person,1240.08,1146.53,390.36,952.56
9,1249,person,532.86,1194.83,311.35,901.66
9,1250,person,3492.81,1102.62,350.2,886.23
9,1252,person,2373.19,941.05,286.2,451.6
9,1253,person,3215.11,1036.84,241.33,908.08
9,1254,person,1506.73,1001.24,312.76,1002.46
9,1257,person,1832.87,1244.36,355.25,652.1
9,1261,person,2487.87,1364.23,610.49,513.29
9,1259,person,2793.94,1065.57,391.17,844.58
10,1248,person,1239.55,1146.31,392.66,952.36
10,1249,person,533.54,1194.25,311.24,901.57
10,1250,person,3493.29,1102.67,350.14,887.07
10,1252,person,2373.69,936.0,282.02,444.04
10,1253,person,3229.22,1040.75,249.92,916.14
10,1254,person,1504.24,1003.5,313.77,1010.4
10,1257,person,1832.81,1244.08,357.32,653.26
10,1261,person,2487.25,1345.0,605.34,507.21
10,1259,person,2793.34,1060.59,392.52,845.53
11,1248,person,1239.2,1145.46,395.0,952.28
11,1249,person,533.77,1193.89,310.97,900.88
11,1250,person,3491.16,1102.07,349.97,886.46
11,1252,person,2375.74,933.5,280.37,439.92
11,1253,person,3229.18,1055.33,249.63,883.15
11,1254,person,1503.45,1001.16,310.32,1001.75
11,1257,person,1831.69,1243.03,361.35,655.22
11,1261,person,2487.64,1324.54,803.26,682.68
11,1259,person,2787.41,1059.89,396.73,850.39
12,1248,person,1239.31,1145.06,397.37,952.56
12,1249,person,534.24,1195.1,311.5,903.13
12,1250,person,3490.12,1101.66,350.18,886.9
12,1252,person,2382.48,931.67,279.2,434.99
12,1253,person,3203.49,1082.64,240.61,819.44
12,1254,person,1506.28,1000.41,308.32,997.6
12,1257,person,1837.14,1242.82,365.17,655.87
12,1259,person,2790.23,1059.91,398.15,851.0
13,1248,person,1238.83,1145.07,399.6,953.03
13,1249,person,534.38,1194.84,311.31,903.13
13,1250,person,3488.85,1100.93,349.91,885.42
13,1252,person,2388.61,931.95,283.57,436.48
13,1253,person,3196.2,1101.03,249.96,815.64
13,1254,person,1507.29,1005.22,308.01,999.91
13,1257,person,1837.49,1243.03,369.8,656.76
13,1259,person,2793.23,1066.44,403.39,861.4
13,1265,person,2347.37,1144.48,375.0,886.99
13,1261,person,2532.89,1237.57,867.83,763.96
14,1248,person,1238.26,1145.35,401.54,953.24
14,1249,person,534.25,1195.36,311.53,904.4
14,1250,person,3485.81,1100.18,349.69,882.82
14,1252,person,2387.38,931.28,285.43,438.01
14,1253,person,3182.61,1107.1,260.64,819.38
14,1254,person,1508.91,1008.74,304.64,994.51
14,1257,person,1830.96,1242.2,374.5,657.63
14,1259,person,2792.48,1070.84,407.73,871.96
14,1265,person,2339.05,1144.4,374.48,886.61
14,1261,person,2545.08,1222.97,856.78,782.78
15,1248,person,1237.7,1146.1,403.66,953.9
15,1249,person,532.97,1196.54,312.4,906.68
15,1250,person,3487.96,1098.35,349.69,883.67
15,1252,person,2376.49,930.69,281.87,436.13
15,1253,person,3176.12,1101.65,273.48,829.21
15,1254,person,1510.29,1012.9,300.14,984.57
15,1257,person,1827.29,1241.69,378.84,657.71
15,1259,person,2791.89,1071.19,405.14,869.87
15,1265,person,2330.16,1141.88,371.07,880.76
15,1261,person,2550.62,1217.5,827.96,784.87
16,1248,person,1236.67,1146.74,406.21,955.56
16,1249,person,532.9,1196.78,312.67,907.36
16,1250,person,3488.23,1098.69,348.45,880.96
16,1252,person,2382.62,931.46,283.7,436.71
16,1253,person,3173.79,1100.8,288.9,847.26
16,1254,person,1514.61,1014.32,298.75,985.4
16,1257,person,1818.6,1240.96,384.82,658.09
16,1259,person,2800.35,1078.99,410.72,890.42
16,1265,person,2344.99,1144.52,369.74,879.84
16,1261,person,2552.85,1209.4,788.19,774.99
17,1248,person,1236.18,1146.17,409.06,957.69
17,1249,person,533.51,1196.7,312.58,907.29
17,1250,person,3487.92,1096.95,348.26,882.1
17,1252,person,2375.95,932.47,284.59,439.86
17,1253,person,3173.58,1099.94,301.64,859.22
17,1254,person,1519.38,1014.27,298.23,986.72
17,1257,person,1815.9,1240.15,391.28,658.56
17,1259,person,2803.31,1086.34,416.15,908.49
17,1265,person,2337.16,1144.12,368.74,881.12
17,1261,person,2555.36,1204.01,741.42,755.38
18,1248,person,1236.01,1146.14,411.27,958.66
18,1249,person,533.25,1196.66,312.92,907.42
18,1250,person,3488.52,1097.95,347.31,880.64
18,1252,person,2377.36,933.6,286.77,443.52
18,1253,person,3171.7,1101.84,309.79,858.99
18,1254,person,1519.22,1010.82,299.43,990.6
18,1257,person,1816.68,1239.94,396.49,658.77
18,1259,person,2805.24,1089.32,416.06,915.36
18,1265,person,2337.1,1143.29,366.75,879.92
18,1261,person,2557.25,1205.12,720.76,760.82
19,1248,person,1237.05,1145.56,413.06,958.25
19,1249,person,530.65,1195.73,313.64,906.46
19,1250,person,3487.17,1098.7,347.86,880.55
19,1253,person,3186.89,1073.73,324.42,900.39
19,1254,person,1518.43,1008.82,301.57,993.54
19,1257,person,1827.03,1240.89,399.95,657.56
19,1259,person,2799.88,1084.27,409.11,903.5
19,1265,person,2334.47,1143.6,364.6,879.38
19,1261,person,2556.24,1207.23,686.34,750.4
20,1248,person,1237.04,1144.97,414.43,957.38
20,1249,person,530.11,1195.72,314.81,907.6
20,1250,person,3488.44,1099.33,348.43,881.39
20,1253,person,3184.57,1064.36,330.24,920.15
20,1254,person,1516.43,1007.98,304.85,997.07
20,1257,person,1825.24,1241.37,404.26,657.01
20,1259,person,2813.81,1076.13,393.22,882.52
20,1265,person,2336.29,1146.36,364.51,882.45
20,1261,person,2552.9,1221.27,690.46,784.9
21,1248,person,1237.86,1144.85,415.88,956.47
21,1249,person,531.33,1195.22,315.24,907.63
21,1250,person,3490.57,1099.96,348.63,883.18
21,1253,person,3150.46,1090.1,313.18,858.45
21,1254,person,1520.22,1007.86,307.31,1001.08
21,1257,person,1824.34,1241.22,408.08,656.69
21,1259,person,2821.6,1067.16,378.73,865.03
21,1265,person,2328.55,1145.34,359.61,877.23
21,1261,person,2554.56,1211.99,658.5,774.68
22,1248,person,1237.9,1144.92,417.11,955.06
22,1249,person,534.09,1194.59,314.94,907.29
22,1250,person,3491.44,1099.73,348.14,883.12
22,1253,person,3147.11,1102.29,312.26,836.47
22,1254,person,1532.49,1009.04,305.62,1002.77
22,1257,person,1830.7,1242.36,410.75,654.56
22,1259,person,2823.55,1065.91,372.16,862.74
22,1273,person,3229.54,744.49,226.54,334.53
23,1248,person,1238.61,1144.03,418.61,954.26
23,1249,person,534.94,1193.68,314.61,906.3
23,1250,person,3492.58,1098.95,347.76,883.75
23,1253,person,3153.78,1102.14,320.63,838.41
23,1254,person,1539.91,1009.94,304.41,1002.08
23,1257,person,1830.04,1241.23,414.62,655.2
23,1259,person,2804.97,1068.1,379.56,873.94
23,1273,person,3228.9,738.56,218.49,322.55
23,1265,person,2409.31,1156.44,377.72,886.6
24,1248,person,1240.8,1143.42,419.97,953.1
24,1249,person,535.04,1189.89,313.14,901.67
24,1250,person,3493.03,1098.66,346.62,882.33
24,1253,person,3152.26,1110.14,318.23,811.92
24,1254,person,1536.97,1008.51,301.2,995.25
24,1257,person,1833.62,1239.3,415.25,652.16
24,1259,person,2792.0,1074.01,389.59,888.35
24,1273,person,3228.44,734.24,213.64,315.37
24,1265,person,2429.95,1162.61,395.82,896.11
25,1248,person,1242.37,1144.81,422.17,954.86
25,1249,person,536.03,1191.08,313.4,902.53
25,1250,person,3492.44,1096.23,347.59,885.43
25,1253,person,3163.46,1091.56,335.38,844.75
25,1254,person,1532.75,1004.92,299.13,989.2
25,1257,person,1832.93,1239.17,419.14,653.66
25,1259,person,2786.63,1082.71,401.94,907.95
25,1265,person,2424.6,1155.41,404.43,888.92
26,1248,person,1244.32,1146.14,424.55,957.18
26,1249,person,536.37,1191.13,313.48,902.64
26,1250,person,3490.85,1095.03,347.36,884.89
26,1253,person,3164.1,1069.84,346.36,865.29
26,1254,person,1528.06,1003.12,297.8,983.7
26,1257,person,1831.82,1239.48,423.09,654.51
26,1259,person,2787.49,1104.01,428.44,952.69
26,1265,person,2428.84,1158.26,416.2,890.72
27,1248,person,1247.28,1146.59,426.4,957.27
27,1249,person,537.17,1191.63,313.6,903.62
27,1250,person,3491.38,1095.28,347.53,886.0
27,1253,person,3156.3,1096.48,332.06,809.34
27,1254,person,1529.75,1002.83,296.18,979.13
27,1257,person,1829.87,1238.36,424.57,651.23
27,1259,person,2777.9,1127.58,450.78,999.12
27,1265,person,2420.59,1166.05,432.03,910.01
28,1248,person,1245.77,1147.36,428.12,959.12
28,1249,person,537.53,1192.58,313.97,905.76
28,1250,person,3491.39,1094.81,347.26,885.79
28,1253,person,3145.45,1103.74,325.58,779.54
28,1254,person,1535.31,1018.44,286.21,947.08
28,1257,person,1829.22,1238.94,426.35,649.96
28,1259,person,2762.48,1142.29,465.82,1027.5
28,1265,person,2400.42,1160.0,431.28,899.6
29,1248,person,1245.01,1149.11,430.01,963.33
29,1249,person,537.48,1192.61,313.55,905.75
29,1250,person,3491.46,1095.69,348.02,886.84
29,1253,person,3142.65,1075.84,354.56,845.47
29,1254,person,1535.3,1010.27,289.35,969.36
29,1257,person,1828.68,1239.08,429.37,651.18
29,1259,person,2749.25,1143.03,476.32,1031.85
29,1265,person,2392.85,1153.94,426.23,881.78
30,1248,person,1246.54,1149.95,431.21,965.33
30,1249,person,537.42,1193.09,313.5,907.03
30,1250,person,3491.89,1096.35,348.32,886.98
30,1253,person,3143.46,1069.73,361.78,855.31
30,1254,person,1535.36,1005.9,287.79,976.08
30,1257,person,1829.9,1239.73,431.31,652.18
30,1259,person,2778.97,1128.44,466.81,1002.87
30,1265,person,2388.24,1154.38,425.31,872.07
31,1248,person,1250.19,1151.21,432.21,965.77
31,1249,person,536.82,1192.83,312.77,906.01
31,1250,person,3491.94,1096.27,348.19,885.97
31,1253,person,3141.95,1099.43,345.51,803.57
31,1254,person,1533.6,1006.05,286.38,984.33
31,1257,person,1825.58,1238.95,433.97,651.9
31,1259,person,2752.19,1121.51,473.15,986.66
31,1265,person,2391.0,1155.21,426.29,866.05
32,1248,person,1251.73,1150.91,431.52,963.49
32,1249,person,536.79,1192.61,312.2,906.03
32,1250,person,3492.61,1096.97,348.84,887.18
32,1253,person,3139.89,1105.38,344.39,788.63
32,1254,person,1540.94,999.16,291.92,1002.22
32,1257,person,1826.79,1239.47,436.15,652.22
32,1259,person,2779.11,1102.97,457.46,952.31
32,1265,person,2392.91,1153.47,427.91,869.14
33,1248,person,1253.31,1152.9,432.81,966.16
33,1249,person,536.73,1194.06,312.63,909.23
33,1250,person,3493.55,1097.31,349.23,887.84
33,1253,person,3139.51,1108.42,347.28,785.57
33,1254,person,1553.25,1012.22,287.93,986.65
33,1257,person,1827.97,1238.83,436.87,650.75
33,1259,person,2723.58,1112.45,485.26,984.96
33,1265,person,2395.62,1154.35,425.91,866.22
34,1248,person,1254.93,1152.79,432.26,963.96
34,1249,person,536.74,1194.1,311.94,908.68
34,1250,person,3494.76,1097.56,349.11,887.62
34,1253,person,3137.75,1109.25,350.23,785.54
34,1254,person,1549.87,1012.43,288.78,989.73
34,1257,person,1832.1,1240.13,436.81,651.01
34,1259,person,2747.2,1114.42,480.55,977.11
34,1265,person,2393.9,1151.29,424.65,870.52
34,1283,person,3225.06,1024.16,239.95,898.24
35,1248,person,1257.98,1153.45,432.85,964.27
35,1249,person,535.86,1193.98,311.35,908.02
35,1250,person,3493.83,1099.79,348.91,887.07
35,1253,person,3123.2,1108.41,351.4,790.22
35,1254,person,1555.76,1017.32,287.57,985.55
35,1257,person,1828.88,1239.73,438.54,650.87
35,1259,person,2766.84,1117.34,473.71,972.24
35,1265,person,2395.91,1150.33,422.13,870.65
35,1283,person,3223.38,1027.77,242.02,906.97
36,1248,person,1259.56,1155.02,433.66,965.76
36,1249,person,535.72,1194.36,311.18,908.67
36,1250,person,3493.62,1100.57,348.78,886.66
36,1253,person,3114.05,1106.75,350.12,793.71
36,1254,person,1553.29,1016.82,286.77,981.61
36,1257,person,1828.01,1240.01,439.55,649.98
36,1259,person,2771.0,1117.96,467.13,967.33
36,1265,person,2397.03,1163.13,407.73,841.87
36,1283,person,3224.89,1027.12,241.2,905.6
36,1284,person,2712.18,1365.49,645.55,501.25
36,1285,frisbee,3228.66,1104.91,96.11,129.96
37,1248,person,1261.22,1155.29,433.3,964.31
37,1249,person,535.47,1193.83,310.41,906.71
37,1250,person,3493.36,1100.78,348.85,887.18
37,1253,person,3113.47,1104.77,349.51,796.44
37,1254,person,1554.56,1018.29,287.94,982.29
37,1257,person,1832.52,1240.16,439.67,650.3
37,1259,person,2771.41,1116.58,466.49,972.21
37,1265,person,2396.38,1169.78,399.11,827.36
37,1283,person,3229.11,1028.15,240.8,907.62
37,1284,person,2715.3,1368.67,667.32,518.91
37,1285,frisbee,3226.45,1105.27,93.34,126.06
38,1248,person,1265.7,1155.49,433.78,963.94
38,1249,person,535.61,1194.24,310.17,906.63
38,1250,person,3493.38,1100.63,348.58,887.1
38,1253,person,3110.42,1102.24,346.57,795.72
38,1254,person,1555.67,1017.21,287.94,979.83
38,1257,person,1831.54,1239.89,439.42,649.59
38,1259,person,2771.78,1118.45,465.22,976.36
38,1265,person,2400.21,1174.66,394.21,817.99
38,1283,person,3230.19,1027.58,239.46,906.63
38,1284,person,2718.87,1382.19,671.11,523.33
38,1285,frisbee,3221.89,1104.97,90.75,122.21
39,1248,person,1271.44,1154.2,434.58,962.95
39,1249,person,534.99,1193.83,309.87,905.59
39,1250,person,3493.83,1100.41,348.36,886.7
39,1253,person,3107.53,1102.92,344.99,800.28
39,1254,person,1555.55,1018.64,288.04,980.5
39,1257,person,1831.59,1240.16,439.13,650.02
39,1259,person,2766.86,1133.74,474.32,999.36
39,1265,person,2400.2,1178.54,391.13,810.07
39,1283,person,3229.74,1027.26,237.25,902.73
39,1284,person,2711.78,1358.26,723.18,567.47
39,1285,frisbee,3218.7,1104.23,88.25,118.5
40,1248,person,1274.11,1155.07,436.2,964.32
40,1249,person,534.82,1193.35,309.59,904.63
40,1250,person,3494.58,1100.14,348.07,886.84
40,1253,person,3096.24,1095.69,337.03,793.5
40,1254,person,1556.9,1019.4,289.22,984.23
40,1257,person,1830.86,1239.84,439.2,649.84
40,1259,person,2770.5,1125.11,468.11,987.82
40,1265,person,2400.84,1181.58,388.78,804.07
40,1283,person,3228.47,1026.1,236.29,903.88
40,1284,person,2718.68,1335.0,752.25,595.78
40,1285,sports ball,3217.75,1103.18,85.23,113.95
41,1248,person,1279.16,1155.06,437.24,962.01
41,1249,person,535.41,1193.65,309.51,904.1
41,1250,person,3495.27,1100.76,347.91,887.41
41,1253,person,3094.86,1090.64,331.71,790.58
41,1254,person,1557.03,1020.87,288.72,985.99
41,1257,person,1832.94,1240.36,439.11,650.21
41,1259,person,2767.05,1127.61,468.26,984.48
41,1265,person,2395.98,1182.36,389.12,802.88
41,1283,person,3229.72,1025.94,234.5,902.69
41,1285,frisbee,3218.28,1102.44,83.59,111.24
42,1248,person,1280.84,1154.55,438.12,960.19
42,1249,person,535.96,1193.26,309.59,903.77
42,1250,person,3495.72,1100.83,347.6,887.44
42,1253,person,3099.07,1096.42,333.11,806.1
42,1254,person,1556.91,1022.17,289.3,991.39
42,1257,person,1831.34,1240.38,439.06,650.24
42,1259,person,2771.65,1129.02,467.99,983.09
42,1265,person,2396.42,1184.31,386.57,797.36
42,1283,person,3229.35,1025.57,231.8,897.83
42,1285,frisbee,3219.16,1099.38,85.84,114.01
42,1284,person,2720.94,1374.54,658.14,522.9
43,1248,person,1292.28,1154.91,441.24,957.44
43,1249,person,535.65,1193.52,310.03,904.6
43,1250,person,3496.34,1100.82,347.1,887.05
43,1253,person,3104.1,1101.59,337.51,827.03
43,1254,person,1555.02,1023.28,288.58,991.66
43,1257,person,1836.24,1240.48,437.32,650.4
43,1259,person,2770.1,1129.81,468.64,982.62
43,1265,person,2393.4,1177.93,391.06,810.01
43,1283,person,3229.37,1028.0,231.81,904.59
43,1284,person,2724.63,1350.61,680.65,544.99
44,1248,person,1300.26,1154.99,445.63,956.17
44,1249,person,535.75,1193.62,310.35,905.55
44,1250,person,3495.58,1100.71,346.35,886.3
44,1253,person,3108.21,1098.56,335.97,831.09
44,1254,person,1551.71,1022.48,286.95,988.12
44,1257,person,1836.13,1240.14,436.49,649.8
44,1259,person,2779.81,1122.71,465.01,976.56
44,1265,person,2391.74,1172.89,393.5,819.27
44,1283,person,3229.66,1028.41,230.6,907.19
44,1284,person,2716.07,1361.56,659.59,528.26
45,1248,person,1293.04,1154.8,446.39,954.41
45,1249,person,536.55,1193.44,310.2,904.99
45,1250,person,3495.43,1100.52,345.92,886.62
45,1253,person,3111.94,1097.1,336.67,838.88
45,1254,person,1552.21,1019.76,284.56,980.4
45,1257,person,1835.96,1240.31,435.05,649.84
45,1259,person,2785.76,1118.97,464.28,972.87
45,1265,person,2386.18,1172.73,392.18,819.66
45,1283,person,3229.69,1026.14,227.85,903.74
45,1284,person,2714.93,1377.48,625.68,501.25
46,1248,person,1289.52,1156.06,446.49,952.11
46,1249,person,536.64,1194.07,310.34,905.34
46,1250,person,3494.85,1099.9,345.32,886.68
46,1253,person,3116.76,1097.9,337.06,844.2
46,1254,person,1550.49,1023.64,284.93,983.81
46,1257,person,1833.9,1240.16,434.5,649.89
46,1259,person,2751.9,1123.17,477.77,979.43
46,1265,person,2379.2,1168.29,393.85,829.94
46,1283,person,3229.67,1025.53,225.65,902.56
47,1248,person,1295.21,1156.88,447.17,947.3
47,1249,person,536.48,1193.33,309.9,903.35
47,1250,person,3493.86,1098.74,344.51,886.08
47,1253,person,3131.04,1096.03,341.01,852.68
47,1254,person,1552.77,1023.82,284.45,982.85
47,1257,person,1829.53,1239.84,435.78,650.0
47,1259,person,2736.53,1125.96,495.16,985.52
47,1265,person,2382.25,1167.16,395.57,834.96
47,1283,person,3229.76,1024.81,222.93,900.06
47,1294,person,3223.45,784.06,197.22,420.3
48,1248,person,1289.19,1158.04,446.81,946.61
48,1249,person,536.59,1192.79,309.5,901.42
48,1250,person,3493.94,1099.11,344.08,886.44
48,1253,person,3138.98,1100.15,346.23,864.55
48,1254,person,1551.43,1020.7,282.97,983.38
48,1257,person,1829.54,1239.77,436.86,650.7
48,1259,person,2715.75,1132.15,512.0,1000.94
48,1265,person,2379.48,1163.49,396.74,842.17
48,1283,person,3229.77,1027.24,221.52,903.01
48,1294,person,3224.21,778.71,192.13,409.19
49,1248,person,1284.69,1158.68,445.96,947.11
49,1249,person,536.21,1190.56,308.9,899.34
49,1250,person,3494.29,1098.48,343.12,885.19
49,1253,person,3145.48,1099.8,351.82,875.69
49,1254,person,1548.57,1018.86,279.62,975.88
49,1257,person,1827.73,1239.19,438.7,649.84
49,1259,person,2698.94,1136.38,523.43,1009.59
49,1265,person,2383.93,1156.24,404.6,860.5
49,1283,person,3232.34,1028.83,219.51,904.19
49,1294,person,3226.15,774.64,188.88,401.75
50,1248,person,1288.11,1155.99,443.53,941.49
50,1249,person,536.44,1191.69,309.16,899.37
50,1250,person,3493.92,1098.03,342.23,884.76
50,1253,person,3152.92,1102.73,353.77,876.58
50,1254,person,1545.8,1017.14,278.43,979.03
50,1257,person,1827.67,1239.12,441.19,650.09
50,1259,person,2693.64,1138.95,531.98,1011.25
50,1265,person,2380.25,1151.78,409.01,872.23
50,1283,person,3236.52,1027.26,219.79,913.31
50,1294,person,3231.72,746.2,163.5,344.95
51,1248,person,1287.52,1155.48,441.04,939.1
51,1249,person,536.21,1191.82,309.47,899.4
51,1250,person,3495.11,1098.79,341.15,884.16
51,1253,person,3150.43,1098.42,353.4,878.24
51,1254,person,1544.76,1020.1,278.22,981.76
51,1257,person,1826.61,1238.84,443.32,649.86
51,1259,person,2693.29,1139.87,538.74,1010.39
51,1265,person,2384.34,1151.69,408.1,870.64
51,1283,person,3238.98,1027.2,219.3,919.89
51,1294,person,3233.94,733.07,152.65,318.62
52,1248,person,1303.73,1154.63,443.68,938.07
52,1249,person,536.63,1192.54,309.69,899.44
52,1250,person,3496.44,1099.04,339.98,883.26
52,1253,person,3150.66,1096.48,351.31,875.98
52,1254,person,1541.1,1030.3,279.49,994.34
52,1257,person,1828.63,1239.36,444.48,649.08
52,1259,person,2690.02,1134.22,539.79,996.69
52,1265,person,2386.46,1153.43,406.04,866.51
52,1283,person,3238.99,1025.45,217.34,917.99
52,1294,person,3231.75,725.44,147.97,303.49
53,1248,person,1311.88,1156.2,448.54,942.8
53,1249,person,536.37,1192.94,310.22,899.67
53,1250,person,3497.9,1098.96,338.7,881.69
53,1253,person,3158.52,1090.59,355.44,886.66
53,1254,person,1538.52,1033.06,277.64,996.7
53,1257,person,1829.78,1239.35,445.41,649.09
53,1259,person,2694.33,1124.93,540.46,976.08
53,1265,person,2392.79,1156.0,406.38,859.23
53,1283,person,3241.09,1022.58,214.32,909.8
54,1248,person,1319.46,1156.81,453.31,946.76
54,1249,person,536.5,1192.82,310.21,898.56
54,1250,person,3497.85,1099.84,337.04,879.4
54,1253,person,3163.07,1072.63,369.63,928.3
54,1254,person,1536.73,1036.78,276.8,998.89
54,1257,person,1828.58,1238.79,446.91,649.04
54,1259,person,2699.5,1119.22,545.1,963.09
54,1265,person,2399.62,1159.8,404.52,848.3
55,1248,person,1323.46,1156.21,455.05,945.11
55,1249,person,536.81,1192.78,310.58,898.88
55,1250,person,3496.9,1100.91,334.83,876.66
55,1253,person,3168.26,1063.52,374.79,949.08
55,1254,person,1536.74,1036.66,276.04,1000.66
55,1257,person,1830.19,1239.23,447.55,649.05
55,1259,person,2743.52,1106.21,528.93,942.25
55,1265,person,2402.52,1157.93,406.76,846.87
56,1248,person,1322.71,1155.35,455.44,943.13
56,1249,person,536.03,1193.37,311.54,900.5
56,1250,person,3497.7,1102.06,333.12,876.21
56,1253,person,3172.3,1057.35,374.87,958.52
56,1254,person,1540.5,1032.81,274.0,997.27
56,1257,person,1834.31,1238.92,447.65,650.02
56,1259,person,2770.66,1103.55,520.42,938.59
56,1265,person,2402.71,1158.72,409.0,845.46
57,1248,person,1318.63,1158.08,453.31,937.16
57,1249,person,536.38,1194.7,312.09,901.54
57,1250,person,3496.88,1103.08,330.61,873.54
57,1253,person,3176.72,1056.12,371.99,961.83
57,1254,person,1544.21,1030.4,272.8,996.9
57,1257,person,1835.21,1239.21,447.27,650.12
57,1259,person,2777.04,1115.8,527.34,965.24
57,1265,person,2406.27,1161.84,410.59,841.12
58,1248,person,1320.44,1155.13,453.17,937.37
58,1249,person,535.87,1194.2,313.69,906.12
58,1250,person,3494.39,1100.93,327.75,872.9
58,1253,person,3182.79,1057.86,366.02,956.84
58,1254,person,1543.52,1034.7,274.44,1005.73
58,1257,person,1832.43,1239.97,451.15,653.74
58,1259,person,2791.56,1106.98,508.91,947.82
58,1265,person,2408.32,1162.03,413.26,839.78
58,1284,person,2710.24,1367.36,574.99,443.49
59,1248,person,1325.64,1153.38,453.8,936.66
59,1249,person,535.52,1192.84,313.22,903.83
59,1250,person,3496.08,1099.9,325.48,871.45
59,1253,person,3186.67,1056.2,360.67,954.92
59,1254,person,1541.08,1034.81,274.28,1009.56
59,1257,person,1829.61,1240.41,454.15,655.5
59,1259,person,2798.21,1099.01,491.26,930.38
59,1265,person,2406.9,1164.6,416.94,836.66
60,1248,person,1331.18,1153.13,455.88,937.9
60,1249,person,536.02,1192.73,313.54,904.82
60,1250,person,3499.42,1098.78,324.88,873.1
60,1253,person,3190.78,1057.24,355.11,949.86
60,1254,person,1533.84,1024.87,271.66,1010.97
60,1257,person,1829.5,1240.36,456.23,655.56
60,1259,person,2798.97,1112.86,496.54,958.06
60,1265,person,2405.97,1162.6,421.59,837.99
61,1248,person,1328.37,1153.4,456.53,940.35
61,1249,person,537.16,1192.32,313.11,904.18
61,1250,person,3503.07,1099.33,323.72,872.79
61,1253,person,3191.84,1056.48,347.74,942.18
61,1254,person,1530.77,1020.18,269.92,1014.79
61,1257,person,1829.64,1239.17,455.97,652.43
61,1259,person,2798.68,1125.62,500.66,985.6
61,1265,person,2400.83,1159.49,430.83,846.42
61,1298,person,2337.34,958.38,259.6,509.77
62,1248,person,1328.65,1155.59,453.77,934.75
62,1249,person,537.37,1191.33,312.69,903.23
62,1250,person,3507.42,1098.62,323.65,875.19
62,1253,person,3195.29,1055.53,337.78,926.03
62,1254,person,1527.33,1019.03,267.91,1016.35
62,1257,person,1827.62,1239.69,460.28,654.7
62,1259,person,2737.18,1135.32,520.12,1001.48
62,1265,person,2398.53,1159.58,436.29,847.52
62,1298,person,2335.79,957.3,258.41,507.42
63,1248,person,1324.07,1156.26,451.38,932.17
63,1249,person,538.05,1193.26,313.77,906.87
63,1250,person,3513.05,1098.36,323.63,876.49
63,1253,person,3201.57,1055.44,333.39,923.58
63,1254,person,1528.57,1015.9,264.83,1011.59
63,1257,person,1829.58,1238.96,459.84,651.42
63,1259,person,2765.09,1124.69,506.05,985.03
63,1265,person,2399.95,1162.14,438.1,842.24
63,1298,person,2334.96,954.93,256.24,503.25
64,1248,person,1331.2,1157.23,451.45,930.52
64,1249,person,538.37,1192.66,313.5,905.91
64,1250,person,3518.87,1099.66,322.71,876.1
64,1253,person,3211.6,1063.59,331.46,927.35
64,1254,person,1528.98,1010.46,259.7,997.3
64,1257,person,1830.06,1239.11,459.73,650.14
64,1259,person,2722.66,1136.46,529.02,1005.17
64,1265,person,2398.11,1164.39,438.33,836.02
64,1298,person,2333.93,954.02,254.76,500.9
64,1300,person,3787.37,1043.97,95.65,860.91
65,1248,person,1337.17,1156.91,453.18,931.05
65,1249,person,538.68,1193.65,314.07,907.71
65,1250,person,3525.69,1102.88,323.86,881.32
65,1253,person,3220.53,1063.7,328.69,928.57
65,1254,person,1530.01,1009.41,256.19,994.35
65,1257,person,1830.82,1239.17,459.43,649.59
65,1259,person,2706.05,1136.69,542.01,1004.02
65,1265,person,2394.22,1163.5,441.66,836.35
65,1298,person,2335.15,954.34,255.16,501.88
65,1300,person,3785.53,1037.15,94.22,845.51
66,1248,person,1341.61,1152.45,459.34,940.65
66,1249,person,538.94,1194.5,314.29,908.48
66,1250,person,3531.18,1103.85,324.67,884.69
66,1253,person,3231.59,1065.09,323.45,923.22
66,1254,person,1533.98,1008.15,253.96,993.13
66,1257,person,1832.72,1239.28,460.44,649.79
66,1259,person,2713.65,1125.95,539.23,977.0
66,1265,person,2430.3,1170.14,427.74,821.65
66,1298,person,2335.54,956.68,256.76,505.54
66,1300,person,3784.62,1025.6,91.74,818.55
66,1302,person,3373.7,1089.46,208.33,843.55
67,1248,person,1344.09,1151.69,463.08,945.21
67,1249,person,539.25,1194.09,313.8,906.99
67,1250,person,3535.17,1103.97,324.51,886.26
67,1253,person,3240.23,1067.79,322.22,931.23
67,1254,person,1534.86,1008.6,252.02,994.1
67,1257,person,1836.42,1239.69,460.14,651.14
67,1259,person,2710.31,1123.48,549.26,971.12
67,1265,person,2431.3,1172.71,421.48,814.59
67,1298,person,2335.19,957.32,257.04,506.22
67,1300,person,3780.22,1023.24,92.54,816.49
67,1302,person,3378.87,1086.75,207.6,840.73
67,1284,person,2711.44,1363.95,628.25,472.6
68,1248,person,1342.36,1155.26,460.48,938.51
68,1249,person,539.73,1194.19,313.63,906.58
68,1250,person,3539.98,1102.96,323.29,884.65
68,1253,person,3239.55,1063.42,318.5,939.9
68,1254,person,1535.02,1010.88,252.91,1004.01
68,1257,person,1836.64,1241.92,460.86,655.16
68,1259,person,2708.26,1128.99,565.91,982.44
68,1265,person,2431.7,1175.98,417.92,813.14
68,1298,person,2336.44,957.72,257.58,507.28
68,1300,person,3778.52,1027.1,94.54,823.62
68,1302,person,3386.86,1085.38,207.25,838.8
68,1284,person,2711.81,1369.97,642.71,478.1
69,1248,person,1340.67,1153.45,462.5,942.14
69,1249,person,539.86,1193.48,313.29,905.4
69,1250,person,3545.86,1101.79,323.18,886.14
69,1253,person,3238.55,1062.69,310.83,936.28
69,1254,person,1536.69,1008.68,248.97,997.58
69,1257,person,1839.57,1241.98,459.2,656.04
69,1259,person,2708.11,1133.02,581.16,995.07
69,1265,person,2426.63,1176.38,416.48,814.33
69,1298,person,2338.71,960.07,260.02,512.63
69,1300,person,3774.99,1040.51,99.19,850.6
69,1302,person,3392.08,1083.02,206.87,836.4
70,1248,person,1337.28,1156.5,459.91,937.87
70,1249,person,540.24,1193.0,312.93,904.18
70,1250,person,3553.98,1099.64,322.73,886.69
70,1253,person,3235.27,1055.36,309.09,941.98
70,1254,person,1537.09,1010.42,247.99,997.32
70,1257,person,1843.8,1242.51,454.77,655.07
70,1259,person,2709.66,1136.77,591.45,1001.85
70,1265,person,2440.06,1177.73,409.21,811.68
70,1298,person,2337.65,954.62,254.63,501.82
70,1300,person,3773.5,1045.44,101.81,858.11
70,1302,person,3395.46,1078.99,207.3,837.02
70,1309,person,1545.91,733.51,205.1,440.19
70,1284,person,2713.7,1380.29,656.36,486.43
71,1248,person,1332.57,1158.41,457.94,936.53
71,1249,person,540.62,1193.79,313.57,905.6
71,1250,person,3557.81,1098.33,322.17,887.16
71,1253,person,3234.05,1050.83,307.73,940.61
71,1254,person,1534.77,1011.12,247.65,1000.12
71,1257,person,1847.76,1243.21,450.62,654.04
71,1259,person,2746.27,1120.42,571.66,975.68
71,1265,person,2445.37,1176.0,402.3,809.47
71,1298,person,2334.59,952.65,251.83,497.2
71,1300,person,3767.87,1052.94,106.36,874.39
71,1302,person,3398.82,1071.48,202.83,816.53
71,1309,person,1542.01,733.11,204.49,438.52
71,1284,person,2718.73,1372.82,637.47,467.09
72,1248,person,1333.2,1158.18,457.01,935.5
72,1249,person,540.39,1194.11,313.83,906.21
72,1250,person,3564.0,1098.34,321.44,886.5
72,1253,person,3237.97,1050.7,307.39,941.79
72,1254,person,1532.03,1010.04,246.99,1000.57
72,1257,person,1850.05,1241.75,446.73,651.33
72,1259,person,2758.83,1119.54,565.55,975.91
72,1265,person,2449.97,1177.63,396.21,808.75
72,1298,person,2329.59,951.73,249.12,495.04
72,1300,person,3764.01,1068.75,112.46,902.01
72,1302,person,3400.82,1078.07,205.73,827.03
72,1309,person,1538.4,737.87,209.9,449.55
72,1284,person,2720.31,1362.73,616.51,445.65
72,1311,person,2323.91,1151.51,313.35,861.22
73,1248,person,1331.41,1157.65,455.56,934.62
73,1249,person,540.6,1193.71,313.44,905.41
73,1250,person,3569.88,1095.44,319.81,880.07
73,1253,person,3235.56,1053.68,307.74,949.71
73,1254,person,1532.51,1009.53,247.67,1004.39
73,1257,person,1848.75,1241.46,444.53,651.12
73,1259,person,2735.65,1119.58,569.18,976.67
73,1265,person,2452.33,1178.66,389.9,806.23
73,1298,person,2327.69,951.4,245.42,492.27
73,1300,person,3761.21,1071.16,116.17,906.6
73,1302,person,3400.18,1093.45,212.04,851.44
73,1309,person,1536.79,739.03,212.27,453.47
73,1311,person,2329.86,1150.82,313.16,864.67
74,1248,person,1329.19,1157.77,453.88,934.55
74,1249,person,540.88,1193.82,313.37,906.34
74,1250,person,3575.06,1094.58,320.08,878.12
74,1253,person,3237.65,1046.12,302.85,940.94
74,1254,person,1535.06,1013.84,250.82,1014.66
74,1257,person,1848.3,1243.09,444.75,653.73
74,1259,person,2737.62,1115.31,563.1,968.36
74,1265,person,2446.3,1179.76,386.2,803.31
74,1298,person,2324.94,952.05,243.62,492.49
74,1300,person,3759.36,1068.42,119.03,902.64
74,1302,person,3401.75,1097.97,213.81,856.73
74,1309,person,1536.67,734.97,210.25,446.27
74,1311,person,2318.5,1154.69,310.14,856.95
74,1284,person,2719.54,1354.16,598.6,425.94
75,1248,person,1326.93,1156.67,452.94,936.05
75,1249,person,541.29,1193.64,312.7,904.92
75,1250,person,3578.69,1093.36,321.06,878.14
75,1253,person,3241.24,1052.44,303.6,948.03
75,1254,person,1530.06,1013.32,253.8,1017.05
75,1257,person,1847.61,1244.03,443.64,653.35
75,1259,person,2746.37,1117.49,560.5,970.63
75,1265,person,2438.86,1182.86,388.81,806.22
75,1298,person,2324.95,951.93,241.32,491.98
75,1302,person,3404.21,1102.81,214.99,858.88
75,1309,person,1533.45,733.27,210.33,442.53
75,1311,person,2317.96,1159.34,309.58,855.31
75,1284,person,2718.42,1354.88,606.51,428.47
76,1248,person,1325.66,1155.34,452.18,937.91
76,1249,person,540.24,1193.27,312.48,904.36
76,1250,person,3581.34,1094.66,321.58,879.51
76,1253,person,3239.67,1056.52,303.87,955.26
76,1254,person,1527.78,1010.07,254.05,1009.7
76,1257,person,1846.57,1244.17,443.05,653.76
76,1259,person,2730.36,1120.97,569.88,979.32
76,1265,person,2425.52,1183.25,384.83,800.53
76,1302,person,3405.01,1104.95,216.16,861.51
76,1309,person,1529.55,741.07,219.11,458.49
76,1311,person,2324.02,1117.21,289.56,808.5
76,1300,person,3772.98,1039.15,111.16,832.87
77,1248,person,1323.96,1154.5,450.24,937.53
77,1249,person,540.43,1192.73,311.72,902.45
77,1250,person,3584.89,1096.01,322.31,881.96
77,1253,person,3238.63,1060.0,304.29,963.43
77,1254,person,1526.12,1008.55,254.35,1004.86
77,1257,person,1844.44,1244.11,441.49,654.12
77,1259,person,2736.5,1122.0,570.67,984.0
77,1265,person,2413.96,1183.68,383.38,799.2
77,1302,person,3405.22,1108.45,217.12,863.54
77,1309,person,1528.19,746.39,225.6,469.42
77,1300,person,3778.8,1036.58,111.17,830.32
77,1298,person,2334.9,907.28,198.83,404.48
78,1248,person,1324.17,1153.0,448.19,936.43
78,1249,person,540.13,1195.5,312.22,904.32
78,1250,person,3590.08,1095.52,322.93,884.81
78,1253,person,3240.68,1060.54,302.11,962.18
78,1254,person,1523.67,1005.35,253.84,999.0
78,1257,person,1845.85,1242.38,439.91,652.64
78,1259,person,2744.0,1120.06,563.76,979.0
78,1265,person,2403.48,1183.87,382.59,798.01
78,1302,person,3405.93,1109.01,217.79,864.46
78,1309,person,1526.86,747.69,228.28,471.87
78,1300,person,3783.86,1027.76,108.34,810.48
78,1298,person,2333.52,900.42,192.42,389.56
78,1284,person,2723.94,1367.53,660.44,470.73
79,1248,person,1322.97,1153.97,448.36,940.21
79,1249,person,539.26,1193.95,311.59,902.5
79,1250,person,3591.43,1096.18,322.24,885.07
79,1253,person,3240.93,1051.27,295.91,947.49
79,1254,person,1522.69,1004.71,254.09,996.86
79,1257,person,1845.99,1241.54,438.39,651.46
79,1265,person,2402.78,1184.05,380.77,796.29
79,1302,person,3405.14,1110.24,218.53,865.06
79,1309,person,1524.94,751.66,233.16,479.75
79,1300,person,3783.03,1034.13,110.43,824.89
79,1298,person,2335.18,875.3,170.67,340.23
79,1316,person,2781.31,914.44,428.22,559.07
79,1284,person,2722.51,1370.26,659.44,474.26
80,1248,person,1322.18,1155.14,447.3,941.43
80,1249,person,538.76,1192.76,311.41,902.08
80,1250,person,3594.43,1097.1,320.91,884.29
80,1253,person,3241.33,1045.85,291.4,937.86
80,1254,person,1521.12,1006.48,255.84,1000.01
80,1257,person,1845.02,1241.29,438.59,651.66
80,1265,person,2403.64,1182.46,379.8,793.88
80,1302,person,3404.84,1112.56,219.37,866.3
80,1309,person,1522.12,752.62,235.41,481.35
80,1298,person,2335.3,866.95,164.73,324.59
80,1316,person,2784.48,914.2,432.31,564.83
80,1284,person,2723.91,1368.38,658.66,477.04
80,1259,person,2756.69,1115.3,554.45,973.38
81,1248,person,1321.54,1157.96,446.16,942.12
81,1249,person,538.53,1192.81,311.52,902.5
81,1250,person,3593.44,1096.12,318.57,880.58
81,1253,person,3242.22,1044.18,288.75,934.15
81,1254,person,1519.81,1007.28,256.25,999.32
81,1257,person,1845.08,1241.5,438.07,651.17
81,1265,person,2401.08,1182.7,379.92,795.04
81,1302,person,3404.06,1112.28,219.8,865.76
81,1309,person,1521.56,751.49,235.85,479.12
81,1298,person,2334.93,862.03,162.17,316.0
81,1316,person,2788.24,912.61,430.89,563.64
81,1284,person,2725.03,1375.72,677.6,496.67
81,1259,person,2769.43,1115.17,547.41,975.0
81,1300,person,3784.74,1040.04,110.52,834.44
82,1248,person,1321.87,1159.61,444.3,941.4
82,1249,person,538.14,1193.04,311.53,902.93
82,1250,person,3593.86,1097.06,317.0,880.28
82,1253,person,3241.53,1044.72,288.55,935.27
82,1254,person,1522.87,1007.94,256.77,1000.27
82,1257,person,1843.06,1241.38,439.02,651.44
82,1265,person,2400.77,1182.9,377.58,794.1
82,1302,person,3403.74,1112.72,219.71,862.45
82,1309,person,1524.15,752.33,237.54,480.44
82,1298,person,2333.92,861.02,162.41,313.37
82,1284,person,2732.39,1365.4,649.63,477.24
82,1259,person,2776.43,1109.46,534.65,963.83
82,1300,person,3782.64,1039.78,111.77,834.87
83,1248,person,1322.44,1160.62,441.99,939.41
83,1249,person,538.4,1193.09,311.28,903.15
83,1250,person,3595.11,1096.47,315.68,880.24
83,1253,person,3243.47,1020.5,275.86,886.98
83,1254,person,1523.56,1006.66,256.06,996.53
83,1257,person,1844.67,1241.1,438.66,651.24
83,1265,person,2398.23,1184.01,375.68,793.42
83,1302,person,3402.74,1116.62,220.04,858.76
83,1309,person,1524.82,754.54,241.0,485.25
83,1298,person,2332.51,859.59,161.79,309.5
83,1284,person,2731.32,1359.88,634.09,465.8
83,1259,person,2787.59,1102.4,512.14,941.45
83,1300,person,3781.27,1037.01,111.83,830.31
84,1248,person,1320.85,1162.64,441.04,941.4
84,1249,person,538.15,1192.99,310.9,902.89
84,1250,person,3598.35,1095.0,314.86,882.99
84,1253,person,3246.26,1026.42,280.75,897.08
84,1254,person,1524.97,1002.42,254.79,991.35
84,1257,person,1844.69,1241.0,437.39,651.03
84,1265,person,2396.71,1185.63,375.44,799.0
84,1302,person,3401.19,1119.9,220.36,854.14
84,1309,person,1535.04,777.17,247.25,501.78
84,1298,person,2330.23,860.42,162.41,308.85
84,1284,person,2731.29,1370.0,659.27,488.1
84,1259,person,2778.17,1109.69,520.08,963.23
84,1300,person,3782.2,1038.82,112.11,831.65
85,1248,person,1320.32,1163.21,438.96,940.56
85,1249,person,537.98,1193.27,310.89,903.78
85,1250,person,3600.38,1094.53,312.92,882.49
85,1253,person,3241.91,998.43,267.9,840.71
85,1254,person,1525.2,999.69,254.01,985.33
85,1257,person,1845.63,1240.84,435.75,650.53
85,1265,person,2386.46,1184.94,368.51,793.09
85,1302,person,3398.89,1120.88,221.35,850.71
85,1284,person,2735.29,1370.59,660.0,492.48
85,1259,person,2784.77,1115.58,518.27,972.41
86,1248,person,1318.9,1163.79,436.61,939.14
86,1249,person,537.2,1194.13,311.06,905.42
86,1250,person,3599.74,1094.51,311.84,882.58
86,1253,person,3243.68,982.13,261.01,807.03
86,1254,person,1525.51,1000.32,253.84,981.14
86,1257,person,1841.41,1240.47,436.34,650.44
86,1265,person,2374.59,1185.14,366.74,797.44
86,1302,person,3397.39,1120.11,223.9,853.22
86,1284,person,2736.75,1357.45,626.91,466.07
86,1259,person,2766.92,1113.35,517.24,968.53
86,1309,person,1534.06,785.06,242.09,491.45
86,1300,person,3781.52,1062.13,116.97,884.92
87,1248,person,1316.83,1164.09,437.18,944.44
87,1249,person,537.25,1192.58,310.04,902.87
87,1250,person,3598.82,1095.3,310.72,881.39
87,1253,person,3232.74,899.36,217.61,643.4
87,1254,person,1522.32,1001.21,253.6,972.95
87,1257,person,1845.47,1240.25,434.01,649.34
87,1265,person,2371.94,1184.89,365.6,799.97
87,1302,person,3387.06,1114.23,230.81,863.32
87,1284,person,2739.35,1364.53,640.03,480.47
87,1259,person,2755.62,1122.01,528.72,988.38
87,1300,person,3781.56,1041.48,114.23,848.55
88,1248,person,1317.72,1163.07,437.41,947.9
88,1249,person,537.07,1191.95,309.96,903.03
88,1250,person,3599.16,1095.63,308.65,877.46
88,1253,person,3222.16,867.6,200.99,580.88
88,1254,person,1521.59,1001.46,253.97,965.87
88,1257,person,1844.77,1240.04,433.1,649.92
88,1265,person,2374.02,1183.27,363.92,800.68
88,1302,person,3380.88,1111.27,236.46,868.73
88,1284,person,2741.67,1356.33,612.74,460.71
88,1259,person,2757.99,1119.18,525.8,984.99
88,1300,person,3784.45,1021.68,108.55,805.67
89,1248,person,1317.01,1162.45,436.88,950.15
89,1249,person,537.77,1191.67,308.96,900.78
89,1250,person,3596.76,1095.7,307.53,875.1
89,1253,person,3220.79,859.16,202.01,563.0
89,1254,person,1522.87,1003.85,255.05,965.07
89,1257,person,1848.87,1239.83,431.62,650.03
89,1265,person,2380.89,1183.78,362.89,800.88
89,1302,person,3383.98,1107.63,240.17,872.1
89,1284,person,2741.82,1370.75,637.56,484.98
89,1259,person,2763.73,1133.21,535.1,1012.31
89,1300,person,3786.39,1014.94,106.11,788.73
89,1316,person,2778.97,909.91,429.06,560.46
90,1248,person,1316.7,1163.1,436.21,951.51
90,1249,person,539.49,1190.57,307.73,898.32
90,1250,person,3594.83,1094.13,307.12,873.75
90,1254,person,1522.53,1004.23,256.68,962.71
90,1257,person,1850.13,1239.38,432.5,650.1
90,1265,person,2385.84,1182.21,363.8,804.32
90,1302,person,3395.4,1101.67,234.55,850.08
90,1284,person,2745.2,1370.48,642.6,495.21
90,1259,person,2761.47,1136.87,537.01,1020.69
90,1300,person,3784.88,1013.48,106.36,787.45
90,1317,sports ball,2358.05,762.42,121.37,99.45
91,1248,person,1313.45,1164.6,435.01,952.67
91,1249,person,540.58,1191.17,307.26,898.09
91,1250,person,3593.31,1094.11,307.71,873.88
91,1254,person,1523.23,1004.63,259.1,967.21
91,1257,person,1853.04,1241.84,435.38,655.34
91,1265,person,2382.85,1181.13,362.46,806.49
91,1302,person,3400.5,1097.85,229.55,829.38
91,1284,person,2751.1,1375.12,649.09,509.1
91,1259,person,2759.91,1143.63,540.11,1032.72
91,1300,person,3785.52,1011.62,105.81,782.6
91,1317,sports ball,2358.45,763.38,118.33,96.95
91,1253,person,3224.65,857.14,209.52,564.17
92,1248,person,1311.19,1163.41,433.25,953.01
92,1249,person,540.46,1192.28,307.77,901.13
92,1250,person,3593.42,1095.78,309.87,878.88
92,1254,person,1523.43,1006.4,259.62,966.39
92,1257,person,1852.41,1241.85,433.44,653.97
92,1265,person,2382.66,1179.63,361.76,807.23
92,1302,person,3401.55,1100.33,229.28,827.48
92,1284,person,2758.26,1367.42,616.55,487.94
92,1259,person,2764.22,1133.74,528.16,1012.55
92,1300,person,3785.91,1016.36,107.73,799.13
92,1317,sports ball,2358.28,763.39,118.32,96.85
92,1253,person,3224.98,858.66,219.12,572.4
93,1248,person,1307.77,1161.23,433.21,957.59
93,1249,person,540.04,1191.94,307.22,900.1
93,1250,person,3593.23,1096.01,311.2,881.36
93,1254,person,1525.43,1008.4,260.9,968.93
93,1257,person,1857.58,1242.85,434.51,655.49
93,1265,person,2380.63,1179.43,363.62,812.55
93,1302,person,3402.92,1100.19,228.58,824.82
93,1284,person,2764.49,1364.89,597.08,475.3
93,1259,person,2768.37,1131.8,524.46,1008.55
93,1300,person,3785.1,998.74,104.06,766.04
93,1317,sports ball,2358.19,760.69,118.15,96.48
93,1253,person,3224.3,858.74,224.77,575.03
94,1248,person,1307.33,1159.77,429.46,953.51
94,1249,person,540.74,1192.14,307.64,903.21
94,1250,person,3590.64,1095.54,311.62,878.46
94,1254,person,1527.49,1012.08,261.16,971.38
94,1257,person,1854.56,1241.55,433.91,653.41
94,1265,person,2383.23,1177.47,363.63,813.15
94,1302,person,3403.56,1107.51,232.29,839.97
94,1259,person,2767.08,1139.31,527.86,1020.7
94,1300,person,3787.51,1003.92,104.97,779.8
94,1317,sports ball,2358.08,758.92,119.51,97.41
94,1253,person,3226.53,858.09,228.26,573.97
95,1248,person,1299.32,1156.35,427.3,954.91
95,1249,person,538.12,1192.43,309.05,907.65
95,1250,person,3580.56,1094.78,315.69,882.37
95,1254,person,1529.7,1020.58,258.14,956.51
95,1257,person,1855.42,1240.68,434.87,657.09
95,1265,person,2376.46,1172.02,365.45,817.69
95,1302,person,3402.35,1095.78,227.83,822.14
95,1259,person,2769.35,1134.71,526.71,1017.4
95,1300,person,3786.31,1023.54,107.38,823.25
95,1253,person,3214.31,859.19,232.66,579.51
96,1248,person,1290.89,1157.49,424.99,953.63
96,1249,person,538.17,1192.52,306.76,900.3
96,1250,person,3580.61,1096.99,317.98,879.3
96,1254,person,1530.05,1023.71,259.28,957.02
96,1257,person,1857.35,1243.3,433.06,655.51
96,1265,person,2374.74,1176.7,364.13,813.43
96,1302,person,3402.2,1105.38,226.51,817.39
96,1259,person,2751.13,1137.37,524.74,1008.84
96,1300,person,3785.1,1025.01,109.81,822.98
96,1253,person,3212.91,867.53,234.06,583.2
97,1248,person,1280.08,1157.26,424.0,959.32
97,1249,person,536.96,1191.71,308.51,905.43
97,1250,person,3584.58,1095.3,320.06,883.45
97,1254,person,1532.78,1024.52,260.96,956.04
97,1257,person,1857.52,1239.43,430.96,654.62
97,1265,person,2368.32,1173.94,365.79,818.5
97,1302,person,3402.2,1105.67,229.99,830.65
97,1259,person,2759.81,1142.07,532.7,1030.61
97,1300,person,3786.26,1028.7,107.47,834.49
97,1253,person,3199.51,862.46,233.16,580.56
98,1248,person,1273.82,1160.91,419.87,958.05
98,1249,person,539.64,1194.45,306.05,898.42
98,1250,person,3586.31,1100.72,320.15,881.17
98,1254,person,1532.75,1024.04,265.77,969.16
98,1257,person,1851.95,1245.34,429.23,655.0
98,1265,person,2369.21,1179.19,366.08,820.28
98,1302,person,3402.37,1118.19,231.12,836.91
98,1259,person,2736.89,1142.6,531.33,1016.31
98,1300,person,3785.94,1031.72,108.12,834.84
98,1253,person,3195.26,863.66,227.6,569.88
98,1320,skateboard,2622.37,1646.19,538.74,175.61
99,1248,person,1268.96,1161.26,417.33,958.33
99,1249,person,539.88,1197.86,307.54,904.26
99,1250,person,3584.18,1101.54,321.54,881.87
99,1257,person,1852.99,1246.63,426.52,651.36
99,1265,person,2354.27,1185.23,364.09,816.48
99,1302,person,3402.02,1123.49,231.3,839.86
99,1259,person,2741.37,1133.78,525.71,990.92
99,1300,person,3785.96,1037.41,108.09,845.01
99,1253,person,3198.99,868.22,227.73,572.98
99,1309,person,1535.86,823.58,282.64,583.2
100,1248,person,1263.82,1162.31,414.43,959.3
100,1249,person,540.74,1196.2,306.26,900.71
100,1250,person,3585.39,1103.1,322.76,882.5
100,1257,person,1854.13,1248.01,427.77,654.72
100,1265,person,2356.99,1188.63,362.61,810.23
100,1302,person,3401.71,1122.57,231.09,840.55
100,1259,person,2737.22,1129.45,527.5,978.99
100,1300,person,3785.61,1045.56,108.78,861.13
100,1253,person,3204.36,866.82,223.23,567.66
100,1309,person,1534.51,823.64,280.38,582.97
101,1248,person,1254.35,1164.0,410.74,958.85
101,1249,person,540.44,1196.15,305.34,898.4
101,1250,person,3583.33,1102.21,324.2,883.29
101,1257,person,1855.1,1249.58,427.66,656.98
101,1265,person,2360.84,1186.6,366.4,818.04
101,1302,person,3401.12,1122.27,229.19,834.85
101,1259,person,2737.3,1122.62,525.65,964.46
101,1300,person,3786.79,1046.49,106.42,857.85
101,1253,person,3200.74,868.96,223.52,572.02
101,1254,person,1535.37,1020.7,271.72,976.42
102,1248,person,1246.36,1164.21,405.84,956.63
102,1249,person,542.2,1195.53,305.25,898.52
102,1250,person,3585.34,1102.98,325.42,883.68
102,1257,person,1852.43,1248.69,427.4,657.24
102,1265,person,2353.83,1188.84,363.23,810.63
102,1302,person,3401.84,1121.85,230.14,839.32
102,1259,person,2755.08,1120.15,525.55,957.48
102,1300,person,3785.91,1046.25,108.18,860.04
102,1253,person,3205.08,867.54,221.72,569.44
102,1254,person,1543.1,1019.58,277.84,980.86
103,1248,person,1240.85,1165.32,401.68,953.44
103,1249,person,541.29,1196.81,305.63,900.73
103,1250,person,3582.56,1102.89,327.02,884.11
103,1257,person,1848.19,1248.34,424.61,656.7
103,1265,person,2350.28,1188.62,364.45,812.36
103,1302,person,3400.15,1117.39,228.12,832.51
103,1259,person,2744.99,1117.06,527.38,951.38
103,1300,person,3785.8,1047.44,108.4,860.12
103,1253,person,3204.49,868.44,221.06,569.89
103,1254,person,1545.32,1017.64,279.65,973.75
104,1248,person,1238.34,1163.85,398.29,949.04
104,1249,person,543.36,1195.34,304.66,899.09
104,1250,person,3583.89,1102.96,327.78,882.59
104,1257,person,1846.7,1246.29,422.43,653.81
104,1265,person,2352.47,1188.29,366.2,812.99
104,1302,person,3405.21,1113.05,228.87,830.59
104,1259,person,2735.63,1114.79,532.18,947.81
104,1300,person,3785.92,1047.87,108.16,862.02
104,1253,person,3204.51,867.39,220.89,570.53
104,1254,person,1551.54,1024.1,285.1,981.51
105,1248,person,1231.93,1163.1,396.81,950.58
105,1249,person,543.54,1194.87,303.79,898.02
105,1250,person,3583.4,1102.52,329.85,883.07
105,1257,person,1845.73,1246.8,421.54,654.39
105,1265,person,2354.11,1186.51,369.15,816.86
105,1302,person,3407.45,1102.23,225.67,809.91
105,1259,person,2740.2,1113.16,536.79,945.86
105,1300,person,3786.31,1043.79,107.37,853.71
105,1253,person,3201.57,867.59,219.12,567.62
105,1254,person,1552.71,1031.02,288.43,985.0
106,1248,person,1223.59,1163.36,394.59,952.53
106,1249,person,546.58,1195.12,302.77,898.25
106,1250,person,3584.95,1103.64,331.03,882.44
106,1257,person,1846.24,1247.42,422.87,655.3
106,1265,person,2355.93,1187.42,369.8,816.66
106,1302,person,3407.39,1110.57,230.66,824.47
106,1259,person,2742.67,1114.21,539.4,946.79
106,1300,person,3787.28,1049.43,105.44,865.46
106,1253,person,3203.66,870.15,223.32,574.47
106,1254,person,1551.29,1028.89,288.14,981.84
107,1248,person,1212.2,1162.13,389.75,948.73
107,1249,person,546.8,1194.62,301.37,896.94
107,1250,person,3585.18,1103.16,331.73,882.24
107,1257,person,1843.09,1246.57,421.62,654.99
107,1265,person,2367.1,1184.47,375.28,823.04
107,1302,person,3402.7,1113.61,230.41,825.68
107,1259,person,2749.86,1106.87,537.12,939.77
107,1300,person,3788.55,1051.21,102.9,865.41
107,1253,person,3203.05,874.62,227.34,582.16
107,1309,person,1549.4,840.94,291.32,612.06
108,1248,person,1208.5,1164.0,388.16,952.1
108,1249,person,547.91,1196.14,301.2,899.08
108,1250,person,3581.81,1105.74,333.4,883.65
108,1257,person,1847.09,1246.94,421.88,654.93
108,1265,person,2377.6,1180.89,382.1,832.77
108,1302,person,3400.23,1115.01,230.88,830.27
108,1259,person,2738.32,1116.1,546.87,957.24
108,1300,person,3788.14,1051.65,103.71,865.6
108,1253,person,3209.39,876.33,229.56,583.31
108,1254,person,1552.5,1031.98,288.13,980.93
109,1248,person,1204.88,1160.1,382.23,939.97
109,1249,person,547.74,1197.5,300.68,901.2
109,1250,person,3583.3,1107.7,331.72,876.32
109,1257,person,1848.59,1247.63,423.21,654.76
109,1265,person,2381.3,1182.16,384.02,830.76
109,1302,person,3399.53,1117.6,228.9,824.79
109,1259,person,2741.69,1119.72,553.15,965.23
109,1300,person,3788.67,1044.87,102.66,851.8
109,1253,person,3211.36,873.55,227.44,575.38
109,1254,person,1550.69,1036.31,288.72,986.06
110,1248,person,1200.9,1156.47,377.59,928.1
110,1249,person,548.71,1195.76,299.0,899.21
110,1250,person,3583.39,1106.79,334.49,879.97
110,1257,person,1845.8,1247.55,422.52,655.23
110,1265,person,2381.35,1179.45,387.54,834.3
110,1302,person,3399.87,1116.22,227.16,818.53
110,1259,person,2745.93,1115.21,550.71,957.07
110,1300,person,3790.79,1053.83,98.42,867.01
110,1253,person,3211.19,873.05,228.61,575.22
111,1248,person,1198.27,1159.23,378.1,929.37
111,1249,person,548.94,1198.23,298.84,902.34
111,1250,person,3582.01,1105.67,337.27,882.97
111,1257,person,1845.39,1246.46,421.05,651.93
111,1265,person,2385.46,1180.56,387.4,828.93
111,1302,person,3398.83,1118.49,227.86,823.06
111,1259,person,2746.69,1122.08,559.98,970.19
111,1300,person,3790.03,1061.2,99.93,880.92
111,1253,person,3208.42,874.08,230.59,577.02
111,1254,person,1539.09,1034.98,290.55,984.5
112,1248,person,1195.39,1158.02,376.81,926.62
112,1249,person,549.72,1198.24,297.48,901.02
112,1250,person,3585.08,1102.16,337.58,884.0
112,1257,person,1851.26,1245.33,423.8,655.65
112,1265,person,2391.46,1179.22,383.45,817.36
112,1302,person,3398.89,1110.64,222.99,805.87
112,1259,person,2747.78,1125.69,565.3,980.9
112,1253,person,3209.18,868.07,229.21,570.32
112,1254,person,1547.64,1028.68,288.05,976.94
113,1248,person,1191.95,1158.84,378.61,930.34
113,1249,person,548.42,1199.85,298.3,906.87
113,1250,person,3585.55,1100.41,340.06,890.2
113,1257,person,1848.01,1245.41,423.54,653.57
113,1265,person,2392.32,1183.42,385.43,813.79
113,1302,person,3398.55,1116.8,226.56,820.52
113,1259,person,2746.44,1126.55,565.58,978.71
113,1253,person,3206.96,870.07,233.46,577.0
113,1254,person,1550.94,1032.58,290.45,983.46
114,1248,person,1183.45,1156.25,375.45,924.76
114,1249,person,550.75,1195.76,295.87,902.18
114,1250,person,3587.73,1100.3,338.34,885.21
114,1257,person,1850.23,1241.47,422.3,651.87
114,1265,person,2397.26,1179.76,385.53,811.85
114,1302,person,3399.41,1118.34,226.9,823.17
114,1259,person,2751.23,1119.64,560.28,974.7
114,1253,person,3211.87,865.17,231.66,570.24
114,1254,person,1551.4,1029.53,289.06,978.96
114,1325,person,1453.58,1257.44,226.42,513.44
115,1248,person,1177.2,1160.24,374.72,922.33
115,1249,person,548.39,1197.93,296.2,905.22
115,1250,person,3586.71,1101.93,337.88,884.98
115,1257,person,1849.33,1244.43,421.64,650.84
115,1265,person,2396.59,1184.27,388.38,811.69
115,1302,person,3397.52,1122.18,228.35,830.63
115,1259,person,2747.89,1124.22,561.91,975.01
115,1253,person,3206.87,866.5,231.98,571.07
115,1254,person,1553.08,1031.87,289.42,982.07
115,1325,person,1448.37,1255.88,232.94,528.27
115,1300,person,3790.89,1047.03,98.22,853.32
116,1248,person,1175.85,1158.46,374.14,919.59
116,1249,person,550.69,1199.51,295.98,907.92
116,1250,person,3588.39,1099.72,336.91,883.73
116,1257,person,1844.05,1240.17,424.08,653.69
116,1265,person,2396.24,1180.82,388.37,810.21
116,1302,person,3398.09,1116.11,227.44,827.9
116,1259,person,2750.17,1125.01,563.52,976.58
116,1253,person,3207.89,861.68,232.91,569.92
116,1254,person,1552.68,1026.13,287.31,977.04
116,1325,person,1447.23,1253.65,237.53,536.59
117,1248,person,1172.2,1160.78,376.01,923.38
117,1249,person,549.45,1201.4,296.12,911.7
117,1250,person,3586.35,1101.19,336.62,884.49
117,1257,person,1842.48,1243.64,425.49,654.09
117,1265,person,2402.79,1182.46,389.58,809.01
117,1302,person,3394.54,1117.24,227.16,828.98
117,1259,person,2756.25,1121.81,561.17,971.49
117,1253,person,3204.72,865.3,235.36,575.17
117,1254,person,1555.08,1028.23,286.14,975.87
117,1325,person,1450.08,1257.25,239.86,541.84
118,1248,person,1166.86,1157.72,374.94,921.88
118,1249,person,549.12,1201.12,295.53,911.72
118,1250,person,3586.24,1100.54,334.8,881.4
118,1257,person,1840.96,1239.78,428.0,654.68
118,1265,person,2407.31,1182.82,387.58,800.94
118,1302,person,3395.69,1109.03,225.85,823.87
118,1259,person,2759.58,1121.2,564.39,978.91
118,1253,person,3205.97,861.94,236.12,574.04
118,1254,person,1555.6,1023.42,284.97,972.31
118,1325,person,1445.39,1257.73,241.59,543.01
118,1300,person,3790.42,1053.05,99.17,872.33
119,1248,person,1165.25,1158.8,375.28,923.11
119,1249,person,548.37,1197.63,292.62,904.13
119,1250,person,3588.44,1101.99,332.77,879.18
119,1257,person,1844.46,1241.97,429.34,654.36
119,1265,person,2410.43,1185.14,388.86,799.19
119,1302,person,3394.38,1112.61,226.15,825.21
119,1259,person,2758.62,1121.62,563.04,976.73
119,1253,person,3202.47,864.1,237.06,575.0
119,1254,person,1555.75,1020.77,282.65,966.97
119,1325,person,1443.68,1258.74,241.12,540.04
119,1326,sports ball,3488.2,614.05,118.49,110.38
119,1300,person,3790.04,1057.61,99.92,875.51
120,1248,person,1162.36,1156.93,371.72,917.13
120,1249,person,547.52,1199.19,293.19,906.94
120,1250,person,3587.0,1100.93,331.1,876.1
120,1257,person,1843.85,1239.54,428.65,651.69
120,1265,person,2413.65,1184.27,391.52,799.82
120,1302,person,3393.28,1108.87,224.57,818.36
120,1259,person,2764.94,1122.52,563.97,983.37
120,1253,person,3204.0,859.99,236.04,570.23
120,1254,person,1555.11,1019.92,284.19,970.97
120,1325,person,1439.99,1259.17,242.03,539.41
120,1326,sports ball,3472.92,606.95,113.86,105.78
120,1300,person,3785.57,1065.64,104.96,895.89
121,1248,person,1164.42,1156.04,371.38,916.09
121,1249,person,547.54,1197.02,291.9,904.52
121,1250,person,3587.59,1100.29,330.62,876.46
121,1257,person,1849.82,1238.91,427.62,650.92
121,1265,person,2416.32,1183.71,393.37,797.64
121,1302,person,3392.51,1107.24,223.47,812.74
121,1259,person,2758.16,1125.91,569.37,995.42
121,1253,person,3201.6,860.62,235.5,568.98
121,1254,person,1556.67,1018.21,284.02,971.45
121,1325,person,1437.47,1260.94,244.08,540.59
121,1326,sports ball,3457.88,605.98,116.42,107.78
121,1300,person,3789.24,1065.48,101.51,891.14
121,1328,person,2330.04,872.11,182.14,328.83
122,1248,person,1162.17,1154.79,371.19,918.21
122,1249,person,547.29,1195.09,291.17,903.41
122,1250,person,3587.66,1099.71,330.06,876.69
122,1257,person,1848.71,1239.0,427.81,652.44
122,1265,person,2416.19,1181.69,394.78,800.6
122,1302,person,3391.86,1107.35,222.86,810.43
122,1259,person,2758.58,1129.91,569.24,1002.34
122,1253,person,3201.58,858.98,235.32,567.37
122,1254,person,1556.28,1019.42,285.23,977.45
122,1325,person,1436.97,1261.84,246.59,541.89
122,1326,sports ball,3444.42,601.72,124.12,114.76
122,1300,person,3783.12,1046.89,102.04,861.01
122,1328,person,2327.3,866.76,177.19,319.64
123,1248,person,1162.39,1154.49,371.05,919.88
123,1249,person,547.26,1196.01,291.8,906.78
123,1250,person,3587.78,1099.63,329.7,876.88
123,1257,person,1847.34,1238.3,427.65,652.35
123,1265,person,2410.89,1179.26,397.39,800.9
123,1302,person,3391.07,1108.22,222.82,810.3
123,1259,person,2762.47,1128.94,567.27,993.45
123,1253,person,3201.68,858.68,234.8,565.49
123,1325,person,1437.68,1261.67,248.15,540.88
123,1326,sports ball,3433.28,602.94,125.41,115.5
123,1300,person,3780.86,1042.8,103.0,853.59
123,1328,person,2326.44,870.13,179.41,323.49
124,1248,person,1162.51,1153.23,371.64,924.77
124,1249,person,545.51,1195.55,292.57,910.01
124,1250,person,3587.37,1098.0,329.41,878.43
124,1257,person,1845.23,1239.29,430.02,657.69
124,1265,person,2411.42,1176.87,401.53,807.44
124,1302,person,3389.65,1104.72,224.35,814.4
124,1259,person,2757.09,1119.52,563.54,983.87
124,1253,person,3197.54,858.37,236.05,568.31
124,1325,person,1440.96,1261.48,251.48,541.91
124,1300,person,3783.5,1055.9,106.62,884.43
124,1328,person,2326.17,872.28,185.31,334.36
125,1248,person,1170.89,1154.61,372.12,924.66
125,1249,person,546.34,1195.97,291.74,908.63
125,1250,person,3586.73,1098.81,329.1,877.7
125,1257,person,1848.69,1238.33,427.27,654.15
125,1265,person,2409.65,1178.41,404.92,808.43
125,1302,person,3391.25,1102.07,221.11,797.94
125,1259,person,2756.13,1119.84,562.2,977.36
125,1253,person,3202.71,859.73,235.72,567.07
125,1325,person,1440.43,1260.63,251.81,538.78
125,1300,person,3782.95,1067.22,108.88,900.92
125,1328,person,2326.33,877.12,186.63,336.64
125,1309,person,1533.72,810.99,259.95,570.29
126,1248,person,1178.5,1154.85,372.37,924.66
126,1249,person,547.91,1198.21,291.71,908.95
126,1250,person,3588.88,1098.99,329.29,878.51
126,1257,person,1851.37,1237.85,427.01,653.73
126,1265,person,2414.43,1177.65,405.84,809.52
126,1302,person,3391.78,1108.33,223.2,804.3
126,1259,person,2751.73,1119.96,562.22,974.4
126,1253,person,3202.87,860.4,236.19,569.95
126,1325,person,1439.96,1259.19,251.04,534.0
126,1300,person,3786.64,1062.29,106.72,890.85
126,1328,person,2329.68,879.13,191.74,346.11
126,1309,person,1530.68,804.95,251.57,562.2
127,1248,person,1185.28,1152.51,373.04,924.87
127,1249,person,547.46,1196.57,290.82,905.32
127,1250,person,3588.49,1095.65,326.38,872.74
127,1257,person,1852.02,1237.86,425.62,655.4
127,1265,person,2418.0,1172.83,405.22,809.01
127,1302,person,3391.1,1105.33,222.52,799.73
127,1259,person,2747.31,1116.78,563.17,974.69
127,1253,person,3204.11,861.81,238.19,576.11
127,1325,person,1442.88,1257.83,250.11,529.81
127,1300,person,3787.58,1059.39,104.83,886.07
127,1328,person,2330.95,879.88,196.19,354.48
127,1309,person,1525.56,798.71,245.65,553.68
128,1248,person,1186.94,1156.97,372.45,921.82
128,1249,person,546.17,1196.97,289.67,901.71
128,1250,person,3585.82,1099.65,327.85,878.7
128,1257,person,1845.13,1244.9,425.78,660.99
128,1265,person,2419.96,1182.39,407.24,814.26
128,1302,person,3389.47,1106.78,220.05,786.75
128,1259,person,2739.73,1116.85,562.01,971.76
128,1253,person,3202.34,871.44,241.68,588.16
128,1325,person,1446.37,1262.98,251.39,530.36
128,1300,person,3785.16,1072.36,108.64,908.65
128,1328,person,2329.73,891.37,198.79,360.67
128,1309,person,1524.47,808.98,248.37,572.95
129,1248,person,1190.52,1159.19,371.79,920.11
129,1249,person,548.87,1198.63,289.91,901.71
129,1250,person,3588.87,1102.8,327.04,879.0
129,1257,person,1844.36,1247.16,423.04,658.81
129,1265,person,2411.97,1183.86,403.32,815.94
129,1302,person,3391.57,1117.92,227.11,811.83
129,1259,person,2749.4,1113.69,560.54,963.88
129,1253,person,3202.74,872.14,238.06,584.7
129,1325,person,1454.09,1260.7,246.22,521.1
129,1328,person,2335.54,885.02,186.48,337.05
129,1309,person,1523.03,815.77,248.49,582.57
130,1248,person,1191.32,1162.39,372.07,921.11
130,1249,person,545.95,1198.56,289.39,899.52
130,1250,person,3585.46,1103.83,325.98,877.65
130,1257,person,1841.13,1248.21,422.54,660.58
130,1265,person,2417.5,1183.02,398.96,814.57
130,1302,person,3388.13,1125.76,227.01,810.43
130,1259,person,2745.19,1115.07,561.77,974.29
130,1253,person,3193.51,873.8,236.69,582.84
130,1325,person,1457.52,1263.95,249.69,526.07
130,1328,person,2330.64,895.89,195.56,354.49
130,1309,person,1518.58,816.99,247.91,583.58
131,1248,person,1201.35,1161.8,375.0,929.72
131,1249,person,551.82,1197.63,288.96,897.44
131,1250,person,3590.6,1106.04,323.75,874.39
131,1257,person,1846.96,1248.78,419.92,659.93
131,1265,person,2425.16,1183.56,393.16,818.12
131,1302,person,3393.3,1124.39,229.99,818.05
131,1259,person,2758.81,1110.33,548.86,960.67
131,1253,person,3200.86,871.35,234.68,580.6
131,1325,person,1459.35,1259.86,241.91,514.37
131,1328,person,2339.7,898.31,196.52,356.81
131,1309,person,1523.08,816.52,246.79,584.32
132,1248,person,1206.38,1162.21,375.86,934.47
132,1249,person,554.14,1199.56,289.85,899.77
132,1250,person,3592.51,1106.97,322.74,874.05
132,1257,person,1846.29,1248.46,419.86,660.25
132,1265,person,2429.91,1183.75,386.08,817.63
132,1302,person,3393.91,1112.33,227.06,801.79
132,1259,person,2752.45,1105.7,542.44,951.99
132,1253,person,3203.82,873.28,236.09,588.02
132,1325,person,1461.96,1258.18,236.98,508.69
132,1328,person,2341.89,932.26,232.45,429.36
132,1309,person,1524.3,815.99,247.55,586.83
133,1248,person,1209.89,1163.57,376.33,938.81
133,1249,person,554.69,1200.08,290.9,902.23
133,1250,person,3593.55,1107.12,322.19,874.65
133,1257,person,1853.97,1247.74,419.07,658.49
133,1265,person,2436.18,1180.56,380.98,819.69
133,1302,person,3396.95,1106.58,226.68,794.95
133,1259,person,2751.4,1102.68,535.95,944.46
133,1253,person,3203.85,870.75,233.15,584.75
133,1325,person,1461.45,1258.15,237.25,513.51
133,1328,person,2342.49,952.61,251.37,472.19
133,1309,person,1528.52,817.44,250.3,592.8
134,1248,person,1211.69,1163.77,376.31,942.86
134,1249,person,554.89,1200.42,291.28,902.56
134,1250,person,3594.0,1108.18,321.32,873.94
134,1257,person,1852.37,1247.43,417.26,656.63
134,1265,person,2443.57,1180.3,374.4,817.82
134,1302,person,3397.39,1103.73,228.42,795.36
134,1259,person,2753.9,1100.81,527.1,933.27
134,1253,person,3204.06,870.4,231.09,583.22
134,1325,person,1460.94,1258.78,236.37,515.11
134,1328,person,2340.74,966.77,262.47,500.02
134,1309,person,1527.47,816.66,248.94,591.1
135,1248,person,1215.87,1160.69,373.58,937.67
135,1249,person,554.01,1198.49,291.22,902.07
135,1250,person,3594.18,1108.26,320.97,874.69
135,1257,person,1853.75,1246.89,418.09,655.19
135,1265,person,2445.37,1180.5,369.9,815.83
135,1302,person,3395.37,1102.78,227.48,789.86
135,1259,person,2735.28,1105.78,535.66,945.5
135,1253,person,3203.68,871.18,230.64,587.0
135,1325,person,1460.15,1260.16,237.3,520.82
135,1328,person,2339.08,972.06,265.27,511.11
135,1309,person,1526.3,819.37,250.88,598.73
136,1248,person,1218.12,1161.07,372.62,937.66
136,1249,person,554.42,1199.36,292.14,905.59
136,1250,person,3594.51,1108.65,320.25,873.85
136,1257,person,1856.08,1246.29,418.33,653.62
136,1265,person,2447.21,1180.0,366.17,814.53
136,1302,person,3393.24,1100.26,229.36,793.4
136,1259,person,2725.99,1107.04,539.49,949.26
136,1253,person,3202.15,868.8,227.3,582.18
136,1325,person,1461.12,1259.96,236.23,522.49
136,1328,person,2340.13,974.66,265.18,516.64
136,1309,person,1520.21,818.77,249.7,597.03
137,1248,person,1219.97,1159.11,370.8,938.07
137,1249,person,552.84,1199.73,292.74,907.24
137,1250,person,3593.9,1108.8,319.78,873.14
137,1257,person,1851.36,1244.18,419.36,651.12
137,1265,person,2448.33,1178.62,363.56,815.11
137,1302,person,3392.06,1097.0,230.6,796.74
137,1259,person,2723.22,1104.31,538.83,944.3
137,1253,person,3202.97,867.56,225.84,582.97
137,1325,person,1460.6,1258.85,235.02,524.1
137,1328,person,2340.62,975.06,263.26,517.17
137,1309,person,1515.4,817.63,250.34,595.48
138,1248,person,1226.26,1160.73,367.88,936.77
138,1249,person,553.77,1200.96,292.95,908.27
138,1250,person,3594.57,1108.28,319.26,872.21
138,1257,person,1851.22,1243.23,421.62,654.4
138,1265,person,2450.67,1177.65,361.37,816.9
138,1302,person,3391.89,1103.97,235.54,816.5
138,1259,person,2723.07,1105.28,540.69,944.92
138,1253,person,3202.48,867.35,224.57,582.6
138,1325,person,1462.45,1259.83,236.4,531.06
138,1328,person,2331.71,983.78,269.86,538.73
138,1309,person,1508.03,817.17,251.6,593.83
139,1248,person,1228.95,1164.5,367.36,941.24
139,1249,person,554.17,1198.6,291.8,904.79
139,1250,person,3594.87,1108.57,318.85,871.97
139,1257,person,1856.34,1244.84,423.61,656.53
139,1265,person,2453.9,1178.24,359.35,819.99
139,1302,person,3391.28,1100.76,234.24,812.25
139,1259,person,2724.47,1105.05,541.67,943.7
139,1253,person,3201.5,866.89,222.53,579.27
139,1325,person,1463.64,1257.94,234.25,531.59
139,1328,person,2329.42,1021.09,300.0,615.73
139,1309,person,1504.8,815.31,253.47,593.02
140,1248,person,1232.16,1166.49,366.86,947.63
140,1249,person,554.09,1196.11,290.0,898.17
140,1250,person,3595.98,1107.96,318.76,872.42
140,1257,person,1852.6,1246.26,422.33,656.29
140,1265,person,2454.65,1179.23,357.05,821.9
140,1302,person,3393.5,1099.66,233.58,813.05
140,1259,person,2732.39,1102.9,537.96,937.49
140,1253,person,3203.77,868.78,223.75,581.9
140,1325,person,1463.15,1254.89,230.91,528.65
140,1254,person,1501.95,1016.2,290.25,997.63
141,1248,person,1236.73,1166.94,363.87,948.03
141,1249,person,552.17,1197.29,289.41,893.77
141,1250,person,3595.58,1110.59,317.01,867.45
141,1257,person,1840.76,1247.85,423.97,656.02
141,1265,person,2455.13,1180.35,353.49,820.3
141,1302,person,3394.34,1101.5,229.75,800.96
141,1259,person,2729.77,1105.48,540.67,939.01
141,1253,person,3205.79,875.36,228.23,591.66
141,1325,person,1463.05,1259.18,229.92,530.86
141,1254,person,1511.82,1032.08,298.71,1020.83
141,1328,person,2327.95,1106.49,356.9,766.83
142,1248,person,1242.14,1166.06,358.37,943.92
142,1249,person,550.66,1198.31,289.6,891.61
142,1250,person,3593.21,1113.09,317.14,868.17
142,1257,person,1861.66,1249.33,429.7,656.49
142,1265,person,2455.34,1183.65,349.84,816.25
142,1302,person,3393.82,1105.61,227.27,793.41
142,1259,person,2726.4,1106.97,542.94,939.25
142,1253,person,3201.42,877.73,228.61,591.07
142,1325,person,1465.7,1261.37,232.66,543.26
142,1254,person,1501.86,1034.21,295.51,1022.3
142,1300,person,3782.27,1074.74,108.77,899.84
143,1248,person,1248.2,1165.82,353.53,940.87
143,1249,person,548.6,1198.87,290.0,890.83
143,1250,person,3591.84,1113.74,317.75,869.89
143,1257,person,1863.29,1249.12,432.87,656.26
143,1265,person,2457.76,1185.05,346.77,813.78
143,1302,person,3394.87,1116.59,231.27,811.27
143,1259,person,2721.08,1108.4,546.54,942.24
143,1253,person,3199.67,877.87,229.17,590.64
143,1325,person,1467.06,1266.51,226.88,535.28
143,1254,person,1497.52,1033.73,291.93,1016.44
143,1300,person,3782.82,1069.61,108.15,887.37
143,1328,person,2324.21,1150.5,372.73,836.95
144,1248,person,1253.93,1166.02,351.72,945.24
144,1249,person,547.42,1199.66,289.61,888.59
144,1250,person,3591.05,1114.77,317.55,869.38
144,1257,person,1864.92,1248.99,432.2,656.19
144,1265,person,2457.83,1188.73,343.98,811.57
144,1302,person,3395.94,1121.57,232.63,818.97
144,1259,person,2725.93,1109.35,545.3,941.27
144,1253,person,3201.25,878.34,228.72,588.56
144,1325,person,1465.07,1274.08,218.49,520.35
144,1254,person,1494.15,1029.92,287.7,1007.21
144,1300,person,3784.24,1060.65,106.3,867.95
144,1337,person,2350.07,892.15,206.31,331.1
145,1248,person,1256.06,1166.51,348.86,946.58
145,1249,person,547.25,1198.81,289.66,887.3
145,1250,person,3590.57,1111.95,317.56,869.63
145,1257,person,1863.63,1248.38,434.74,656.94
145,1265,person,2458.11,1187.7,343.5,813.91
145,1302,person,3395.87,1111.15,225.59,793.22
145,1259,person,2713.9,1109.33,549.23,943.49
145,1253,person,3202.29,876.98,228.76,586.77
145,1325,person,1465.56,1271.85,213.77,510.85
145,1254,person,1492.41,1034.61,290.2,1019.78
145,1300,person,3784.84,1061.17,106.82,871.42
145,1338,person,2321.22,1153.37,243.27,852.71
146,1248,person,1258.37,1167.47,345.45,947.43
146,1249,person,547.35,1198.34,289.99,887.55
146,1250,person,3590.1,1108.95,317.93,870.71
146,1257,person,1854.23,1247.61,436.09,661.98
146,1265,person,2457.75,1185.23,342.64,814.03
146,1302,person,3395.88,1113.99,226.42,798.09
146,1259,person,2728.41,1105.23,542.83,935.95
146,1253,person,3202.14,877.28,231.16,589.62
146,1254,person,1496.49,1024.97,284.65,997.32
147,1248,person,1259.45,1166.18,341.05,945.55
147,1249,person,547.4,1198.24,289.9,886.37
147,1250,person,3589.31,1109.32,318.33,871.75
147,1257,person,1856.4,1247.87,434.32,661.39
147,1265,person,2453.28,1184.77,342.95,814.59
147,1302,person,3396.02,1102.85,224.24,790.28
147,1259,person,2751.07,1101.84,531.86,926.68
147,1253,person,3207.83,875.98,231.62,587.33
147,1254,person,1498.47,1016.13,279.87,976.6
147,1339,person,2336.3,979.52,235.87,524.1
147,1300,person,3782.65,1052.03,105.98,853.28
148,1248,person,1260.27,1171.44,336.36,944.22
148,1249,person,547.22,1198.41,290.95,889.41
148,1250,person,3588.98,1107.63,319.03,871.64
148,1257,person,1851.11,1248.55,432.45,662.07
148,1265,person,2450.47,1182.49,343.34,814.31
148,1302,person,3393.33,1101.62,224.8,794.86
148,1259,person,2728.97,1103.96,539.18,934.51
148,1253,person,3207.35,876.87,234.83,590.01
148,1254,person,1504.83,1026.93,287.63,1002.89
148,1339,person,2337.46,977.41,234.35,520.59
149,1248,person,1262.88,1171.04,332.67,945.82
149,1249,person,547.2,1197.49,290.84,888.81
149,1250,person,3588.92,1105.87,320.3,873.74
149,1257,person,1850.69,1246.6,429.92,662.87
149,1265,person,2450.3,1181.81,343.55,814.11
149,1302,person,3392.25,1096.03,224.36,795.28
149,1259,person,2741.54,1103.56,534.3,931.67
149,1253,person,3208.82,876.11,237.53,590.96
149,1254,person,1507.19,1031.81,290.77,1016.57
149,1339,person,2337.63,975.15,233.15,517.42
150,1248,person,1267.07,1166.01,328.97,947.46
150,1249,person,547.24,1198.29,291.92,892.84
150,1250,person,3589.83,1103.47,322.79,880.21
150,1257,person,1850.55,1245.67,429.78,663.7
150,1265,person,2431.19,1179.93,351.95,818.88
150,1302,person,3392.57,1096.29,229.68,819.08
150,1259,person,2727.25,1102.35,539.8,936.48
150,1253,person,3206.61,875.13,239.01,592.17
150,1254,person,1509.89,1035.71,294.95,1035.33
150,1338,person,2319.68,1120.52,227.51,797.35
151,1248,person,1271.01,1167.06,324.5,946.29
151,1249,person,547.0,1197.95,291.18,890.03
151,1250,person,3588.34,1104.52,322.45,877.63
151,1257,person,1849.54,1245.53,426.25,663.22
151,1265,person,2423.26,1180.04,355.2,813.25
151,1302,person,3392.9,1094.63,228.19,817.37
151,1259,person,2754.2,1092.7,522.14,913.47
151,1253,person,3206.45,880.81,243.53,601.98
151,1254,person,1517.92,1043.31,289.88,1010.95
151,1339,person,2339.52,970.37,229.65,508.77
152,1248,person,1271.23,1161.56,320.09,943.34
152,1249,person,547.02,1199.35,293.66,898.99
152,1250,person,3588.69,1103.21,322.76,878.54
152,1257,person,1856.09,1242.45,426.04,661.88
152,1265,person,2445.7,1174.3,353.09,805.89
152,1302,person,3393.33,1081.31,224.23,803.96
152,1259,person,2766.05,1090.04,516.19,914.73
152,1253,person,3205.28,873.43,241.14,592.99
152,1254,person,1523.33,1046.12,287.77,997.1
152,1343,sports ball,2355.18,779.02,121.56,117.42
153,1248,person,1271.0,1161.69,314.29,934.74
153,1249,person,547.38,1202.87,294.52,903.72
153,1250,person,3587.42,1108.26,320.12,870.43
153,1257,person,1851.19,1244.08,425.26,660.57
153,1265,person,2458.38,1177.49,354.37,802.65
153,1302,person,3393.2,1087.76,226.09,813.99
153,1259,person,2771.63,1088.74,509.6,908.78
153,1253,person,3205.62,870.15,238.85,585.71
153,1254,person,1527.92,1031.72,287.82,998.67
153,1343,sports ball,2354.72,780.22,119.56,115.49
153,1339,person,2337.05,969.35,228.96,507.67
154,1248,person,1271.05,1156.95,314.55,945.14
154,1249,person,546.77,1200.0,293.96,902.72
154,1250,person,3588.06,1106.04,321.25,872.68
154,1257,person,1853.68,1242.63,427.59,663.91
154,1265,person,2456.55,1176.7,356.12,804.22
154,1302,person,3394.0,1077.13,222.16,800.11
154,1259,person,2758.82,1096.17,518.16,927.64
154,1253,person,3204.33,869.21,240.65,587.52
154,1254,person,1529.41,1033.51,288.6,996.56
154,1337,person,2335.44,875.39,197.09,315.8
155,1248,person,1269.44,1156.0,312.26,944.82
155,1249,person,546.21,1199.59,293.6,901.94
155,1250,person,3588.48,1104.68,322.06,874.28
155,1257,person,1852.97,1241.62,427.79,663.74
155,1265,person,2449.63,1175.58,355.05,802.53
155,1302,person,3393.9,1072.47,219.68,791.28
155,1259,person,2762.06,1094.18,512.67,923.59
155,1253,person,3203.57,869.31,241.65,587.81
155,1254,person,1533.83,955.49,253.1,857.64
155,1337,person,2334.78,873.56,195.36,312.51
156,1248,person,1269.81,1155.35,310.87,946.54
156,1249,person,546.54,1197.59,292.66,899.46
156,1250,person,3587.53,1103.04,322.35,874.01
156,1257,person,1855.29,1239.52,425.92,660.48
156,1265,person,2463.07,1176.72,363.42,814.49
156,1302,person,3394.33,1069.85,218.76,788.51
156,1259,person,2765.04,1089.81,507.12,917.51
156,1253,person,3205.29,862.74,238.74,577.67
156,1254,person,1524.89,936.67,251.62,848.22
156,1337,person,2332.49,870.72,196.11,313.79
156,1338,person,2321.31,1114.28,229.69,812.4
157,1248,person,1268.68,1156.97,308.48,943.71
157,1249,person,547.38,1195.72,291.53,896.8
157,1250,person,3587.35,1101.68,322.75,874.28
157,1257,person,1855.62,1238.93,425.4,658.72
157,1265,person,2481.0,1178.47,374.7,824.84
157,1302,person,3394.73,1075.33,221.2,799.73
157,1259,person,2766.19,1084.55,500.17,907.16
157,1253,person,3206.56,859.53,237.45,572.28
157,1254,person,1522.01,911.92,240.79,806.37
157,1337,person,2330.59,871.97,200.66,322.84
157,1347,person,3567.19,735.17,148.39,277.11
157,1338,person,2321.95,1098.96,220.38,785.08
157,1343,sports ball,2355.36,773.44,123.53,119.63
158,1248,person,1267.66,1157.73,306.33,942.28
158,1249,person,547.67,1196.96,291.7,898.6
158,1250,person,3587.1,1102.09,322.82,872.94
158,1257,person,1857.43,1237.69,424.53,657.88
158,1265,person,2461.1,1175.16,371.1,817.35
158,1302,person,3395.36,1053.16,211.18,758.16
158,1259,person,2766.55,1087.17,500.56,911.42
158,1253,person,3206.37,859.32,238.33,572.19
158,1254,person,1522.42,984.72,282.28,955.96
158,1337,person,2328.85,875.44,201.71,327.22
158,1347,person,3571.01,733.08,148.04,276.01
158,1338,person,2321.07,1106.7,220.8,797.09
158,1348,sports ball,3591.53,639.08,109.03,88.83
159,1248,person,1266.93,1157.75,304.48,942.61
159,1249,person,549.09,1197.98,292.01,901.83
159,1250,person,3587.45,1101.28,323.01,872.1
159,1257,person,1849.09,1237.07,423.0,652.86
159,1265,person,2426.73,1172.47,369.12,817.23
159,1302,person,3395.67,1069.1,218.31,786.68
159,1259,person,2755.95,1099.25,514.14,938.74
159,1253,person,3207.36,858.01,238.04,570.74
159,1254,person,1533.49,994.88,288.92,970.64
159,1337,person,2327.09,883.66,209.7,344.83
159,1348,sports ball,3600.76,633.5,104.53,85.02
160,1248,person,1267.48,1158.85,302.45,942.13
160,1249,person,548.14,1197.35,291.25,900.3
160,1250,person,3586.99,1102.17,323.12,871.24
160,1257,person,1853.28,1237.77,423.91,654.03
160,1265,person,2404.24,1172.57,365.2,811.17
160,1302,person,3395.33,1076.52,220.44,796.59
160,1259,person,2767.38,1089.77,500.38,918.73
160,1253,person,3207.08,858.73,239.03,571.45
160,1254,person,1540.58,995.28,292.51,970.8
160,1337,person,2327.78,877.88,200.85,332.9
161,1248,person,1267.92,1158.43,300.68,941.3
161,1249,person,549.44,1199.49,292.13,905.37
161,1250,person,3589.0,1109.45,317.91,852.36
161,1257,person,1843.89,1236.33,425.19,651.33
161,1265,person,2387.79,1171.88,367.05,814.46
161,1302,person,3396.44,1081.57,221.9,804.54
161,1259,person,2773.65,1089.19,498.8,925.9
161,1253,person,3204.54,859.12,241.67,575.44
161,1254,person,1542.32,992.21,294.82,969.01
161,1337,person,2325.76,873.05,195.76,328.11
161,1352,elephant,2718.86,1394.37,542.58,538.21
162,1248,person,1267.8,1158.76,298.53,940.53
162,1249,person,549.11,1198.58,290.72,902.47
162,1250,person,3588.66,1112.76,317.15,845.99
162,1257,person,1845.84,1237.53,426.95,654.51
162,1265,person,2393.3,1172.8,373.72,814.89
162,1302,person,3396.44,1082.64,221.59,805.3
162,1259,person,2785.59,1093.01,494.09,931.48
162,1253,person,3204.38,860.5,242.18,574.05
162,1337,person,2323.37,870.53,187.91,318.25
162,1352,elephant,2714.02,1400.44,556.64,552.62
162,1309,person,1513.51,759.7,227.64,502.76
163,1248,person,1268.38,1158.42,296.68,938.23
163,1249,person,548.95,1200.85,292.15,908.42
163,1250,person,3589.22,1105.15,323.32,861.68
163,1257,person,1844.57,1235.15,427.54,653.18
163,1265,person,2383.57,1174.2,374.71,812.46
163,1302,person,3396.42,1082.7,221.42,807.17
163,1259,person,2763.62,1121.22,524.67,996.87
163,1253,person,3203.99,861.48,244.43,577.77
163,1309,person,1533.67,791.35,269.47,572.49
164,1248,person,1266.31,1157.32,296.34,940.07
164,1249,person,549.49,1200.74,291.28,907.66
164,1250,person,3587.82,1102.08,325.39,865.99
164,1257,person,1842.43,1234.03,428.93,652.89
164,1265,person,2354.79,1187.75,361.89,791.71
164,1302,person,3396.53,1077.17,217.93,796.13
164,1259,person,2746.39,1136.47,540.26,1025.86
164,1253,person,3203.82,860.35,243.98,574.95
164,1343,sports ball,2351.97,764.05,107.74,103.63
164,1254,person,1548.73,966.34,285.32,915.94
165,1248,person,1265.25,1156.48,295.26,938.7
165,1249,person,549.76,1201.39,291.05,908.48
165,1250,person,3587.77,1101.36,327.23,871.66
165,1257,person,1840.11,1233.46,431.5,653.96
165,1265,person,2348.27,1189.88,358.17,787.95
165,1302,person,3396.9,1070.19,214.34,782.05
165,1259,person,2750.81,1135.92,536.67,1027.5
165,1253,person,3202.95,861.0,245.52,576.56
165,1309,person,1546.24,805.05,286.72,600.53
166,1248,person,1265.19,1156.89,295.12,940.56
166,1249,person,549.12,1200.59,290.19,907.02
166,1250,person,3586.04,1100.13,328.31,874.59
166,1257,person,1832.74,1234.36,435.27,655.1
166,1265,person,2347.08,1178.18,368.7,814.06
166,1302,person,3396.49,1071.15,215.43,786.78
166,1259,person,2740.31,1130.06,534.08,1014.8
166,1253,person,3203.56,861.6,246.43,577.67
166,1309,person,1550.61,810.23,293.08,612.5
167,1248,person,1267.26,1156.63,293.09,937.17
167,1249,person,548.85,1200.71,289.8,906.62
167,1250,person,3585.77,1100.03,328.44,875.67
167,1257,person,1839.03,1233.5,434.42,654.28
167,1265,person,2343.57,1174.34,370.11,820.14
167,1302,person,3396.58,1065.96,212.77,776.03
167,1259,person,2735.99,1126.02,532.29,1002.73
167,1253,person,3204.16,861.04,246.65,576.89
167,1309,person,1553.64,844.6,325.63,688.69
168,1248,person,1268.16,1157.1,291.66,934.21
168,1249,person,548.27,1202.68,290.42,909.49
168,1250,person,3585.34,1098.65,329.2,878.61
168,1257,person,1841.17,1233.3,434.24,653.56
168,1265,person,2341.17,1174.94,370.93,822.95
168,1302,person,3395.63,1065.19,213.22,777.33
168,1259,person,2736.36,1121.02,534.41,994.46
168,1253,person,3203.08,861.1,247.92,578.49
168,1309,person,1549.48,858.35,338.42,722.09
169,1248,person,1269.82,1156.87,293.19,937.61
169,1249,person,548.4,1202.19,289.77,907.98
169,1250,person,3585.22,1098.64,329.09,879.44
169,1257,person,1844.09,1233.36,435.41,655.44
169,1265,person,2330.29,1173.66,370.64,828.97
169,1302,person,3395.17,1062.65,212.53,773.35
169,1259,person,2742.36,1115.87,534.41,984.98
169,1253,person,3202.88,861.34,248.71,579.31
169,1309,person,1546.22,865.59,343.8,740.54
170,1248,person,1270.17,1156.45,293.94,938.23
170,1249,person,547.86,1199.59,289.18,906.08
170,1250,person,3584.57,1098.46,328.88,879.9
170,1257,person,1843.31,1233.95,436.09,656.83
170,1265,person,2318.54,1177.68,366.33,824.29
170,1302,person,3394.58,1059.58,211.26,766.91
170,1259,person,2750.29,1104.96,521.88,962.39
170,1253,person,3201.72,861.45,249.59,579.83
170,1254,person,1545.66,1007.09,317.58,1013.89
171,1248,person,1269.48,1158.54,294.23,935.77
171,1249,person,547.73,1199.98,289.43,907.06
171,1250,person,3585.01,1098.43,328.21,879.31
171,1257,person,1838.78,1235.08,438.7,659.9
171,1265,person,2302.7,1180.16,363.04,822.08
171,1302,person,3394.49,1058.35,211.0,764.51
171,1259,person,2751.87,1109.77,530.61,972.41
171,1253,person,3201.95,861.42,250.23,580.0
171,1254,person,1544.66,1012.38,322.26,1025.11
172,1248,person,1265.96,1159.24,295.52,934.16
172,1249,person,547.05,1198.56,288.7,904.18
172,1250,person,3584.62,1098.12,327.56,878.37
172,1257,person,1841.79,1236.31,439.05,660.17
172,1265,person,2292.87,1187.94,354.8,805.96
172,1302,person,3394.13,1048.34,206.27,743.96
172,1259,person,2756.15,1101.89,521.11,954.62
172,1253,person,3201.81,861.77,251.13,580.81
172,1254,person,1543.77,1014.18,324.34,1029.53
172,1338,person,2416.77,1135.38,255.73,873.75
173,1248,person,1263.8,1160.26,297.54,933.97
173,1249,person,547.93,1198.74,287.87,902.05
173,1250,person,3583.8,1097.74,327.9,880.03
173,1257,person,1843.17,1236.62,440.61,660.96
173,1265,person,2282.07,1190.93,351.38,802.02
173,1302,person,3393.52,1039.46,202.43,725.77
173,1259,person,2756.66,1097.76,515.31,945.03
173,1253,person,3201.84,861.5,251.37,580.28
173,1254,person,1543.72,1016.02,325.77,1034.07
173,1338,person,2415.24,1134.66,264.58,873.1
174,1248,person,1264.19,1160.41,299.02,932.7
174,1249,person,549.4,1200.44,287.51,902.4
174,1250,person,3585.1,1097.63,327.54,880.62
174,1257,person,1855.92,1237.24,438.66,661.37
174,1265,person,2265.34,1190.36,349.26,804.93
174,1302,person,3393.57,1054.18,210.25,754.54
174,1259,person,2760.27,1095.33,512.28,939.9
174,1253,person,3202.45,861.64,252.27,582.17
174,1254,person,1544.79,1012.62,326.62,1035.06
174,1338,person,2417.26,1132.07,271.73,868.58
175,1248,person,1265.66,1160.54,300.94,931.5
175,1249,person,549.89,1201.03,287.09,902.37
175,1250,person,3585.12,1098.26,325.42,876.51
175,1257,person,1864.57,1237.76,435.94,661.71
175,1265,person,2257.0,1190.09,347.29,807.24
175,1302,person,3393.55,1072.67,219.62,792.47
175,1259,person,2758.55,1095.6,512.17,941.09
175,1253,person,3203.61,861.37,252.08,581.62
175,1254,person,1543.26,1010.59,327.13,1034.3
175,1338,person,2424.08,1133.78,280.32,870.0
176,1248,person,1269.86,1160.65,303.49,928.22
176,1249,person,549.71,1201.88,286.89,903.12
176,1250,person,3584.75,1097.06,326.15,879.02
176,1257,person,1867.42,1238.15,433.05,661.76
176,1265,person,2257.5,1189.45,346.91,806.84
176,1302,person,3392.65,1072.63,219.1,793.16
176,1259,person,2754.81,1113.71,530.73,975.52
176,1253,person,3202.95,861.15,252.08,581.26
176,1254,person,1542.15,1014.41,328.86,1036.83
176,1338,person,2414.4,1134.86,281.6,864.83
177,1248,person,1273.36,1161.48,305.37,924.04
177,1249,person,550.65,1202.58,286.41,903.58
177,1250,person,3584.69,1096.8,326.13,879.99
177,1257,person,1871.06,1238.65,431.19,662.6
177,1265,person,2253.51,1189.27,347.48,806.5
177,1302,person,3392.57,1072.9,218.61,793.67
177,1259,person,2753.82,1128.22,543.62,1004.92
177,1253,person,3202.76,861.0,252.0,580.6
177,1254,person,1541.37,1013.61,329.01,1033.89
177,1338,person,2406.05,1129.66,279.95,854.27
178,1248,person,1278.92,1162.0,308.78,922.99
178,1249,person,550.41,1202.52,285.8,902.94
178,1250,person,3583.87,1097.36,325.94,879.5
178,1257,person,1869.25,1238.86,427.89,661.41
178,1265,person,2253.36,1188.54,350.04,808.64
178,1302,person,3392.35,1067.29,215.55,783.21
178,1259,person,2753.8,1127.22,541.83,1006.5
178,1253,person,3202.79,861.49,252.49,581.5
178,1254,person,1539.18,1011.07,328.09,1029.87
178,1338,person,2403.7,1129.77,281.05,852.81
179,1248,person,1283.86,1162.01,313.32,922.56
179,1249,person,549.6,1201.81,285.41,902.48
179,1250,person,3583.37,1096.84,325.93,879.83
179,1257,person,1867.33,1237.55,425.11,662.08
179,1265,person,2248.14,1187.74,350.52,806.94
179,1302,person,3392.01,1071.51,217.53,792.3
179,1259,person,2739.89,1130.62,545.84,1013.09
179,1253,person,3204.12,858.7,250.96,577.56
179,1254,person,1537.72,1010.14,327.44,1027.21
179,1338,person,2398.74,1125.95,279.1,844.25
180,1248,person,1284.34,1163.84,317.34,921.02
180,1249,person,550.39,1201.94,284.83,902.47
180,1250,person,3583.18,1097.97,325.9,879.79
180,1257,person,1864.63,1238.42,422.38,662.09
180,1265,person,2229.44,1191.53,348.93,811.78
180,1302,person,3393.0,1078.41,220.51,807.09
180,1259,person,2741.47,1119.8,535.99,988.24
180,1253,person,3204.36,860.45,252.02,579.76
180,1254,person,1538.09,1011.05,327.48,1025.74
180,1338,person,2389.4,1129.88,276.92,845.13
180,1359,person,3779.31,1055.28,119.33,882.73
181,1248,person,1285.69,1164.43,321.14,920.84
181,1249,person,550.19,1201.74,284.42,902.64
181,1250,person,3583.4,1096.91,325.91,879.16
181,1257,person,1861.41,1237.97,420.12,663.44
181,1265,person,2222.99,1188.44,347.36,813.76
181,1302,person,3392.84,1059.67,211.15,769.88
181,1259,person,2741.19,1116.9,536.72,989.01
181,1253,person,3204.23,858.41,251.6,577.52
181,1254,person,1538.5,1014.95,330.08,1032.89
181,1338,person,2384.86,1129.64,274.34,845.57
181,1359,person,3779.73,1054.85,118.51,876.62
182,1248,person,1290.16,1167.17,325.27,920.0
182,1249,person,549.91,1202.15,283.97,902.29
182,1250,person,3583.82,1097.12,325.55,879.24
182,1257,person,1862.11,1237.65,417.3,661.88
182,1265,person,2235.22,1188.24,350.89,817.55
182,1302,person,3393.45,1078.26,220.03,807.27
182,1259,person,2747.48,1108.47,523.63,967.6
182,1253,person,3204.41,861.33,254.0,582.88
182,1254,person,1540.32,1017.46,330.27,1033.87
182,1338,person,2380.35,1131.56,271.0,844.74
182,1359,person,3779.27,1055.36,118.63,877.28
183,1248,person,1292.22,1167.64,328.46,918.24
183,1249,person,549.2,1201.78,283.67,901.97
183,1250,person,3583.75,1095.86,325.8,880.59
183,1257,person,1859.29,1237.06,416.8,663.63
183,1265,person,2243.79,1186.09,354.75,819.32
183,1302,person,3392.31,1079.28,220.3,810.76
183,1259,person,2750.2,1109.36,523.21,971.4
183,1253,person,3203.41,859.01,252.85,579.03
183,1254,person,1539.33,1018.48,331.71,1036.71
183,1338,person,2381.96,1131.8,268.38,842.42
183,1359,person,3781.2,1052.25,117.6,873.91
184,1248,person,1293.83,1168.49,331.43,914.22
184,1249,person,549.07,1202.06,283.45,901.8
184,1250,person,3583.82,1096.36,325.8,880.74
184,1257,person,1860.08,1238.3,413.01,659.91
184,1265,person,2244.49,1185.44,357.55,820.52
184,1302,person,3391.87,1082.74,221.16,817.32
184,1259,person,2752.76,1108.97,518.31,967.87
184,1253,person,3202.94,859.14,252.79,577.91
184,1254,person,1538.53,1017.16,331.5,1033.54
184,1338,person,2389.76,1136.94,271.77,852.87
184,1359,person,3780.51,1073.4,118.98,911.37
185,1248,person,1295.68,1170.77,333.77,910.57
185,1249,person,548.93,1202.32,283.38,902.29
185,1250,person,3583.95,1097.01,325.72,879.97
185,1257,person,1858.17,1237.3,412.45,661.76
185,1265,person,2244.51,1185.35,359.84,821.52
185,1302,person,3393.25,1060.49,213.42,786.95
185,1259,person,2752.54,1103.18,510.54,956.61
185,1253,person,3203.28,857.19,252.05,574.64
185,1254,person,1536.38,1009.64,329.99,1025.51
185,1338,person,2393.33,1131.88,268.51,841.87
185,1359,person,3780.98,1074.78,118.04,910.91
186,1248,person,1302.66,1171.98,338.05,906.56
186,1249,person,549.39,1202.8,283.15,902.37
186,1250,person,3584.76,1097.27,325.7,878.98
186,1257,person,1857.98,1237.24,411.65,662.58
186,1265,person,2236.51,1184.11,358.39,819.09
186,1302,person,3394.01,1039.26,204.74,749.64
186,1259,person,2752.62,1101.52,511.01,960.62
186,1253,person,3203.42,856.24,251.99,572.97
186,1254,person,1536.18,1008.47,330.81,1026.42
186,1338,person,2396.38,1135.38,269.87,847.32
186,1359,person,3781.71,1069.0,116.59,894.59
187,1248,person,1308.79,1174.3,344.01,901.18
187,1249,person,550.26,1202.6,282.54,901.54
187,1250,person,3584.6,1098.42,325.17,876.99
187,1257,person,1856.77,1237.32,411.03,663.18
187,1265,person,2222.55,1185.4,354.94,819.33
187,1302,person,3391.96,1066.74,215.64,792.91
187,1259,person,2744.14,1103.61,518.31,964.99
187,1253,person,3203.71,855.46,251.96,571.6
187,1254,person,1535.96,1006.36,331.16,1023.88
187,1338,person,2397.82,1133.48,267.88,841.2
188,1248,person,1310.29,1175.38,350.75,898.4
188,1249,person,550.83,1202.86,282.33,901.56
188,1250,person,3586.1,1098.74,325.93,877.01
188,1257,person,1856.93,1237.72,410.25,662.96
188,1265,person,2222.55,1185.2,352.46,819.52
188,1302,person,3391.18,1072.29,216.45,797.5
188,1259,person,2743.93,1101.46,512.87,954.73
188,1253,person,3204.31,855.83,253.0,572.39
188,1254,person,1534.89,1005.65,332.34,1023.25
188,1338,person,2402.4,1140.93,269.97,847.69
189,1248,person,1309.07,1176.99,358.74,895.9
189,1249,person,551.99,1202.8,281.84,900.81
189,1250,person,3587.81,1099.57,326.44,875.71
189,1257,person,1858.71,1238.32,409.17,659.34
189,1265,person,2214.96,1188.15,346.95,817.74
189,1302,person,3390.45,1081.86,219.01,809.52
189,1259,person,2748.44,1099.12,510.73,947.21
189,1253,person,3203.03,858.25,255.57,577.59
189,1254,person,1536.3,1006.04,333.88,1024.93
189,1338,person,2399.5,1145.93,271.75,855.41
190,1248,person,1305.53,1177.23,366.06,895.07
190,1249,person,551.56,1203.4,282.31,901.27
190,1250,person,3589.04,1098.49,327.25,875.0
190,1257,person,1858.07,1237.49,411.71,662.67
190,1265,person,2211.0,1186.23,343.33,820.21
190,1302,person,3390.46,1066.69,211.67,779.78
190,1259,person,2752.63,1088.36,498.1,924.68
190,1253,person,3204.0,857.3,255.37,575.95
190,1254,person,1543.47,1010.26,333.91,1028.78
190,1338,person,2400.54,1146.53,270.68,852.96
191,1248,person,1305.52,1179.03,372.0,893.3
191,1249,person,551.91,1203.84,282.28,900.65
191,1250,person,3587.5,1098.88,327.85,875.27
191,1257,person,1857.09,1238.57,411.25,658.81
191,1265,person,2210.57,1186.37,339.8,822.09
191,1302,person,3390.37,1080.76,218.07,805.0
191,1259,person,2751.47,1090.49,500.37,927.73
191,1253,person,3203.07,858.58,256.42,577.88
191,1254,person,1546.69,1013.32,333.19,1030.98
191,1338,person,2401.6,1149.18,269.92,853.72
192,1248,person,1302.0,1179.38,373.76,887.97
192,1249,person,551.86,1203.97,282.67,900.96
192,1250,person,3584.01,1097.81,327.58,875.09
192,1257,person,1857.13,1238.37,414.44,661.68
192,1265,person,2215.7,1186.42,335.26,819.37
192,1302,person,3390.38,1072.83,214.31,789.14
192,1259,person,2750.51,1091.47,501.67,929.74
192,1253,person,3203.28,857.86,255.99,576.25
192,1254,person,1551.89,1011.88,330.49,1030.9
192,1338,person,2406.08,1145.54,268.38,848.51
193,1248,person,1304.65,1179.55,380.3,890.56
193,1249,person,552.05,1204.8,283.22,900.94
193,1250,person,3583.21,1098.54,327.75,876.54
193,1257,person,1847.39,1237.81,419.96,661.85
193,1265,person,2221.53,1187.99,332.6,818.9
193,1302,person,3390.86,1083.34,220.09,812.09
193,1259,person,2753.77,1095.97,510.15,944.0
193,1253,person,3202.61,858.63,256.87,577.92
193,1254,person,1553.73,1013.37,328.73,1033.5
193,1338,person,2407.51,1144.23,267.73,847.21
193,1359,person,3778.93,1062.92,117.06,872.74
194,1248,person,1304.14,1179.67,384.99,891.31
194,1249,person,552.84,1205.93,283.93,901.02
194,1250,person,3582.23,1097.85,327.81,877.1
194,1257,person,1849.34,1237.98,423.22,661.99
194,1265,person,2237.84,1185.6,332.31,817.19
194,1302,person,3390.59,1081.34,219.05,808.39
194,1259,person,2756.5,1101.41,517.94,959.24
194,1253,person,3203.3,858.67,256.9,577.55
194,1254,person,1553.32,1011.47,326.79,1033.25
194,1338,person,2410.25,1142.11,266.27,841.55
195,1248,person,1304.57,1180.74,389.94,891.56
195,1249,person,553.05,1206.74,284.39,899.72
195,1250,person,3582.1,1097.58,327.82,877.67
195,1257,person,1850.51,1238.12,425.68,661.64
195,1265,person,2249.23,1186.25,333.03,814.26
195,1302,person,3390.71,1078.26,218.1,804.27
195,1259,person,2757.98,1113.02,529.95,975.29
195,1253,person,3203.49,858.23,256.7,576.78
195,1254,person,1551.84,1005.73,323.65,1024.21
195,1338,person,2410.0,1144.18,267.92,846.39
196,1248,person,1307.15,1181.45,394.28,892.25
196,1249,person,551.42,1208.57,285.08,896.94
196,1250,person,3582.09,1097.23,328.13,878.74
196,1257,person,1851.27,1238.23,428.71,661.52
196,1265,person,2256.72,1187.75,333.6,808.88
196,1302,person,3390.63,1075.68,217.95,803.13
196,1259,person,2759.18,1119.64,537.35,984.25
196,1253,person,3203.54,857.85,256.64,576.69
196,1254,person,1549.58,1002.89,322.82,1020.8
196,1338,person,2408.5,1149.19,270.06,849.88
197,1248,person,1313.74,1182.61,399.79,894.73
197,1249,person,550.35,1209.07,284.56,889.34
197,1250,person,3582.25,1097.1,328.22,879.88
197,1257,person,1849.88,1237.64,431.24,661.42
197,1265,person,2257.46,1188.69,334.74,807.81
197,1302,person,3390.32,1078.4,219.52,809.84
197,1259,person,2753.06,1132.86,551.41,1010.1
197,1253,person,3203.3,857.64,256.54,576.35
197,1254,person,1543.23,1004.65,325.31,1024.41
197,1338,person,2408.07,1153.6,273.17,851.9
197,1363,sports ball,3546.42,615.57,109.64,92.65
198,1248,person,1323.15,1181.74,400.3,888.19
198,1249,person,550.33,1212.26,283.64,878.49
198,1250,person,3582.29,1096.7,328.35,880.45
198,1257,person,1854.27,1238.11,432.21,661.25
198,1265,person,2253.8,1189.18,332.99,801.91
198,1302,person,3389.96,1073.26,217.17,799.95
198,1259,person,2750.55,1130.17,548.94,1004.65
198,1253,person,3203.48,857.1,255.99,575.16
198,1254,person,1542.09,1001.0,324.13,1016.84
198,1338,person,2408.22,1151.82,275.7,845.95
198,1363,sports ball,3546.12,615.38,110.3,93.22
199,1248,person,1330.55,1182.84,402.12,884.94
199,1249,person,549.03,1216.63,282.75,866.67
199,1250,person,3582.56,1096.94,328.17,880.65
199,1257,person,1853.59,1238.11,434.4,661.4
199,1265,person,2247.79,1191.19,329.46,796.45
199,1302,person,3389.6,1075.94,218.16,804.11
199,1259,person,2749.58,1125.74,546.56,994.89
199,1253,person,3202.69,857.48,256.45,576.33
199,1254,person,1538.85,1001.62,325.99,1017.14
199,1338,person,2408.17,1155.03,280.81,851.03
199,1363,sports ball,3544.97,614.77,103.98,87.65
199,1359,person,3780.15,1056.72,115.94,862.28
200,1248,person,1334.62,1183.69,403.76,883.2
200,1249,person,547.19,1222.88,282.35,853.9
200,1250,person,3582.06,1096.78,328.13,880.8
200,1257,person,1855.37,1237.43,436.05,662.82
200,1265,person,2249.83,1193.02,328.59,794.91
200,1302,person,3389.26,1076.81,218.55,806.23
200,1259,person,2752.94,1119.5,542.53,984.41
200,1253,person,3202.97,857.15,256.02,575.56
200,1254,person,1538.71,1005.7,328.58,1021.83
200,1338,person,2410.09,1153.68,284.34,847.58
200,1363,sports ball,3545.23,614.56,109.59,92.41
201,1248,person,1338.9,1183.56,404.77,878.9
201,1249,person,545.58,1230.17,282.62,842.22
201,1250,person,3582.19,1096.49,327.8,880.58
201,1257,person,1855.34,1236.92,437.31,663.68
201,1265,person,2257.78,1196.87,328.37,789.35
201,1302,person,3389.84,1080.46,219.82,811.66
201,1259,person,2755.23,1113.68,540.79,975.35
201,1253,person,3202.26,857.23,256.03,575.69
201,1254,person,1539.72,1009.11,330.36,1024.95
201,1338,person,2422.09,1148.94,291.3,847.07
201,1363,sports ball,3545.06,614.71,111.01,93.66
202,1248,person,1338.89,1184.45,405.84,876.06
202,1249,person,545.86,1238.29,282.4,829.08
202,1250,person,3582.31,1096.23,327.53,880.31
202,1257,person,1856.56,1236.59,438.27,664.57
202,1265,person,2260.0,1197.78,329.95,788.96
202,1302,person,3390.13,1078.8,218.85,807.9
202,1259,person,2769.42,1117.45,542.98,986.18
202,1253,person,3202.8,857.31,255.96,575.12
202,1254,person,1539.16,1007.73,330.29,1021.34
202,1338,person,2449.12,1150.24,307.87,864.92
202,1363,sports ball,3545.47,614.15,111.16,93.83
203,1248,person,1335.62,1185.95,408.44,874.64
203,1249,person,540.61,1245.83,283.44,817.67
203,1250,person,3582.61,1096.11,327.01,879.65
203,1257,person,1858.03,1235.81,438.15,665.04
203,1265,person,2261.23,1194.79,333.27,793.61
203,1302,person,3388.17,1059.44,210.01,769.55
203,1259,person,2769.98,1120.97,542.58,993.66
203,1253,person,3204.55,856.01,254.56,572.03
203,1254,person,1537.04,1005.0,332.65,1023.25
203,1338,person,2424.7,1149.72,307.52,865.75
203,1363,sports ball,3545.92,613.71,111.4,94.09
203,1365,skateboard,1160.26,1363.25,149.0,457.55
204,1248,person,1337.39,1187.1,411.02,874.23
204,1249,person,540.08,1251.12,282.55,801.63
204,1250,person,3582.74,1096.33,327.07,880.22
204,1257,person,1855.19,1235.59,437.6,663.96
204,1265,person,2263.05,1192.44,334.92,792.99
204,1302,person,3387.76,1056.11,208.48,760.16
204,1259,person,2765.86,1108.55,523.35,965.38
204,1253,person,3205.01,855.84,254.34,571.32
204,1254,person,1536.2,1003.64,334.16,1023.35
204,1338,person,2416.34,1140.55,303.99,856.06
204,1363,sports ball,3547.21,613.34,110.82,93.52
204,1365,skateboard,1151.97,1359.6,149.72,459.77
205,1248,person,1340.62,1189.29,413.18,872.85
205,1249,person,542.36,1259.58,276.56,769.27
205,1250,person,3582.97,1096.16,327.17,881.44
205,1257,person,1853.42,1235.67,437.12,663.03
205,1265,person,2262.42,1193.0,336.59,793.55
205,1302,person,3387.45,1065.65,213.06,776.94
205,1259,person,2763.38,1105.38,515.81,957.21
205,1253,person,3203.99,856.19,254.63,572.03
205,1254,person,1535.53,1002.92,335.38,1022.64
205,1338,person,2432.53,1142.77,308.84,872.6
205,1363,sports ball,3549.76,613.76,109.65,92.24
205,1365,skateboard,1153.49,1380.89,137.97,422.72
206,1248,person,1341.99,1190.54,416.31,874.51
206,1249,person,543.76,1268.52,274.88,750.0
206,1250,person,3582.95,1096.28,326.94,881.58
206,1257,person,1854.06,1235.75,436.38,662.24
206,1265,person,2262.51,1191.84,337.8,790.54
206,1302,person,3386.91,1066.75,214.08,780.08
206,1259,person,2763.58,1102.45,509.36,950.82
206,1253,person,3203.99,855.9,254.46,571.56
206,1254,person,1536.98,1012.08,338.55,1030.26
206,1338,person,2438.22,1141.59,309.44,876.58
206,1363,sports ball,3552.48,614.2,111.64,93.58
206,1365,skateboard,1151.92,1387.38,135.55,413.95
207,1248,person,1341.63,1191.44,417.37,871.65
207,1249,person,540.49,1284.94,274.12,734.49
207,1250,person,3582.95,1096.3,326.9,882.13
207,1257,person,1852.22,1235.66,436.38,661.59
207,1265,person,2262.21,1192.38,339.5,789.69
207,1302,person,3386.49,1073.25,217.66,794.23
207,1259,person,2760.52,1096.03,500.5,937.17
207,1253,person,3203.48,856.37,255.11,572.94
207,1254,person,1538.24,1015.51,339.94,1033.54
207,1338,person,2442.91,1139.61,309.9,876.29
207,1363,sports ball,3554.33,614.88,107.8,89.17
207,1365,skateboard,1154.77,1382.98,135.61,413.48
207,1359,person,3778.98,1064.67,118.51,878.6
208,1248,person,1342.46,1191.55,418.2,870.27
208,1249,person,537.89,1300.57,270.53,709.19
208,1250,person,3582.71,1096.48,327.0,882.72
208,1257,person,1845.44,1235.39,439.19,661.21
208,1265,person,2261.32,1194.34,341.55,789.7
208,1302,person,3386.9,1078.11,220.42,805.79
208,1259,person,2763.48,1094.95,496.77,934.23
208,1253,person,3203.85,856.72,255.39,573.37
208,1254,person,1537.71,1016.77,340.64,1033.87
208,1338,person,2447.2,1138.29,310.23,875.09
208,1363,sports ball,3559.53,614.76,106.41,86.93
208,1359,person,3779.45,1064.96,118.57,878.81
209,1248,person,1339.16,1192.24,418.78,867.47
209,1249,person,533.71,1315.51,266.29,681.37
209,1250,person,3582.17,1096.88,326.95,882.57
209,1257,person,1840.0,1235.61,442.54,660.3
209,1265,person,2259.21,1195.24,343.99,791.86
209,1302,person,3387.13,1083.22,222.01,813.63
209,1259,person,2764.76,1097.91,497.43,939.44
209,1253,person,3203.41,858.32,255.47,573.63
209,1254,person,1538.62,1017.52,341.15,1034.54
209,1338,person,2442.87,1137.9,306.38,871.75
209,1363,sports ball,3564.96,614.98,104.88,84.66
209,1359,person,3779.18,1066.17,119.1,881.89
210,1248,person,1335.27,1194.17,416.74,858.42
210,1249,person,528.48,1329.23,261.7,652.93
210,1250,person,3582.19,1096.93,326.86,882.31
210,1257,person,1841.65,1235.65,445.53,659.5
210,1265,person,2258.16,1192.94,346.65,795.27
210,1302,person,3387.4,1085.88,222.1,815.47
210,1259,person,2763.37,1094.08,490.92,929.65
210,1253,person,3203.84,858.67,255.01,572.42
210,1254,person,1539.84,1016.65,340.8,1033.5
210,1338,person,2444.16,1138.71,302.53,865.5
210,1363,sports ball,3569.86,614.08,107.66,85.76
210,1359,person,3779.71,1065.84,118.79,880.31
211,1248,person,1332.88,1194.88,417.4,854.77
211,1249,person,525.43,1344.14,258.19,625.71
211,1250,person,3582.2,1097.26,326.8,882.05
211,1257,person,1838.7,1235.64,449.27,660.06
211,1265,person,2258.84,1191.49,348.65,797.14
211,1302,person,3387.52,1080.96,219.09,803.81
211,1259,person,2762.86,1097.19,493.1,937.79
211,1253,person,3204.1,859.0,255.29,572.87
211,1254,person,1541.2,1015.26,339.91,1031.69
211,1338,person,2425.51,1139.52,300.34,864.53
211,1363,sports ball,3575.0,613.11,113.55,89.43
211,1359,person,3779.91,1066.59,118.81,881.42
211,1365,skateboard,1149.62,1379.55,139.01,421.44
212,1248,person,1329.79,1199.86,416.25,844.66
212,1249,person,517.11,1353.01,257.61,609.53
212,1250,person,3581.63,1097.11,327.07,882.5
212,1257,person,1842.93,1235.7,451.57,660.54
212,1265,person,2256.69,1188.47,351.46,801.13
212,1302,person,3387.83,1076.05,217.16,795.52
212,1259,person,2759.36,1095.82,490.19,933.6
212,1253,person,3204.5,859.03,255.35,572.88
212,1254,person,1540.7,1016.2,340.26,1032.2
212,1338,person,2419.58,1143.38,298.03,862.13
212,1363,sports ball,3579.77,612.28,120.76,94.63
213,1248,person,1330.79,1205.02,415.93,836.84
213,1249,person,517.95,1363.8,255.82,580.19
213,1250,person,3582.66,1096.24,327.61,883.22
213,1257,person,1837.13,1236.22,454.44,659.39
213,1265,person,2256.08,1187.65,354.71,805.98
213,1302,person,3389.47,1079.65,219.02,800.73
213,1259,person,2760.02,1094.69,487.55,930.37
213,1253,person,3205.74,858.3,255.38,572.89
213,1254,person,1539.25,1016.76,340.92,1032.6
213,1338,person,2419.34,1145.74,297.27,863.89
213,1363,sports ball,3586.58,611.7,121.68,94.76
213,1359,person,3780.48,1064.96,117.97,876.38
214,1248,person,1333.67,1209.03,416.55,830.8
214,1249,person,508.36,1366.64,252.82,553.34
214,1250,person,3582.91,1096.01,327.78,883.02
214,1257,person,1837.38,1236.32,456.53,658.48
214,1265,person,2255.26,1187.74,355.89,804.87
214,1302,person,3390.25,1082.59,220.94,805.85
214,1259,person,2760.37,1094.79,486.54,930.41
214,1253,person,3205.26,858.44,254.75,571.51
214,1254,person,1537.39,1009.61,339.9,1026.64
214,1338,person,2421.09,1149.29,295.16,862.2
214,1363,sports ball,3592.77,611.22,122.05,94.14
214,1365,person,1149.96,1371.09,148.39,449.84
215,1248,person,1336.61,1211.87,417.92,825.27
215,1249,person,502.89,1370.97,256.02,542.14
215,1250,person,3583.0,1096.98,327.4,881.07
215,1257,person,1844.8,1236.43,455.15,658.2
215,1265,person,2250.63,1187.28,358.78,808.54
215,1302,person,3391.72,1085.61,223.73,813.59
215,1259,person,2765.7,1098.19,488.83,940.77
215,1253,person,3206.47,857.66,254.6,571.43
215,1254,person,1534.95,1007.03,340.51,1024.18
215,1338,person,2423.4,1151.14,293.6,859.59
215,1363,sports ball,3597.23,611.69,123.5,94.65
215,1359,person,3780.58,1064.12,117.61,874.54
216,1248,person,1339.17,1213.05,422.59,820.71
216,1249,person,490.33,1376.06,257.42,533.07
216,1250,person,3583.25,1097.06,327.39,880.52
216,1257,person,1835.57,1236.05,455.66,658.38
216,1265,person,2246.24,1185.85,361.37,811.11
216,1302,person,3393.59,1090.64,227.52,826.88
216,1259,person,2763.38,1098.15,486.28,939.14
216,1253,person,3205.8,857.38,254.52,571.44
216,1254,person,1534.29,1006.69,341.38,1023.17
216,1338,person,2461.37,1152.53,300.44,850.04
216,1363,sports ball,3600.06,611.59,124.54,94.89
216,1359,person,3780.32,1064.92,117.74,875.82
217,1248,person,1340.45,1216.53,427.24,816.01
217,1249,person,481.21,1379.83,260.92,527.15
217,1250,person,3582.56,1096.2,327.81,881.28
217,1257,person,1835.5,1236.45,458.29,660.52
217,1265,person,2241.71,1184.86,362.98,815.38
217,1302,person,3395.09,1093.44,229.65,834.51
217,1259,person,2761.35,1103.02,491.39,952.55
217,1253,person,3204.67,856.76,254.26,570.48
217,1254,person,1531.81,1006.59,342.57,1021.88
217,1338,person,2472.4,1153.61,307.64,843.84
217,1363,sports ball,3602.08,610.7,129.19,98.53
217,1359,person,3780.24,1067.16,118.19,880.07
218,1248,person,1332.7,1219.46,432.02,807.72
218,1249,person,474.07,1382.11,265.38,523.8
218,1250,person,3582.24,1095.83,328.29,882.55
218,1257,person,1838.24,1238.88,456.92,657.22
218,1265,person,2235.91,1187.4,363.07,818.57
218,1302,person,3395.9,1090.73,229.03,831.68
218,1259,person,2762.41,1111.55,497.56,972.67
218,1253,person,3204.17,856.46,254.13,570.18
218,1254,person,1530.17,1007.61,344.89,1024.36
218,1338,person,2475.95,1154.74,314.5,840.45
219,1248,person,1332.24,1224.09,437.35,799.1
219,1249,person,471.66,1379.2,265.4,510.95
219,1250,person,3581.59,1096.15,328.2,881.83
219,1257,person,1837.13,1239.08,458.7,657.28
219,1265,person,2227.64,1190.73,363.84,823.11
219,1302,person,3398.88,1088.4,228.08,828.08
219,1259,person,2759.35,1125.55,508.92,1002.81
219,1253,person,3203.31,857.36,255.09,571.9
219,1254,person,1528.5,1008.98,347.18,1026.36
219,1338,person,2455.1,1155.35,316.07,845.79
219,1363,sports ball,3607.48,610.69,125.38,95.08
220,1248,person,1334.36,1229.56,440.9,788.59
220,1249,person,466.57,1372.11,267.04,499.72
220,1250,person,3581.37,1095.78,327.46,879.88
220,1257,person,1840.21,1239.42,459.75,658.62
220,1265,person,2223.07,1190.98,360.23,818.98
220,1302,person,3399.91,1084.74,225.12,816.28
220,1259,person,2760.88,1106.55,486.49,960.15
220,1253,person,3203.99,857.04,254.87,570.44
220,1254,person,1528.78,1014.1,346.31,1016.74
220,1338,person,2455.97,1153.4,318.36,847.07
221,1248,person,1324.6,1234.61,447.98,780.06
221,1249,person,460.83,1368.5,268.2,487.35
221,1250,person,3580.76,1096.4,326.79,878.29
221,1257,person,1845.33,1239.29,458.1,658.75
221,1265,person,2219.22,1191.97,358.72,818.89
221,1302,person,3403.06,1073.72,219.63,796.15
221,1259,person,2768.06,1096.52,474.73,941.15
221,1253,person,3206.14,857.78,256.2,573.02
221,1254,person,1528.79,1013.59,350.67,1025.39
221,1338,person,2459.91,1157.39,320.63,847.66
222,1248,person,1322.15,1237.93,453.92,771.53
222,1249,person,448.95,1366.42,278.69,489.38
222,1250,person,3580.65,1095.46,326.47,876.86
222,1257,person,1851.12,1236.55,458.3,662.33
222,1265,person,2205.66,1191.93,354.84,816.56
222,1302,person,3404.92,1064.72,214.86,777.6
222,1259,person,2771.74,1088.2,465.67,925.87
222,1253,person,3206.7,851.46,252.07,560.36
222,1254,person,1530.43,1012.13,352.13,1025.67
222,1338,person,2442.45,1151.51,316.28,844.1
223,1248,person,1324.44,1242.67,457.86,762.21
223,1249,person,444.55,1364.09,287.09,486.5
223,1250,person,3580.22,1096.23,326.21,876.16
223,1257,person,1854.4,1235.37,453.78,663.18
223,1265,person,2193.97,1191.5,350.23,814.89
223,1302,person,3406.42,1060.88,212.26,767.28
223,1259,person,2772.08,1087.65,462.98,924.15
223,1253,person,3206.96,848.85,250.92,555.57
223,1254,person,1530.55,1015.17,355.15,1031.41
223,1338,person,2436.57,1148.47,312.77,841.73
223,1372,umbrella,451.25,1190.46,296.34,140.82
224,1248,person,1330.66,1245.46,463.34,755.44
224,1249,person,480.98,1403.1,239.14,398.8
224,1250,person,3580.25,1097.16,325.98,875.38
224,1257,person,1855.94,1236.57,448.66,661.29
224,1265,person,2185.83,1191.59,347.79,817.02
224,1302,person,3409.64,1066.38,214.19,776.29
224,1259,person,2773.05,1093.9,471.08,947.76
224,1253,person,3207.6,852.58,254.51,562.52
224,1254,person,1531.46,1014.38,356.66,1032.91
224,1338,person,2432.57,1143.39,308.15,837.44
224,1372,umbrella,442.4,1188.95,292.48,138.69
225,1248,person,1318.94,1249.2,464.68,747.47
225,1249,person,483.25,1413.01,231.84,376.34
225,1250,person,3580.53,1097.76,325.81,875.42
225,1257,person,1858.48,1236.9,444.65,660.72
225,1265,person,2175.47,1190.14,343.01,815.39
225,1302,person,3411.63,1070.61,215.18,782.52
225,1259,person,2773.21,1096.21,471.8,955.64
225,1253,person,3208.47,849.69,252.48,556.14
225,1254,person,1532.0,1013.68,357.46,1032.43
225,1338,person,2432.85,1140.17,304.52,833.71
225,1372,umbrella,438.63,1191.04,301.6,142.73
226,1248,person,1306.92,1252.44,469.6,741.97
226,1249,person,455.29,1379.86,284.56,451.62
226,1250,person,3579.93,1097.72,325.49,875.35
226,1257,person,1856.48,1234.31,444.53,666.04
226,1265,person,2163.29,1190.11,338.21,815.33
226,1302,person,3410.08,1068.1,213.48,775.04
226,1259,person,2771.67,1090.35,460.8,934.61
226,1253,person,3208.89,842.28,246.91,541.12
226,1254,person,1531.79,1013.72,358.34,1031.83
226,1338,person,2433.09,1140.99,304.85,840.09
227,1248,person,1296.22,1254.94,472.46,735.27
227,1249,person,447.08,1371.32,306.42,477.77
227,1250,person,3580.55,1097.81,324.55,873.49
227,1257,person,1853.83,1234.18,441.93,667.19
227,1265,person,2153.27,1189.33,333.89,815.32
227,1302,person,3408.34,1071.08,217.58,785.18
227,1259,person,2774.29,1094.35,463.96,945.03
227,1253,person,3210.11,851.22,254.73,558.63
227,1254,person,1531.86,1013.48,358.7,1030.54
227,1338,person,2436.1,1148.7,311.17,860.61
227,1372,umbrella,440.62,1195.25,316.58,149.94
228,1248,person,1275.16,1257.91,474.01,732.62
228,1249,person,444.12,1374.06,326.67,503.23
228,1250,person,3580.92,1099.2,323.69,872.18
228,1257,person,1847.37,1235.05,437.51,664.4
228,1265,person,2143.28,1190.08,329.48,814.37
228,1302,person,3410.45,1076.47,220.25,792.65
228,1259,person,2775.81,1095.82,463.78,948.4
228,1253,person,3208.82,857.27,259.14,569.23
228,1254,person,1532.17,859.57,270.32,717.68
228,1338,person,2432.34,1141.76,307.21,855.44
228,1376,person,3643.16,722.82,196.57,329.15
229,1248,person,1285.1,1258.14,476.67,728.67
229,1249,person,443.59,1374.52,337.28,514.43
229,1250,person,3580.62,1098.56,324.07,872.83
229,1257,person,1850.67,1234.63,434.79,666.9
229,1265,person,2136.84,1189.85,327.85,818.76
229,1302,person,3415.0,1072.97,222.82,798.76
229,1259,person,2771.52,1088.36,455.27,930.17
229,1253,person,3208.75,856.89,259.07,568.56
229,1254,person,1532.25,971.77,355.67,949.0
229,1338,person,2437.75,1137.01,308.13,857.51
229,1376,person,3646.37,722.9,199.11,333.47
230,1248,person,1293.09,1258.6,478.55,726.98
230,1249,person,443.43,1373.52,342.67,517.66
230,1250,person,3580.12,1097.19,325.23,875.24
230,1257,person,1850.34,1235.11,429.93,666.08
230,1265,person,2140.34,1187.11,321.07,815.3
230,1302,person,3424.56,999.85,188.53,658.16
230,1259,person,2774.41,1090.56,459.03,939.99
230,1253,person,3208.48,856.55,259.6,568.17
230,1254,person,1532.04,997.96,374.21,1002.23
230,1338,person,2441.02,1139.75,313.67,869.47
231,1248,person,1292.12,1260.06,479.92,727.2
231,1249,person,443.57,1371.15,345.17,515.47
231,1250,person,3579.05,1095.59,326.06,876.38
231,1257,person,1843.83,1235.13,424.0,664.22
231,1265,person,2138.36,1188.04,315.56,815.47
231,1302,person,3428.69,973.18,176.75,603.67
231,1259,person,2775.29,1090.82,458.94,940.83
231,1253,person,3208.56,857.56,261.12,570.01
231,1254,person,1531.51,1009.41,381.46,1025.01
231,1338,person,2446.56,1139.58,319.01,872.99
232,1248,person,1281.77,1260.2,483.18,727.17
232,1249,person,442.83,1366.81,344.32,508.93
232,1250,person,3577.38,1095.58,326.5,875.59
232,1257,person,1841.0,1236.33,417.37,661.38
232,1265,person,2134.48,1182.88,306.35,802.23
232,1302,person,3433.3,943.22,165.55,546.1
232,1259,person,2772.83,1095.29,464.82,949.0
232,1253,person,3208.38,858.64,262.43,571.44
232,1254,person,1532.82,1018.0,383.55,1033.81
232,1338,person,2426.35,1138.16,323.53,873.45
233,1248,person,1286.16,1261.34,480.92,727.0
233,1249,person,443.65,1369.12,348.41,510.39
233,1250,person,3578.39,1096.92,327.64,877.98
233,1257,person,1840.1,1237.65,411.13,659.14
233,1265,person,2131.36,1181.05,300.66,796.0
233,1302,person,3434.97,933.08,165.02,527.82
233,1259,person,2777.81,1094.48,467.36,949.39
233,1253,person,3208.96,858.87,262.88,571.3
233,1254,person,1534.25,1021.81,384.13,1039.48
233,1338,person,2421.0,1137.03,325.59,875.77
234,1248,person,1291.47,1259.71,479.67,727.72
234,1249,person,442.77,1367.21,346.39,502.62
234,1250,person,3578.22,1096.46,327.91,876.75
234,1257,person,1839.8,1236.36,408.28,662.76
234,1265,person,2132.03,1181.66,299.98,799.89
234,1302,person,3439.33,993.54,203.12,653.17
234,1259,person,2779.42,1095.23,468.05,951.46
234,1253,person,3209.41,858.66,263.6,572.49
234,1254,person,1535.8,1014.8,381.4,1034.66
234,1338,person,2425.41,1133.79,331.5,877.22
235,1248,person,1288.99,1259.65,480.02,728.94
235,1249,person,440.23,1365.56,343.87,493.41
235,1250,person,3572.56,1094.59,329.29,875.61
235,1257,person,1838.1,1234.96,404.26,663.59
235,1265,person,2130.87,1183.91,298.92,799.41
235,1302,person,3441.09,1007.2,210.52,680.61
235,1259,person,2770.97,1105.07,480.09,973.38
235,1253,person,3210.83,857.79,263.22,570.9
235,1254,person,1537.15,1015.84,378.92,1032.12
235,1338,person,2415.27,1127.94,332.2,869.48
235,1372,umbrella,427.86,1191.22,296.45,138.33
236,1248,person,1289.35,1261.45,477.82,728.84
236,1249,person,436.75,1365.11,345.77,489.58
236,1250,person,3573.23,1097.11,329.83,876.02
236,1257,person,1837.02,1237.17,394.13,653.46
236,1265,person,2126.43,1188.78,301.34,805.71
236,1302,person,3442.64,952.52,179.75,566.13
236,1259,person,2766.04,1110.11,484.41,979.52
236,1253,person,3209.92,859.09,263.96,571.13
236,1254,person,1536.81,1019.03,377.98,1032.78
236,1338,person,2408.5,1127.04,334.55,867.87
236,1376,person,3641.7,722.17,200.07,333.99
237,1248,person,1295.52,1261.7,477.57,728.4
237,1249,person,433.42,1369.54,352.17,491.82
237,1250,person,3570.87,1100.32,329.22,869.84
237,1257,person,1832.93,1238.05,390.78,656.46
237,1265,person,2118.73,1192.09,300.6,807.88
237,1302,person,3441.2,1042.78,233.89,748.39
237,1259,person,2769.77,1108.29,483.08,977.21
237,1253,person,3209.48,859.43,264.67,572.04
237,1254,person,1537.38,1018.83,376.57,1032.98
237,1338,person,2401.52,1124.89,335.65,862.66
237,1376,person,3643.38,722.09,197.99,329.18
238,1248,person,1297.68,1261.96,476.8,727.73
238,1249,person,431.99,1373.73,357.69,493.33
238,1250,person,3567.34,1100.91,331.47,870.01
238,1257,person,1831.8,1237.25,386.02,656.97
238,1265,person,2108.75,1193.32,298.86,809.15
238,1302,person,3440.41,1069.81,247.59,804.39
238,1259,person,2767.18,1110.17,486.16,983.33
238,1253,person,3209.37,859.68,265.36,572.78
238,1254,person,1536.76,1018.94,376.33,1036.63
238,1338,person,2395.95,1130.49,344.23,875.62
238,1376,person,3642.93,720.51,199.97,331.59
239,1248,person,1300.82,1262.25,477.41,729.05
239,1249,person,431.25,1374.49,360.99,491.22
239,1250,person,3564.68,1098.39,336.95,877.96
239,1257,person,1831.0,1236.69,381.67,657.6
239,1265,person,2093.12,1194.1,295.1,809.43
239,1302,person,3442.65,971.83,194.41,608.24
239,1259,person,2760.44,1130.52,500.23,1015.31
239,1253,person,3209.55,859.07,266.17,573.21
239,1254,person,1537.7,1019.8,375.97,1040.7
239,1338,person,2394.61,1130.56,350.66,881.24
240,1248,person,1304.41,1262.41,477.51,729.06
240,1249,person,429.69,1371.0,363.46,488.15
240,1250,person,3566.35,1097.66,335.24,869.06
240,1257,person,1830.04,1234.4,376.41,657.49
240,1265,person,2086.86,1191.61,290.68,803.94
240,1302,person,3442.71,917.39,167.15,505.08
240,1259,person,2750.42,1148.02,513.35,1044.34
240,1253,person,3210.95,857.61,265.38,570.47
240,1254,person,1539.69,1018.49,371.77,1035.61
240,1338,person,2396.07,1126.35,351.28,876.92
240,1376,person,3644.04,722.67,203.2,336.99
241,1248,person,1300.02,1264.39,476.41,729.22
241,1249,person,427.15,1374.85,364.31,482.67
241,1250,person,3566.77,1100.25,336.14,867.78
241,1257,person,1826.35,1236.92,373.31,659.36
241,1265,person,2075.58,1190.97,285.71,798.98
241,1302,person,3440.44,1028.14,233.64,719.79
241,1259,person,2753.07,1152.23,514.09,1051.75
241,1253,person,3208.76,859.56,267.09,573.7
241,1254,person,1537.86,1017.68,369.11,1031.33
241,1338,person,2392.27,1128.61,356.02,881.41
241,1376,person,3639.52,720.26,203.09,335.79
241,1359,person,3779.07,1070.01,119.99,893.62
242,1248,person,1294.15,1264.51,472.46,726.84
242,1249,person,426.42,1372.35,363.46,475.63
242,1250,person,3567.17,1099.7,337.08,866.5
242,1257,person,1822.62,1236.23,371.04,659.93
242,1265,person,2071.15,1192.31,279.31,789.72
242,1302,person,3441.01,1062.21,250.72,787.79
242,1259,person,2753.09,1156.79,516.54,1062.67
242,1253,person,3209.99,858.87,267.05,573.18
242,1254,person,1539.52,1015.62,365.84,1026.5
242,1338,person,2381.76,1131.72,362.32,886.88
243,1248,person,1301.57,1266.04,473.51,727.73
243,1249,person,424.56,1371.6,363.9,470.66
243,1250,person,3567.25,1100.42,337.92,865.49
243,1257,person,1814.78,1235.44,365.54,657.61
243,1265,person,2064.83,1193.11,274.01,780.07
243,1302,person,3440.78,1078.89,255.69,818.24
243,1259,person,2753.83,1158.17,515.83,1067.51
243,1253,person,3209.29,858.6,267.18,573.24
243,1254,person,1535.97,1014.59,365.06,1026.44
243,1338,person,2377.65,1133.22,366.2,888.99
243,1376,person,3635.96,721.04,207.2,342.02
244,1248,person,1315.29,1267.32,479.42,731.87
244,1249,person,423.3,1370.34,366.33,469.52
244,1250,person,3567.65,1100.43,338.65,864.8
244,1257,person,1808.08,1238.33,363.36,662.57
244,1265,person,2060.66,1195.19,272.26,777.19
244,1302,person,3442.45,983.61,201.6,626.34
244,1259,person,2753.95,1157.85,513.92,1068.48
244,1253,person,3208.47,858.51,267.61,573.2
244,1254,person,1533.07,1015.42,364.78,1027.36
244,1338,person,2380.98,1132.6,368.08,889.95
244,1376,person,3636.15,719.76,203.05,334.87
245,1248,person,1320.44,1267.75,483.28,734.65
245,1249,person,425.12,1370.88,373.82,475.85
245,1250,person,3567.48,1100.19,339.91,865.06
245,1257,person,1804.7,1237.75,358.1,661.98
245,1265,person,2053.88,1196.46,272.25,771.94
245,1302,person,3443.4,934.84,175.3,529.67
245,1259,person,2749.41,1154.93,512.36,1065.35
245,1253,person,3210.0,858.53,267.88,573.14
245,1254,person,1533.42,1015.58,363.48,1026.37
245,1338,person,2376.95,1133.98,369.95,888.79
245,1376,person,3636.5,719.01,201.53,332.02
246,1248,person,1327.49,1266.54,486.78,734.37
246,1249,person,420.44,1370.6,375.03,472.53
246,1250,person,3567.79,1098.71,340.7,864.7
246,1257,person,1801.07,1241.33,351.46,663.04
246,1265,person,2053.99,1198.39,272.69,762.94
246,1302,person,3443.77,920.27,170.24,502.63
246,1259,person,2748.04,1143.51,505.0,1044.08
246,1253,person,3209.48,858.13,267.88,572.27
246,1254,person,1532.5,879.86,285.98,760.14
246,1338,person,2376.51,1133.81,370.86,886.77
247,1248,person,1329.36,1266.87,490.54,735.7
247,1249,person,419.42,1371.76,380.01,474.96
247,1250,person,3571.74,1097.07,344.11,873.3
247,1257,person,1797.6,1240.74,341.93,659.53
247,1265,person,2046.16,1202.86,277.86,759.17
247,1302,person,3443.94,927.75,177.25,516.07
247,1259,person,2755.34,1112.13,476.62,978.92
247,1253,person,3208.32,858.46,268.57,572.82
247,1254,person,1532.33,820.67,255.52,643.81
247,1338,person,2374.55,1133.48,372.15,884.74
248,1248,person,1320.96,1264.35,490.66,735.63
248,1249,person,417.16,1371.9,386.64,479.93
248,1250,person,3575.49,1094.81,344.71,876.22
248,1257,person,1802.7,1242.35,341.09,672.25
248,1265,person,2034.01,1203.65,283.92,748.56
248,1302,person,3443.81,914.74,172.89,492.74
248,1259,person,2766.91,1099.33,469.17,962.11
248,1253,person,3209.5,857.26,267.57,570.15
248,1254,person,1531.86,804.58,254.0,611.54
248,1338,person,2379.1,1132.76,371.7,881.34
249,1248,person,1337.8,1264.84,497.91,737.6
249,1249,person,416.93,1373.89,390.07,480.97
249,1250,person,3575.4,1095.76,345.48,878.99
249,1257,person,1806.69,1241.03,336.16,671.61
249,1265,person,2034.01,1206.75,291.49,744.69
249,1302,person,3442.26,914.48,175.77,492.15
249,1259,person,2763.68,1095.83,465.85,948.62
249,1253,person,3208.55,857.98,268.6,571.33
249,1254,person,1531.9,796.02,257.47,594.38
249,1338,person,2378.59,1133.74,374.64,885.05
250,1248,person,1337.41,1262.08,501.67,738.17
250,1249,person,417.35,1372.21,395.32,485.27
250,1250,person,3575.7,1094.78,344.47,876.59
250,1257,person,1803.73,1239.9,334.09,669.4
250,1265,person,2031.43,1207.78,300.1,736.9
250,1302,person,3442.26,912.71,177.22,489.49
250,1259,person,2764.31,1090.89,462.98,936.8
250,1253,person,3208.67,857.56,268.59,570.7
250,1254,person,1532.6,791.2,262.54,583.7
250,1338,person,2384.91,1129.54,372.5,879.93
251,1248,person,1344.59,1261.54,510.03,742.85
251,1249,person,417.31,1373.45,396.86,485.06
251,1250,person,3578.04,1095.18,343.71,876.96
251,1257,person,1804.69,1239.12,329.01,666.66
251,1265,person,2017.15,1218.56,312.22,727.68
251,1302,person,3440.89,914.56,180.99,494.3
251,1259,person,2759.58,1092.43,467.07,937.59
251,1253,person,3208.45,858.57,269.6,572.04
251,1254,person,1531.24,787.07,269.5,578.1
251,1338,person,2389.35,1128.38,371.44,878.21
252,1248,person,1345.04,1259.81,516.01,745.97
252,1249,person,419.75,1372.38,401.16,489.82
252,1250,person,3578.77,1095.28,341.7,873.15
252,1257,person,1803.79,1237.8,323.2,659.66
252,1265,person,2020.11,1219.68,325.59,721.49
252,1302,person,3439.51,918.2,185.31,501.28
252,1259,person,2761.58,1090.36,468.3,934.05
252,1253,person,3209.26,858.08,269.77,571.64
252,1254,person,1532.06,786.12,276.28,574.41
252,1338,person,2393.95,1125.13,367.11,870.64
253,1248,person,1347.95,1258.83,522.7,749.9
253,1249,person,419.4,1372.24,401.78,489.12
253,1250,person,3579.26,1097.81,340.26,871.13
253,1257,person,1803.84,1235.44,319.27,659.58
253,1265,person,2006.16,1219.9,343.89,723.48
253,1302,person,3437.42,1016.92,250.19,696.35
253,1259,person,2765.02,1096.23,473.42,944.62
253,1253,person,3207.43,859.15,270.62,572.65
253,1254,person,1529.4,786.12,279.61,563.1
253,1338,person,2393.2,1127.51,366.89,872.11
253,1376,person,3629.37,717.19,201.0,329.76
254,1248,person,1346.35,1258.22,527.64,752.43
254,1249,person,418.3,1371.32,405.64,492.85
254,1250,person,3579.44,1098.36,339.04,869.48
254,1257,person,1796.55,1236.35,316.25,657.96
254,1265,person,2001.84,1226.9,357.17,715.43
254,1302,person,3437.73,963.98,214.78,591.32
254,1259,person,2764.86,1096.14,474.71,945.74
254,1253,person,3208.18,858.68,270.66,572.0
254,1254,person,1529.84,782.69,282.11,551.66
254,1338,person,2394.05,1126.29,363.93,867.45
254,1376,person,3628.34,716.3,201.24,328.82
255,1248,person,1345.82,1258.42,532.47,755.25
255,1249,person,419.74,1372.73,405.11,491.29
255,1250,person,3579.45,1098.69,339.75,873.0
255,1257,person,1785.03,1237.39,315.66,657.89
255,1265,person,2000.8,1233.63,367.82,704.59
255,1302,person,3430.12,1028.14,254.8,718.26
255,1259,person,2766.63,1110.56,487.25,973.12
255,1253,person,3207.7,859.19,271.44,572.72
255,1254,person,1528.45,783.3,287.77,548.26
255,1338,person,2393.02,1126.44,361.56,863.92
256,1248,person,1339.7,1256.74,532.84,754.04
256,1249,person,420.11,1372.6,406.8,492.91
256,1250,person,3580.11,1097.26,338.76,871.32
256,1257,person,1787.86,1239.77,314.69,658.46
256,1265,person,1999.15,1237.62,378.62,694.36
256,1302,person,3425.66,1050.62,264.64,761.18
256,1259,person,2765.82,1117.16,491.53,982.76
256,1253,person,3207.23,859.0,271.18,571.89
256,1254,person,1528.75,781.74,292.74,544.53
256,1338,person,2391.39,1127.87,360.72,864.25
257,1248,person,1332.91,1254.78,532.9,753.22
257,1249,person,418.34,1377.74,412.65,500.29
257,1250,person,3580.38,1097.7,337.91,870.36
257,1257,person,1797.59,1240.77,312.37,656.77
257,1265,person,2010.72,1240.08,385.49,686.48
257,1302,person,3420.55,1060.77,266.44,778.21
257,1259,person,2764.9,1124.1,497.76,996.41
257,1253,person,3206.36,859.31,271.54,572.21
257,1254,person,1527.76,781.58,298.31,543.44
257,1338,person,2390.05,1129.68,361.21,867.59
257,1376,person,3626.08,713.39,197.77,320.36
258,1248,person,1326.27,1252.27,532.0,753.09
258,1249,person,420.28,1373.6,407.5,493.76
258,1250,person,3581.59,1096.19,337.15,869.34
258,1257,person,1798.71,1240.0,313.52,659.64
258,1265,person,2025.15,1240.48,390.92,682.64
258,1302,person,3421.65,1070.39,267.48,797.39
258,1259,person,2768.19,1136.33,508.97,1025.9
258,1253,person,3208.53,858.37,270.67,571.71
258,1254,person,1528.15,780.85,306.35,549.36
258,1338,person,2388.38,1125.86,358.33,863.59
259,1248,person,1315.3,1249.72,529.55,752.98
259,1249,person,416.07,1377.12,408.32,493.5
259,1250,person,3581.16,1097.79,336.71,869.69
259,1257,person,1812.66,1240.29,308.78,657.64
259,1265,person,2016.04,1244.92,399.59,679.69
259,1302,person,3418.82,1071.04,262.71,794.36
259,1259,person,2769.74,1137.24,506.32,1025.49
259,1253,person,3206.83,858.67,270.66,572.87
259,1254,person,1526.33,785.52,314.44,556.7
259,1338,person,2387.68,1128.04,356.98,861.98
259,1376,person,3623.6,714.6,199.92,321.3
260,1248,person,1314.06,1247.64,529.22,754.47
260,1249,person,418.67,1375.08,405.13,488.82
260,1250,person,3582.05,1104.41,331.13,854.26
260,1257,person,1814.98,1238.77,301.62,650.58
260,1265,person,2020.03,1243.4,407.82,680.3
260,1302,person,3420.43,1074.86,260.33,800.32
260,1259,person,2767.96,1131.25,500.51,1014.65
260,1253,person,3208.87,857.73,268.77,570.63
260,1254,person,1526.56,791.3,326.86,574.11
260,1338,person,2389.35,1128.01,356.12,863.11
260,1376,person,3627.48,714.94,200.67,321.51
261,1248,person,1311.5,1246.48,530.61,758.58
261,1249,person,414.12,1379.88,409.02,493.87
261,1250,person,3584.03,1100.94,333.6,862.14
261,1257,person,1808.19,1239.8,301.78,653.13
261,1265,person,2020.15,1245.36,415.69,682.18
261,1302,person,3419.72,1076.77,257.7,804.87
261,1259,person,2767.38,1129.24,499.53,1014.95
261,1253,person,3208.03,858.49,269.48,572.94
261,1254,person,1522.79,793.48,327.45,571.05
261,1338,person,2387.47,1129.57,354.8,863.27
262,1248,person,1303.77,1246.89,528.78,760.22
262,1249,person,413.33,1378.81,407.3,490.06
262,1250,person,3586.16,1099.27,334.02,863.99
262,1257,person,1803.26,1239.78,297.39,647.66
262,1265,person,2027.77,1244.13,420.68,683.0
262,1302,person,3420.94,1077.0,254.1,806.4
262,1259,person,2768.4,1113.21,484.69,980.45
262,1253,person,3208.49,858.84,268.96,573.34
262,1254,person,1521.32,800.38,332.89,578.21
262,1338,person,2388.24,1129.13,352.98,861.34
262,1376,person,3629.02,716.14,208.05,333.05
263,1248,person,1294.9,1244.29,525.03,759.63
263,1249,person,412.09,1384.02,412.05,494.97
263,1250,person,3585.71,1099.29,335.54,869.63
263,1257,person,1799.23,1239.15,296.79,650.2
263,1265,person,2028.17,1244.86,425.68,683.94
263,1302,person,3418.62,1077.0,251.01,808.59
263,1259,person,2762.96,1102.88,477.34,959.37
263,1253,person,3206.7,859.07,268.99,574.68
263,1254,person,1520.99,798.54,331.84,572.57
263,1338,person,2388.51,1131.35,352.58,864.48
263,1376,person,3627.4,715.29,210.18,335.8
264,1248,person,1294.36,1243.13,522.43,759.08
264,1249,person,411.75,1379.54,409.77,490.61
264,1250,person,3586.85,1097.83,335.29,869.64
264,1257,person,1789.56,1240.91,296.01,650.0
264,1265,person,2036.66,1241.37,429.2,687.37
264,1302,person,3417.81,1077.79,247.39,807.2
264,1259,person,2764.07,1099.18,475.62,950.57
264,1253,person,3208.82,859.2,268.29,575.41
264,1254,person,1523.91,836.56,374.76,654.05
264,1338,person,2391.47,1131.74,350.81,864.92
264,1376,person,3631.39,714.0,204.0,325.28
265,1248,person,1285.71,1247.68,522.91,765.59
265,1249,person,412.7,1387.21,418.6,500.37
265,1250,person,3584.79,1099.1,336.79,874.71
265,1257,person,1781.83,1243.36,296.06,652.11
265,1265,person,2037.02,1239.27,433.79,693.52
265,1302,person,3417.27,1072.72,244.96,810.79
265,1259,person,2760.31,1098.48,479.3,951.22
265,1253,person,3207.15,860.06,269.27,578.69
265,1254,person,1522.45,813.84,347.91,603.69
265,1338,person,2389.05,1131.18,348.62,862.24
265,1376,person,3628.78,716.35,209.46,333.84
265,1384,person,1511.66,1322.49,233.29,388.88
266,1248,person,1278.08,1248.86,519.0,765.12
266,1249,person,413.12,1382.31,416.36,495.92
266,1250,person,3583.86,1095.12,336.71,875.59
266,1257,person,1796.47,1238.27,295.08,650.72
266,1265,person,2044.89,1234.07,433.41,694.1
266,1302,person,3414.44,1074.55,244.77,819.09
266,1259,person,2763.47,1095.53,477.19,943.0
266,1253,person,3208.88,857.32,265.44,572.43
266,1254,person,1523.49,850.07,389.34,685.0
266,1338,person,2390.48,1131.78,347.22,862.81
267,1248,person,1269.19,1250.92,514.72,762.95
267,1249,person,411.93,1386.59,421.68,501.7
267,1250,person,3582.85,1097.33,337.34,878.41
267,1257,person,1797.62,1236.95,295.06,651.38
267,1265,person,2048.06,1232.64,439.32,707.82
267,1302,person,3412.15,1072.95,241.22,813.31
267,1259,person,2764.36,1097.17,480.16,944.91
267,1253,person,3208.32,859.53,266.73,576.88
267,1254,person,1525.21,865.12,400.88,714.68
267,1338,person,2385.35,1131.66,346.44,862.34
267,1376,person,3630.26,713.47,202.53,321.53
268,1248,person,1254.33,1250.93,507.99,758.27
268,1249,person,416.42,1379.68,418.32,493.97
268,1250,person,3582.15,1095.77,334.64,871.54
268,1257,person,1805.18,1234.87,298.03,655.04
268,1265,person,2053.7,1228.78,440.84,715.89
268,1302,person,3411.0,975.13,191.06,620.42
268,1259,person,2764.8,1094.79,479.56,941.06
268,1253,person,3208.84,856.39,263.11,570.4
268,1254,person,1525.57,867.89,401.27,723.4
268,1338,person,2387.2,1131.3,345.93,863.62
269,1248,person,1242.84,1252.61,502.74,754.72
269,1249,person,409.57,1386.4,424.89,503.28
269,1250,person,3581.63,1098.74,333.57,869.52
269,1257,person,1794.49,1234.81,294.74,655.74
269,1265,person,2053.71,1229.87,437.68,719.56
269,1302,person,3410.68,935.88,171.55,539.42
269,1259,person,2766.44,1098.22,482.56,944.44
269,1253,person,3206.13,858.09,263.57,572.45
269,1254,person,1526.35,820.93,352.32,627.44
269,1338,person,2386.06,1133.87,345.97,866.58
270,1248,person,1228.18,1251.53,500.1,750.9
270,1249,person,413.6,1382.83,423.62,498.88
270,1250,person,3580.77,1094.9,334.17,872.54
270,1257,person,1803.2,1234.75,296.47,657.69
270,1265,person,2054.18,1224.58,437.05,728.54
270,1302,person,3409.1,915.06,165.01,504.32
270,1259,person,2764.51,1098.55,483.55,943.93
270,1253,person,3205.54,856.47,262.0,570.96
270,1254,person,1527.36,800.02,332.86,586.47
270,1338,person,2384.36,1131.41,343.97,861.91
270,1384,person,1511.27,1245.99,324.53,548.55
271,1248,person,1217.53,1251.39,498.24,747.71
271,1249,person,412.04,1385.95,427.38,502.91
271,1250,person,3580.84,1095.99,334.63,875.63
271,1257,person,1805.33,1234.01,297.92,660.55
271,1265,person,2054.12,1222.32,432.82,733.06
271,1302,person,3408.59,914.82,169.21,504.44
271,1259,person,2765.01,1120.54,504.99,988.65
271,1253,person,3205.53,858.71,263.54,575.2
271,1254,person,1527.45,792.89,326.49,570.02
271,1338,person,2382.25,1131.37,342.95,860.51
271,1384,person,1512.61,1241.25,327.58,561.82
272,1248,person,1202.6,1249.33,497.47,747.96
272,1249,person,439.06,1376.95,431.84,495.93
272,1250,person,3580.86,1093.6,333.96,875.31
272,1257,person,1797.46,1236.56,293.81,656.7
272,1265,person,2054.11,1220.66,429.66,739.73
272,1302,person,3406.31,909.94,172.13,500.34
272,1259,person,2765.74,1124.29,507.49,996.37
272,1253,person,3205.54,856.27,262.01,573.08
272,1254,person,1529.14,791.43,326.66,566.13
272,1338,person,2379.46,1130.7,343.02,858.88
272,1384,person,1500.39,1234.43,320.18,560.41
273,1248,person,1198.87,1246.61,497.54,751.08
273,1249,person,419.73,1375.69,430.47,492.83
273,1250,person,3581.67,1096.61,331.09,867.92
273,1257,person,1799.72,1235.33,292.85,655.11
273,1265,person,2051.66,1221.56,423.25,743.25
273,1302,person,3402.84,1010.02,231.93,684.04
273,1259,person,2766.53,1122.44,505.14,992.77
273,1253,person,3203.32,858.77,261.89,573.72
273,1254,person,1525.46,791.49,324.26,560.06
273,1338,person,2376.53,1135.97,348.29,868.62
273,1384,person,1493.52,1233.44,313.87,561.27
274,1248,person,1202.54,1244.22,495.99,752.59
274,1249,person,409.43,1373.72,429.75,491.08
274,1250,person,3582.4,1095.24,331.96,870.99
274,1257,person,1799.78,1234.95,291.31,653.4
274,1265,person,2049.54,1221.27,416.54,744.96
274,1302,person,3401.1,1048.43,254.31,762.55
274,1259,person,2766.9,1123.9,506.93,998.67
274,1253,person,3203.57,858.55,262.66,576.75
274,1254,person,1524.7,785.08,317.94,545.37
274,1338,person,2376.16,1133.19,347.55,863.33
274,1384,person,1521.0,1233.59,319.35,572.91
275,1248,person,1214.32,1244.72,497.1,759.95
275,1249,person,404.09,1368.67,429.97,490.4
275,1250,person,3585.69,1096.03,330.69,865.94
275,1257,person,1801.85,1235.0,289.8,651.09
275,1265,person,2049.83,1220.35,409.49,745.02
275,1302,person,3400.68,1070.6,264.89,807.28
275,1259,person,2765.64,1124.1,509.44,1003.97
275,1253,person,3204.16,858.62,260.94,574.56
275,1254,person,1527.67,796.74,331.09,566.99
275,1338,person,2377.63,1135.62,350.08,868.37
275,1384,person,1506.54,1231.71,308.43,566.98
276,1248,person,1224.08,1244.16,497.09,768.42
276,1249,person,406.39,1373.31,438.12,498.76
276,1250,person,3584.72,1099.61,331.3,867.01
276,1257,person,1802.5,1236.12,289.97,651.8
276,1265,person,2048.12,1220.63,402.35,743.41
276,1302,person,3398.61,1081.0,268.19,828.23
276,1259,person,2764.65,1115.81,503.24,986.98
276,1253,person,3202.62,859.67,260.86,575.48
276,1254,person,1525.05,793.6,327.11,558.54
276,1338,person,2373.84,1137.9,352.03,872.01
276,1384,person,1499.52,1230.6,306.38,579.42
277,1248,person,1241.24,1242.34,494.88,771.42
277,1249,person,405.12,1369.39,442.32,502.72
277,1250,person,3585.82,1097.94,330.22,862.64
277,1257,person,1804.73,1234.98,288.78,648.25
277,1265,person,2048.89,1218.42,395.65,740.74
277,1302,person,3397.25,1081.35,265.86,829.2
277,1259,person,2765.52,1122.45,510.4,1000.49
277,1253,person,3206.17,859.15,258.29,572.46
277,1254,person,1522.61,786.26,317.42,542.92
277,1338,person,2381.38,1133.64,346.19,859.44
278,1248,person,1254.78,1242.95,493.42,773.58
278,1249,person,400.14,1377.7,455.88,519.2
278,1250,person,3583.43,1106.6,326.01,850.74
278,1257,person,1802.65,1236.67,289.65,652.14
278,1265,person,2045.5,1221.18,391.73,741.32
278,1302,person,3395.26,1063.77,256.06,799.46
278,1259,person,2763.27,1124.55,513.74,1003.93
278,1253,person,3206.28,859.41,257.83,572.34
278,1254,person,1525.59,784.37,315.42,538.61
278,1338,person,2377.14,1134.55,346.71,860.11
278,1386,person,1640.55,956.37,149.11,335.96
279,1248,person,1280.49,1241.86,496.89,776.34
279,1249,person,396.35,1374.12,449.36,511.47
279,1250,person,3582.88,1101.31,326.87,852.96
279,1257,person,1800.33,1230.44,285.08,642.68
279,1265,person,2047.12,1217.58,390.5,743.41
279,1302,person,3391.04,1074.74,260.87,818.06
279,1259,person,2762.26,1121.31,513.84,999.11
279,1253,person,3208.87,858.45,255.32,568.96
279,1254,person,1524.28,776.29,306.31,519.76
279,1338,person,2379.16,1133.21,345.68,858.43
280,1248,person,1281.1,1243.02,495.53,777.04
280,1249,person,395.26,1380.69,455.25,519.2
280,1250,person,3581.89,1101.22,329.15,860.03
280,1257,person,1799.74,1228.01,282.03,639.68
280,1265,person,2047.27,1218.35,384.79,738.94
280,1302,person,3391.37,1074.21,260.05,818.31
280,1259,person,2763.56,1109.08,506.26,978.07
280,1253,person,3205.59,859.2,256.1,570.16
280,1254,person,1528.33,774.58,305.6,515.29
280,1338,person,2379.41,1133.5,344.94,856.75
280,1384,person,1503.49,1277.84,248.56,474.51
281,1248,person,1287.52,1239.24,493.28,771.98
281,1249,person,393.29,1378.99,451.22,514.38
281,1250,person,3581.56,1099.69,328.04,857.67
281,1257,person,1795.78,1224.77,278.19,634.36
281,1265,person,2048.83,1217.21,379.74,734.1
281,1302,person,3388.77,1074.31,258.65,816.56
281,1259,person,2759.96,1113.21,513.88,987.85
281,1253,person,3197.81,859.52,258.96,571.33
281,1254,person,1527.1,770.32,303.39,507.34
281,1338,person,2379.24,1132.5,343.52,854.84
281,1384,person,1526.85,1283.37,248.38,469.22
282,1248,person,1298.2,1238.77,494.72,769.4
282,1249,person,391.85,1383.56,452.38,515.18
282,1250,person,3581.13,1101.88,327.53,856.64
282,1257,person,1795.65,1223.9,275.06,629.75
282,1265,person,2053.84,1215.23,379.13,738.71
282,1302,person,3390.21,1069.77,255.23,807.45
282,1259,person,2760.65,1120.9,523.97,1005.37
282,1253,person,3184.71,860.79,264.71,573.46
282,1254,person,1530.12,773.75,310.24,514.65
282,1338,person,2377.6,1136.15,345.91,861.33
283,1248,person,1314.73,1238.06,501.3,769.06
283,1249,person,388.42,1384.29,451.81,513.36
283,1250,person,3581.42,1101.41,326.71,854.05
283,1257,person,1797.47,1226.52,280.16,644.0
283,1265,person,2059.77,1197.63,394.21,776.19
283,1302,person,3388.73,1075.41,257.11,817.17
283,1259,person,2761.91,1133.68,538.0,1034.13
283,1253,person,3198.01,861.19,265.43,576.26
283,1254,person,1530.4,770.4,311.06,510.21
283,1338,person,2378.86,1133.42,342.73,855.39
283,1384,person,1563.99,1265.19,285.57,530.37
284,1248,person,1326.63,1238.07,509.25,769.36
284,1249,person,387.09,1385.13,453.44,513.9
284,1250,person,3581.15,1100.8,327.58,857.35
284,1257,person,1806.22,1233.0,278.89,645.59
284,1265,person,2055.47,1203.93,390.15,769.14
284,1302,person,3389.46,1079.48,258.1,825.83
284,1259,person,2761.8,1139.13,544.34,1046.4
284,1253,person,3202.49,861.84,265.77,577.75
284,1254,person,1532.06,772.1,316.13,514.46
284,1338,person,2379.76,1136.02,342.24,856.82
284,1384,person,1583.04,1269.14,292.85,526.65
285,1248,person,1333.11,1238.84,517.63,770.58
285,1249,person,385.3,1386.75,455.16,514.09
285,1250,person,3581.34,1101.4,327.57,858.12
285,1257,person,1840.56,1240.6,283.35,655.65
285,1265,person,2072.18,1210.09,379.66,756.05
285,1302,person,3390.35,1083.33,258.62,832.89
285,1259,person,2762.28,1139.98,546.93,1052.49
285,1253,person,3201.76,863.48,269.0,583.18
285,1254,person,1534.8,774.67,322.11,520.08
285,1338,person,2379.15,1136.5,341.92,859.17
286,1248,person,1338.79,1240.15,524.47,768.34
286,1249,person,383.59,1386.2,453.81,510.17
286,1250,person,3581.75,1101.83,327.3,857.64
286,1257,person,1859.78,1238.79,285.94,660.54
286,1265,person,2081.98,1234.84,351.72,700.17
286,1302,person,3391.0,1083.25,257.67,834.77
286,1259,person,2763.37,1142.41,549.44,1057.96
286,1253,person,3197.3,864.92,271.6,585.1
286,1254,person,1532.97,768.8,316.87,506.92
286,1338,person,2378.88,1135.32,339.63,856.27
286,1384,person,1580.68,1269.18,286.25,504.28
287,1248,person,1325.5,1241.63,527.04,767.27
287,1249,person,377.69,1389.09,456.25,508.68
287,1250,person,3581.93,1103.05,328.46,861.64
287,1257,person,1858.25,1239.46,288.32,661.69
287,1265,person,2085.17,1230.47,357.35,714.85
287,1302,person,3390.34,1086.97,257.27,839.21
287,1259,person,2763.36,1144.72,550.81,1061.87
287,1253,person,3187.66,866.04,276.25,586.46
287,1254,person,1532.77,760.83,310.33,490.22
287,1338,person,2377.32,1138.84,340.48,861.47
288,1248,person,1321.01,1242.22,529.48,765.41
288,1249,person,374.32,1388.03,459.77,508.62
288,1250,person,3582.22,1101.84,328.32,862.29
288,1265,person,2076.69,1215.41,369.19,737.68
288,1302,person,3389.83,1087.32,255.08,837.62
288,1259,person,2762.06,1144.28,548.16,1056.19
288,1253,person,3195.47,861.9,273.47,578.35
288,1254,person,1534.88,757.59,309.23,483.81
288,1338,person,2377.02,1134.73,337.46,856.43
288,1391,person,1542.95,1018.7,388.12,1007.92
289,1248,person,1315.83,1243.43,530.15,760.83
289,1249,person,369.03,1389.88,464.98,509.82
289,1250,person,3581.45,1103.06,328.67,863.55
289,1265,person,2051.06,1208.09,385.3,760.29
289,1302,person,3389.35,1085.49,251.0,829.11
289,1259,person,2762.52,1143.26,546.88,1052.7
289,1253,person,3197.9,862.69,273.5,576.81
289,1254,person,1537.18,758.03,311.55,483.51
289,1338,person,2377.2,1137.96,337.36,858.69
289,1391,person,1552.05,1026.3,393.1,1020.89
289,1384,person,1603.09,1275.1,311.55,532.38
290,1248,person,1314.63,1242.09,535.44,763.68
290,1249,person,366.96,1386.84,465.12,506.03
290,1250,person,3581.18,1103.23,326.33,858.56
290,1265,person,2049.54,1204.35,392.56,768.75
290,1302,person,3388.15,1086.39,250.43,832.64
290,1259,person,2762.4,1145.42,549.82,1056.43
290,1253,person,3200.16,858.57,273.05,574.4
290,1254,person,1544.3,762.92,319.11,495.31
290,1338,person,2376.78,1132.83,333.29,850.67
290,1391,person,1553.49,1019.96,387.16,1006.91
290,1384,person,1604.44,1271.41,316.16,523.69
291,1248,person,1312.47,1244.08,537.39,761.93
291,1249,person,368.29,1387.66,466.86,504.85
291,1250,person,3580.81,1104.01,325.83,858.12
291,1265,person,2041.65,1200.18,402.05,780.24
291,1302,person,3387.65,1088.57,249.63,836.59
291,1259,person,2764.02,1148.46,551.38,1060.08
291,1253,person,3193.85,858.46,274.63,571.82
291,1254,person,1543.58,762.2,319.52,493.58
291,1338,person,2379.35,1132.1,331.09,846.45
291,1391,person,1545.86,1022.63,387.89,1010.97
291,1384,person,1601.06,1279.67,319.43,515.59
292,1248,person,1308.08,1245.31,539.06,761.58
292,1249,person,365.72,1387.68,471.86,506.94
292,1250,person,3581.19,1103.9,325.65,857.27
292,1265,person,2046.45,1201.87,403.44,780.28
292,1302,person,3387.21,1086.31,246.93,833.36
292,1259,person,2764.59,1148.12,551.37,1058.38
292,1253,person,3188.78,858.24,277.32,571.23
292,1254,person,1558.94,751.31,303.86,471.56
292,1338,person,2378.82,1131.95,330.65,846.94
292,1384,person,1607.87,1278.75,319.64,499.35
293,1248,person,1307.8,1248.71,540.38,760.86
293,1249,person,365.76,1388.42,476.26,508.95
293,1250,person,3580.26,1104.22,326.26,857.6
293,1265,person,2052.24,1202.96,403.3,779.78
293,1302,person,3387.65,1087.6,246.41,837.19
293,1259,person,2759.97,1147.0,550.96,1054.56
293,1253,person,3186.09,857.73,279.43,569.07
293,1254,person,1566.93,757.14,308.02,482.54
293,1338,person,2377.96,1135.4,330.63,849.52
293,1384,person,1594.51,1284.61,319.02,493.16
293,1257,person,1826.06,1244.56,286.02,664.09
294,1248,person,1307.51,1252.68,535.76,750.9
294,1249,person,363.99,1388.61,479.92,510.04
294,1250,person,3580.57,1103.25,328.44,862.09
294,1265,person,2054.84,1207.92,400.49,772.51
294,1302,person,3387.52,1086.29,244.09,835.03
294,1259,person,2764.1,1145.94,550.1,1051.75
294,1253,person,3187.05,857.9,281.65,569.88
294,1254,person,1565.61,751.27,301.51,470.5
294,1338,person,2378.83,1137.01,331.11,852.81
294,1384,person,1605.69,1281.86,332.67,503.75
294,1257,person,1815.4,1238.78,273.59,653.47
295,1248,person,1302.56,1257.21,529.02,739.41
295,1249,person,363.29,1389.62,483.33,510.87
295,1250,person,3581.55,1102.56,329.24,863.25
295,1265,person,2059.12,1233.06,375.94,718.65
295,1302,person,3388.29,1087.23,243.44,838.73
295,1259,person,2761.17,1144.82,551.54,1049.09
295,1253,person,3188.75,857.41,281.85,567.0
295,1254,person,1550.42,738.44,292.53,443.38
295,1338,person,2378.27,1135.42,329.03,849.56
295,1384,person,1660.79,1305.54,326.66,506.03
295,1257,person,1817.54,1238.74,269.61,654.0
295,1391,person,1542.51,1000.07,370.8,962.92
296,1248,person,1296.75,1260.78,524.91,732.49
296,1249,person,363.17,1389.79,486.03,511.22
296,1250,person,3582.67,1102.43,330.3,864.82
296,1265,person,2060.7,1243.32,370.31,701.84
296,1302,person,3389.86,1076.42,238.5,823.83
296,1259,person,2763.63,1144.7,553.39,1048.14
296,1253,person,3190.1,858.07,283.32,567.9
296,1254,person,1547.24,745.07,309.81,463.49
296,1338,person,2378.33,1135.69,328.44,848.58
296,1384,person,1681.49,1315.92,317.42,502.96
296,1257,person,1808.58,1238.25,262.22,648.81
297,1248,person,1293.13,1261.75,522.42,728.14
297,1249,person,367.72,1388.38,489.07,514.11
297,1250,person,3583.88,1101.54,331.75,867.09
297,1265,person,2057.78,1244.23,370.92,695.29
297,1302,person,3391.31,1075.81,238.46,826.41
297,1259,person,2763.05,1145.49,557.19,1048.82
297,1253,person,3196.36,859.01,285.64,574.06
297,1254,person,1538.94,780.69,358.55,536.79
297,1338,person,2377.19,1134.88,327.32,846.23
297,1384,person,1692.36,1323.13,306.39,495.65
297,1257,person,1805.05,1237.82,259.35,653.05
298,1248,person,1285.49,1263.04,519.2,725.92
298,1249,person,367.29,1388.84,492.51,516.8
298,1250,person,3586.42,1102.83,332.62,866.78
298,1265,person,2059.19,1241.4,374.48,698.03
298,1302,person,3391.95,1084.46,240.86,839.07
298,1259,person,2755.89,1147.28,560.46,1051.32
298,1253,person,3196.34,858.06,283.0,569.15
298,1254,person,1541.66,795.15,375.84,566.88
298,1338,person,2374.43,1139.24,328.43,849.6
298,1384,person,1693.05,1328.72,295.48,486.16
298,1257,person,1807.32,1235.29,256.21,651.3
299,1248,person,1279.53,1264.24,517.37,725.87
299,1249,person,362.43,1387.65,497.15,520.13
299,1250,person,3588.12,1102.24,333.7,867.7
299,1265,person,2067.11,1235.28,374.43,697.33
299,1302,person,3392.87,1080.11,239.23,835.5
299,1259,person,2757.53,1145.08,558.39,1043.04
299,1253,person,3198.79,859.27,285.78,576.26
299,1254,person,1556.46,807.63,385.86,594.38
299,1338,person,2375.36,1137.23,327.2,845.29
299,1257,person,1787.43,1234.39,266.08,657.49
300,1248,person,1275.79,1265.6,512.77,721.95
300,1249,person,361.6,1387.55,500.42,521.51
300,1250,person,3588.8,1102.09,334.73,867.98
300,1265,person,2072.18,1233.79,375.97,702.34
300,1302,person,3392.59,1085.89,239.99,842.37
300,1259,person,2757.73,1144.2,557.99,1041.31
300,1253,person,3196.99,859.71,283.58,572.03
300,1254,person,1570.88,810.5,379.42,600.14
300,1338,person,2373.02,1139.61,328.51,848.58
300,1257,person,1788.68,1236.95,273.51,661.62
301,1248,person,1275.71,1265.78,508.55,717.88
301,1249,person,360.97,1386.23,503.04,522.08
301,1250,person,3589.62,1100.76,336.24,868.85
301,1265,person,2074.06,1222.14,376.13,703.96
301,1302,person,3392.11,1087.09,239.05,842.68
301,1259,person,2752.31,1144.58,558.2,1041.18
301,1253,person,3198.36,860.45,283.34,572.99
301,1254,person,1581.32,814.24,372.45,606.74
301,1338,person,2373.82,1136.03,325.89,840.38
301,1257,person,1800.03,1238.68,274.61,655.65
301,1384,person,1701.98,1355.63,261.78,433.43
302,1248,person,1280.89,1268.57,505.02,713.57
302,1249,person,362.43,1386.26,507.12,524.32
302,1250,person,3591.47,1100.4,337.47,868.8
302,1265,person,2077.13,1213.43,373.12,700.64
302,1302,person,3392.73,1088.12,237.3,840.21
302,1259,person,2754.19,1146.3,559.67,1047.24
302,1253,person,3199.21,857.81,278.77,564.66
302,1254,person,1587.33,814.63,361.39,606.4
302,1338,person,2376.6,1140.52,327.98,842.76
302,1257,person,1804.83,1237.6,273.47,650.35
302,1384,person,1714.1,1359.16,258.35,426.11
303,1248,person,1286.21,1269.99,503.01,710.88
303,1249,person,361.72,1386.54,510.29,525.56
303,1250,person,3594.41,1101.56,338.56,866.62
303,1265,person,2079.53,1206.24,368.36,694.85
303,1302,person,3394.09,1080.03,233.11,825.51
303,1259,person,2767.01,1130.67,544.15,1015.61
303,1253,person,3198.67,858.57,279.49,566.63
303,1254,person,1591.61,816.54,352.95,610.2
303,1338,person,2378.66,1143.11,328.91,842.06
303,1257,person,1802.45,1238.76,277.59,649.68
303,1384,person,1721.35,1361.29,256.65,423.44
304,1248,person,1292.64,1269.9,503.94,712.29
304,1249,person,361.61,1386.82,512.76,526.19
304,1250,person,3591.33,1101.99,338.74,865.37
304,1265,person,2080.85,1202.42,365.45,692.66
304,1302,person,3394.41,1088.69,233.69,829.66
304,1259,person,2768.59,1128.02,540.42,1010.05
304,1253,person,3196.7,855.45,276.48,559.59
304,1254,person,1593.65,781.81,307.17,539.55
304,1338,person,2373.89,1149.56,334.6,849.52
304,1384,person,1738.86,1365.17,254.07,417.85
305,1248,person,1298.56,1268.81,506.72,715.44
305,1249,person,361.37,1386.44,513.91,525.26
305,1250,person,3589.01,1101.35,339.25,865.63
305,1265,person,2081.13,1204.42,369.95,706.42
305,1302,person,3394.59,1088.89,233.4,830.55
305,1259,person,2766.09,1130.7,540.01,1014.51
305,1253,person,3194.37,855.92,278.43,562.11
305,1254,person,1593.1,753.22,273.71,483.48
305,1338,person,2370.74,1152.91,339.91,854.87
305,1384,person,1747.78,1363.24,266.96,421.35
305,1401,person,1566.79,942.31,227.87,358.05
306,1248,person,1301.65,1266.85,507.94,717.27
306,1249,person,360.01,1385.92,514.84,523.57
306,1250,person,3590.51,1099.65,341.34,869.14
306,1265,person,2082.44,1207.29,373.95,719.73
306,1302,person,3396.41,1080.49,230.28,818.47
306,1259,person,2766.63,1128.81,537.18,1009.47
306,1253,person,3197.53,856.19,277.91,562.22
306,1254,person,1592.86,789.52,306.58,555.52
306,1338,person,2368.89,1153.8,342.67,856.68
306,1384,person,1768.23,1369.24,259.05,403.89
307,1248,person,1307.85,1267.21,508.53,716.56
307,1249,person,356.38,1384.35,514.94,519.79
307,1250,person,3587.95,1098.11,342.43,872.62
307,1265,person,2089.29,1206.48,371.34,722.16
307,1302,person,3397.3,1024.48,205.82,717.06
307,1259,person,2757.87,1124.08,535.56,997.02
307,1253,person,3193.49,856.1,279.28,562.62
307,1254,person,1592.38,799.38,310.41,574.95
307,1338,person,2368.18,1154.75,345.5,856.9
308,1248,person,1309.89,1268.22,509.23,717.18
308,1249,person,354.54,1384.48,518.74,519.98
308,1250,person,3583.95,1098.1,341.9,874.83
308,1265,person,2087.65,1207.48,373.66,738.35
308,1302,person,3395.53,1072.29,229.43,802.75
308,1259,person,2763.67,1124.26,546.26,995.97
308,1253,person,3197.71,854.49,277.18,559.41
308,1254,person,1591.96,802.64,307.75,580.75
308,1338,person,2370.06,1156.22,349.68,859.34
308,1257,person,1747.83,1238.99,305.59,661.1
309,1248,person,1307.48,1266.59,510.48,720.43
309,1249,person,352.77,1382.79,521.19,518.06
309,1250,person,3583.76,1097.4,340.85,874.37
309,1265,person,2086.94,1204.46,364.21,733.58
309,1302,person,3394.33,1084.72,235.34,826.7
309,1259,person,2762.67,1125.33,552.96,999.82
309,1253,person,3201.26,854.71,278.34,563.95
309,1254,person,1593.41,804.84,305.23,584.26
309,1338,person,2375.91,1155.72,353.13,859.27
309,1406,sports ball,2869.91,1235.8,113.63,167.25
309,1257,person,1767.51,1238.78,322.13,662.42
310,1248,person,1302.0,1265.81,508.01,720.99
310,1249,person,350.61,1383.15,524.81,517.45
310,1250,person,3583.62,1097.57,340.34,875.94
310,1265,person,2090.04,1194.66,350.99,720.14
310,1302,person,3393.91,1089.16,238.62,841.96
310,1259,person,2767.83,1133.6,565.03,1016.35
310,1253,person,3202.79,856.44,280.21,570.18
310,1254,person,1592.06,807.06,303.33,587.33
310,1338,person,2377.2,1155.22,355.94,859.81
310,1406,sports ball,2865.38,1236.84,114.81,169.14
310,1257,person,1760.17,1239.93,345.73,664.12
311,1248,person,1297.58,1266.22,508.33,727.94
311,1249,person,347.12,1382.26,527.49,515.47
311,1250,person,3584.18,1097.03,339.78,876.3
311,1265,person,2092.34,1193.23,344.94,724.36
311,1302,person,3395.68,1082.29,236.43,836.29
311,1259,person,2784.61,1136.55,570.18,1024.79
311,1253,person,3203.08,856.54,279.4,570.64
311,1254,person,1592.72,806.32,301.1,586.2
311,1338,person,2380.27,1156.24,357.24,861.4
311,1257,person,1748.39,1239.52,366.67,666.4
311,1408,sports ball,3595.89,606.68,131.39,102.87
312,1248,person,1292.59,1265.49,501.47,725.63
312,1249,person,346.26,1381.84,531.27,514.87
312,1250,person,3583.0,1097.35,339.11,876.99
312,1265,person,2092.19,1197.25,345.46,744.92
312,1302,person,3396.34,1080.08,235.85,835.16
312,1259,person,2788.44,1127.31,561.45,1007.23
312,1253,person,3189.91,856.87,280.35,566.59
312,1254,person,1593.51,806.62,300.24,586.49
312,1338,person,2377.08,1156.35,358.0,861.22
312,1257,person,1770.34,1237.94,373.79,665.99
312,1408,sports ball,3595.83,606.45,130.25,101.95
312,1391,person,1613.12,1032.53,394.93,1044.39
313,1248,person,1292.67,1265.03,501.41,733.2
313,1249,person,347.3,1381.29,534.14,513.65
313,1250,person,3582.9,1097.33,338.21,876.47
313,1265,person,2090.93,1199.81,345.27,760.82
313,1302,person,3394.09,1086.1,235.99,837.06
313,1259,person,2799.37,1118.62,554.79,998.03
313,1253,person,3185.12,857.73,282.59,565.75
313,1254,person,1591.24,812.42,306.2,599.16
313,1338,person,2379.19,1154.67,357.17,857.18
313,1257,person,1775.99,1238.1,382.52,668.19
313,1408,sports ball,3595.58,606.05,129.72,101.49
313,1391,person,1615.96,1034.66,392.53,1041.26
314,1248,person,1292.99,1264.05,499.18,737.52
314,1249,person,348.58,1380.75,536.48,511.94
314,1250,person,3582.96,1098.18,337.65,877.56
314,1265,person,2091.17,1195.17,336.77,751.42
314,1302,person,3395.02,1089.03,237.7,845.29
314,1259,person,2799.44,1126.57,561.9,1015.49
314,1253,person,3193.2,857.39,281.73,565.72
314,1254,person,1588.41,815.46,307.84,604.62
314,1338,person,2378.64,1155.31,358.96,856.92
314,1257,person,1775.0,1237.54,387.69,666.28
314,1408,sports ball,3595.88,606.17,131.0,102.48
314,1391,person,1607.62,1035.85,386.79,1046.09
314,1412,person,2760.43,906.48,447.66,567.18
315,1248,person,1297.04,1262.86,496.33,740.29
315,1249,person,350.5,1381.08,540.81,512.3
315,1250,person,3583.17,1097.47,336.02,875.83
315,1265,person,2088.15,1196.28,335.31,754.46
315,1302,person,3395.31,1080.06,234.34,833.36
315,1259,person,2795.06,1123.25,555.27,1010.2
315,1253,person,3179.5,857.54,286.85,567.09
315,1254,person,1586.5,815.97,305.27,602.1
315,1338,person,2383.77,1154.73,359.77,854.94
315,1257,person,1774.94,1237.96,392.71,667.44
315,1408,sports ball,3595.6,606.09,130.69,102.19
315,1391,person,1605.23,1037.04,382.68,1047.47
315,1412,person,2757.98,904.67,444.3,563.05
316,1248,person,1298.82,1261.38,490.22,737.18
316,1249,person,349.48,1379.9,539.57,505.98
316,1250,person,3582.52,1097.95,335.22,876.56
316,1265,person,2084.75,1200.03,335.99,758.88
316,1302,person,3393.69,1084.91,234.84,838.53
316,1259,person,2792.15,1119.12,549.05,1002.76
316,1253,person,3173.63,857.09,290.56,566.45
316,1254,person,1584.89,818.66,308.33,608.95
316,1338,person,2385.91,1152.84,358.69,850.61
316,1257,person,1766.2,1238.79,398.14,670.8
316,1408,sports ball,3595.31,606.0,131.21,102.51
316,1412,person,2756.59,901.98,441.11,559.5
317,1248,person,1302.51,1260.21,487.01,736.24
317,1249,person,348.78,1379.0,540.18,500.84
317,1250,person,3583.01,1097.81,333.28,873.97
317,1265,person,2086.15,1193.28,328.18,739.87
317,1302,person,3392.86,1084.8,233.76,837.01
317,1259,person,2772.78,1106.72,525.0,972.35
317,1253,person,3187.85,857.69,290.34,568.36
317,1254,person,1585.21,836.64,323.05,644.07
317,1338,person,2387.3,1146.84,353.74,839.05
317,1257,person,1762.79,1237.15,401.63,670.06
317,1408,sports ball,3595.65,606.41,131.82,103.03
318,1248,person,1304.12,1259.56,484.46,735.15
318,1249,person,347.57,1376.61,543.13,497.51
318,1250,person,3582.89,1098.24,332.58,874.98
318,1265,person,2086.95,1192.99,325.91,731.39
318,1302,person,3392.85,1087.57,233.78,839.12
318,1259,person,2766.78,1124.11,540.21,1014.92
318,1253,person,3190.51,857.97,290.32,568.72
318,1254,person,1585.43,833.67,319.27,638.99
318,1338,person,2386.73,1151.38,356.98,847.59
318,1257,person,1758.44,1238.39,404.07,671.9
318,1408,sports ball,3595.5,606.61,131.37,102.64
318,1412,person,2748.19,902.05,445.02,566.7
319,1248,person,1304.42,1260.19,484.84,737.97
319,1249,person,358.57,1383.85,566.25,512.4
319,1250,person,3584.41,1098.74,330.07,871.74
319,1265,person,2089.51,1192.78,322.83,721.61
319,1302,person,3391.59,1091.18,234.03,840.45
319,1259,person,2746.03,1141.07,546.7,1050.15
319,1253,person,3199.01,858.73,288.71,570.89
319,1254,person,1584.66,830.46,314.81,631.53
319,1338,person,2385.54,1155.76,359.82,856.13
319,1257,person,1754.31,1240.42,406.13,671.58
319,1408,sports ball,3595.27,606.67,129.01,100.53
320,1248,person,1304.51,1260.42,485.54,741.83
320,1249,person,357.88,1386.31,574.79,514.4
320,1250,person,3583.77,1099.05,330.34,875.25
320,1265,person,2089.88,1206.65,330.91,739.7
320,1302,person,3392.4,1093.81,235.02,845.22
320,1259,person,2742.36,1128.57,521.23,1021.52
320,1253,person,3202.28,859.38,286.54,571.64
320,1254,person,1578.64,816.55,302.06,603.89
320,1338,person,2385.21,1157.55,360.04,858.66
320,1257,person,1753.23,1241.69,407.33,672.27
320,1408,sports ball,3595.28,606.55,129.05,100.33
321,1248,person,1306.98,1258.24,486.14,743.07
321,1249,person,353.34,1386.34,575.17,508.57
321,1250,person,3584.65,1097.29,328.44,872.67
321,1265,person,2089.67,1203.3,325.44,725.26
321,1302,person,3392.04,1090.93,234.37,843.55
321,1259,person,2737.81,1116.12,501.62,1000.74
321,1253,person,3206.67,857.59,285.07,573.05
321,1254,person,1578.67,817.49,305.04,609.35
321,1338,person,2386.37,1155.65,357.18,854.87
321,1257,person,1755.38,1239.22,405.34,668.81
321,1408,sports ball,3595.42,606.45,131.41,102.09
322,1248,person,1305.16,1257.88,485.71,743.06
322,1249,person,361.42,1389.9,586.62,511.54
322,1250,person,3582.42,1098.22,328.78,875.7
322,1265,person,2085.36,1211.34,328.11,727.68
322,1302,person,3390.43,1094.44,233.9,843.58
322,1259,person,2734.0,1114.97,489.23,998.13
322,1253,person,3208.43,859.35,282.96,574.01
322,1254,person,1572.56,822.17,308.61,617.52
322,1338,person,2387.32,1158.56,356.79,854.15
322,1257,person,1756.85,1240.71,406.25,671.42
322,1408,sports ball,3594.08,607.23,128.16,98.91
323,1248,person,1307.73,1254.62,487.44,745.42
323,1249,person,360.75,1387.86,589.77,507.96
323,1250,person,3583.91,1096.1,327.4,874.28
323,1265,person,2094.3,1211.2,324.86,718.95
323,1302,person,3390.84,1090.99,233.61,843.42
323,1259,person,2728.14,1128.92,495.49,1033.47
323,1253,person,3210.77,857.84,281.08,573.76
323,1254,person,1570.66,812.42,300.79,599.18
323,1338,person,2390.53,1153.42,352.09,844.44
323,1257,person,1764.62,1239.14,406.35,668.64
323,1408,sports ball,3594.78,607.58,131.94,102.06
324,1248,person,1306.37,1254.16,488.93,747.6
324,1249,person,364.33,1390.32,599.66,509.38
324,1250,person,3583.45,1097.9,326.72,874.93
324,1265,person,2096.5,1216.86,323.81,714.66
324,1302,person,3391.36,1095.63,234.84,847.73
324,1253,person,3209.18,859.5,276.89,570.04
324,1254,person,1556.69,815.71,305.38,601.93
324,1338,person,2390.04,1159.89,353.86,848.64
324,1257,person,1761.4,1241.65,407.46,667.39
324,1408,sports ball,3592.91,608.91,126.32,96.62
324,1417,person,3777.6,1083.8,124.8,925.13
324,1412,person,2724.7,897.55,440.67,569.94
325,1248,person,1305.08,1252.89,492.01,752.54
325,1249,person,356.7,1390.14,606.51,511.38
325,1250,person,3583.61,1095.88,325.98,874.59
325,1265,person,2101.3,1217.64,321.87,709.26
325,1302,person,3390.31,1091.6,234.31,846.15
325,1253,person,3209.1,858.26,274.86,569.91
325,1254,person,1551.99,811.07,304.97,595.27
325,1338,person,2391.83,1158.73,353.46,850.31
325,1257,person,1760.0,1240.15,409.88,669.73
325,1408,sports ball,3594.33,608.04,130.83,100.19
325,1417,person,3776.5,1080.42,126.15,910.53
325,1259,person,2721.23,1137.3,492.32,1052.78
326,1248,person,1302.3,1254.68,493.92,755.96
326,1249,person,357.5,1386.89,607.38,508.65
326,1250,person,3583.74,1097.09,325.99,876.75
326,1265,person,2101.87,1219.55,318.58,699.03
326,1302,person,3389.4,1095.6,235.12,849.66
326,1253,person,3210.0,858.04,273.39,570.72
326,1254,person,1558.86,811.51,303.58,593.03
326,1338,person,2390.19,1164.22,355.35,856.0
326,1257,person,1769.94,1239.91,405.72,664.12
326,1408,sports ball,3593.91,607.92,130.01,99.03
326,1417,person,3777.38,1079.1,125.23,922.11
326,1259,person,2716.17,1147.09,485.43,1063.78
327,1248,person,1300.22,1252.86,496.46,761.37
327,1249,person,352.85,1387.45,613.98,509.64
327,1250,person,3583.16,1096.19,325.56,876.37
327,1265,person,2102.51,1223.18,321.51,701.7
327,1302,person,3387.82,1090.93,233.32,843.31
327,1253,person,3210.25,857.71,271.9,571.35
327,1254,person,1562.67,809.87,302.94,591.68
327,1338,person,2390.25,1159.23,351.01,847.13
327,1257,person,1767.78,1239.6,411.36,669.08
327,1408,sports ball,3594.52,607.35,131.25,99.71
327,1417,person,3775.88,1075.64,126.52,914.63
327,1259,person,2714.29,1144.71,473.97,1065.14
328,1248,person,1293.34,1251.55,497.94,766.49
328,1249,person,352.43,1388.7,622.22,514.28
328,1250,person,3582.39,1100.11,323.44,871.55
328,1265,person,2106.4,1225.76,322.17,697.61
328,1302,person,3388.69,1092.78,233.95,845.17
328,1253,person,3210.87,859.34,270.27,571.67
328,1254,person,1559.37,807.39,299.14,585.2
328,1338,person,2387.5,1165.34,353.54,853.95
328,1257,person,1772.43,1238.87,415.38,665.9
328,1408,sports ball,3594.2,607.63,130.56,98.72
328,1417,person,3775.19,1076.62,126.64,915.34
328,1259,person,2753.15,1143.88,472.05,1057.88
329,1248,person,1289.92,1250.23,499.11,770.56
329,1249,person,355.27,1391.07,631.54,518.7
329,1250,person,3582.06,1098.83,323.68,873.07
329,1265,person,2106.54,1226.58,324.72,699.17
329,1302,person,3386.78,1088.98,232.26,838.71
329,1253,person,3210.98,858.54,270.14,573.78
329,1254,person,1553.27,804.66,298.28,582.84
329,1338,person,2387.12,1167.38,354.73,858.8
329,1257,person,1749.62,1237.83,426.52,665.68
329,1408,sports ball,3594.77,607.0,132.27,100.04
329,1417,person,3775.11,1075.05,126.62,915.11
329,1259,person,2766.21,1143.93,473.43,1060.28
329,1412,person,2719.46,896.62,429.65,568.25
330,1248,person,1283.23,1247.83,495.25,766.96
330,1249,person,366.01,1388.43,633.55,519.12
330,1250,person,3582.38,1100.68,322.49,870.95
330,1265,person,2107.36,1226.6,326.35,698.92
330,1302,person,3387.27,1092.02,234.29,845.47
330,1253,person,3209.21,859.99,269.05,574.11
330,1254,person,1553.26,806.46,298.97,583.81
330,1338,person,2387.33,1167.5,352.79,855.25
330,1257,person,1743.67,1238.1,437.67,663.07
330,1408,sports ball,3595.1,607.32,131.38,99.13
330,1417,person,3775.22,1076.34,126.33,912.86
330,1259,person,2753.63,1143.42,467.43,1055.77
330,1422,person,1627.1,1335.59,364.19,458.63
330,1412,person,2719.08,897.38,419.61,564.82
331,1248,person,1276.64,1244.63,494.99,770.46
331,1249,person,372.47,1384.86,632.51,516.39
331,1250,person,3581.92,1098.99,322.77,872.43
331,1265,person,2110.0,1227.67,329.24,701.85
331,1302,person,3387.44,1087.92,232.16,837.29
331,1253,person,3208.49,859.55,267.57,572.9
331,1254,person,1547.64,810.44,303.86,593.07
331,1338,person,2389.22,1162.34,347.99,845.19
331,1257,person,1743.64,1239.09,448.91,664.47
331,1408,sports ball,3594.78,607.15,134.92,102.37
331,1417,person,3775.49,1076.12,126.21,912.02
331,1259,person,2744.51,1142.85,460.02,1050.33
331,1412,person,2716.25,901.42,413.68,566.22
332,1248,person,1266.11,1245.61,495.07,775.3
332,1249,person,370.81,1380.95,630.2,512.37
332,1250,person,3581.64,1098.54,322.59,872.76
332,1265,person,2116.12,1227.06,329.21,700.37
332,1302,person,3386.74,1088.27,232.03,836.64
332,1253,person,3207.2,861.0,268.04,574.23
332,1254,person,1542.47,814.79,306.83,600.56
332,1338,person,2388.49,1164.37,348.77,847.96
332,1257,person,1742.36,1240.29,458.71,665.07
332,1408,sports ball,3594.71,607.51,135.12,102.83
332,1417,person,3775.37,1076.49,126.22,911.88
332,1259,person,2763.8,1149.58,464.7,1055.79
332,1412,person,2717.16,902.18,404.54,560.86
333,1248,person,1255.34,1245.09,493.63,777.72
333,1249,person,368.64,1378.95,628.91,510.18
333,1250,person,3581.72,1098.44,322.39,873.16
333,1265,person,2122.43,1225.92,331.65,705.4
333,1302,person,3386.99,1089.5,232.41,838.35
333,1253,person,3206.26,860.97,268.57,576.13
333,1254,person,1532.41,830.47,323.52,640.29
333,1338,person,2388.82,1166.2,350.17,853.74
333,1257,person,1745.21,1240.12,470.23,665.84
333,1408,sports ball,3594.53,607.01,135.0,103.19
333,1417,person,3775.56,1075.69,126.25,912.33
333,1412,person,2720.89,902.86,396.74,554.65
333,1425,person,2660.05,1406.11,756.62,566.17
334,1248,person,1240.92,1243.53,489.68,777.14
334,1249,person,366.05,1370.61,612.26,493.36
334,1250,person,3581.69,1098.63,321.91,872.65
334,1265,person,2128.32,1225.52,330.88,703.31
334,1302,person,3386.68,1090.13,232.9,840.04
334,1253,person,3206.17,861.77,268.39,575.78
334,1254,person,1526.56,821.41,316.8,624.92
334,1338,person,2386.6,1167.16,352.51,860.81
334,1257,person,1784.95,1239.76,458.45,659.77
334,1408,sports ball,3594.47,607.35,135.01,103.5
334,1417,person,3775.87,1075.39,126.03,911.15
334,1412,person,2731.61,908.77,398.75,558.52
334,1422,person,1630.68,1336.9,360.71,453.94
335,1248,person,1226.37,1243.81,487.92,779.41
335,1249,person,366.85,1373.22,620.44,497.41
335,1250,person,3582.14,1099.46,321.08,871.61
335,1265,person,2131.07,1225.43,333.7,712.62
335,1302,person,3386.45,1092.42,234.05,843.82
335,1253,person,3206.91,861.0,269.12,576.72
335,1254,person,1518.96,817.8,313.54,615.6
335,1338,person,2388.9,1168.37,350.21,858.2
335,1257,person,1747.99,1240.59,469.07,663.1
335,1408,sports ball,3594.39,607.59,134.63,103.44
335,1417,person,3775.96,1075.53,126.06,911.81
335,1412,person,2734.49,907.65,392.7,550.94
335,1422,person,1640.53,1337.07,366.37,459.18
336,1248,person,1211.82,1241.93,486.41,780.05
336,1249,person,369.12,1375.05,629.14,502.88
336,1250,person,3582.05,1097.01,321.73,874.08
336,1265,person,2136.8,1223.57,333.73,718.02
336,1302,person,3385.4,1089.36,232.53,837.43
336,1253,person,3209.05,858.71,268.74,575.98
336,1254,person,1511.06,840.87,336.72,664.31
336,1338,person,2390.7,1170.22,350.6,863.26
336,1257,person,1734.29,1240.38,480.72,667.68
336,1408,sports ball,3594.14,607.11,134.9,103.96
336,1417,person,3776.29,1075.81,125.87,911.33
336,1412,person,2732.75,908.17,389.49,548.19
336,1422,person,1636.92,1333.42,367.64,460.14
336,1259,person,2710.83,1168.43,470.76,1074.15
337,1248,person,1203.44,1241.92,486.02,781.46
337,1249,person,370.57,1374.95,631.16,501.34
337,1250,person,3582.36,1098.02,321.27,873.36
337,1265,person,2141.05,1223.22,333.9,723.2
337,1302,person,3385.69,1091.37,233.61,840.65
337,1253,person,3208.16,860.8,267.76,574.89
337,1254,person,1507.72,845.05,336.72,666.39
337,1338,person,2391.97,1166.96,346.08,855.25
337,1408,sports ball,3593.83,607.62,133.12,102.11
337,1417,person,3776.07,1076.18,125.7,910.16
337,1412,person,2734.08,913.35,389.24,549.45
337,1422,person,1660.95,1331.04,380.73,470.88
337,1259,person,2708.12,1173.48,466.18,1070.99
338,1248,person,1197.55,1239.99,486.92,783.57
338,1249,person,377.16,1373.4,632.58,496.77
338,1250,person,3582.48,1097.1,321.0,872.9
338,1265,person,2144.28,1223.08,335.31,731.33
338,1302,person,3385.48,1088.9,232.94,837.16
338,1253,person,3209.94,858.2,267.54,574.3
338,1254,person,1500.84,846.12,337.82,673.69
338,1338,person,2393.19,1166.36,345.01,857.0
338,1408,sports ball,3593.51,607.05,133.75,102.81
338,1412,person,2732.4,914.51,387.45,548.69
338,1259,person,2706.97,1175.42,463.21,1072.08
338,1257,person,1733.71,1240.47,490.9,669.08
339,1248,person,1196.39,1239.67,486.92,786.09
339,1249,person,375.51,1374.96,640.33,499.75
339,1250,person,3582.73,1099.82,320.18,870.69
339,1265,person,2141.36,1223.18,335.28,733.01
339,1302,person,3385.71,1092.05,233.54,838.01
339,1253,person,3207.94,861.17,267.47,575.05
339,1254,person,1497.4,842.04,331.21,664.46
339,1338,person,2392.58,1167.61,344.4,857.38
339,1408,sports ball,3593.09,607.79,130.98,99.9
339,1259,person,2717.07,1169.7,447.88,1054.05
339,1257,person,1737.91,1242.14,498.2,667.39
339,1417,person,3775.88,1076.75,125.53,908.66
340,1248,person,1202.58,1238.01,483.83,786.74
340,1249,person,370.28,1375.13,641.74,497.63
340,1250,person,3582.72,1098.7,320.44,872.19
340,1265,person,2140.29,1221.45,336.02,738.61
340,1302,person,3386.58,1090.86,234.61,841.23
340,1253,person,3208.2,860.73,267.4,575.54
340,1254,person,1498.78,849.04,337.25,682.62
340,1338,person,2393.93,1167.1,344.52,860.19
340,1408,sports ball,3593.43,607.02,134.19,102.76
340,1259,person,2712.5,1173.68,450.63,1060.19
340,1257,person,1742.2,1242.57,510.53,672.05
340,1412,person,2733.64,916.33,384.56,545.73
341,1248,person,1213.7,1238.82,479.56,787.34
341,1249,person,372.18,1373.27,641.26,493.87
341,1250,person,3583.22,1097.21,321.82,877.2
341,1265,person,2141.4,1222.81,336.84,743.99
341,1302,person,3386.47,1096.33,235.55,844.46
341,1253,person,3206.99,861.28,266.33,574.57
341,1254,person,1495.55,852.48,335.67,686.77
341,1338,person,2394.21,1165.53,341.29,855.75
341,1408,sports ball,3592.3,607.44,131.15,99.52
341,1259,person,2699.76,1174.61,449.89,1053.75
341,1257,person,1745.59,1243.6,517.07,669.34
341,1412,person,2732.29,918.95,382.75,545.29
341,1417,person,3775.96,1081.17,125.89,911.76
342,1248,person,1229.47,1235.14,477.59,789.06
342,1249,person,372.11,1372.66,647.07,495.02
342,1250,person,3583.82,1094.65,321.53,876.88
342,1265,person,2145.39,1221.62,336.75,749.04
342,1302,person,3386.49,1090.48,234.28,838.66
342,1253,person,3209.3,858.27,265.5,573.53
342,1254,person,1495.26,826.17,312.16,636.54
342,1338,person,2399.33,1168.46,341.63,863.19
342,1408,sports ball,3592.38,606.98,131.95,100.13
342,1259,person,2708.45,1175.07,453.33,1061.75
342,1257,person,1741.67,1237.92,526.92,673.12
342,1417,person,3776.08,1080.73,124.56,900.88
343,1248,person,1242.3,1237.27,478.05,792.82
343,1249,person,376.28,1379.16,665.26,507.3
343,1250,person,3582.9,1095.5,321.81,878.95
343,1265,person,2152.13,1219.35,333.51,745.9
343,1302,person,3386.74,1094.89,236.52,845.76
343,1253,person,3208.13,860.74,265.61,575.36
343,1254,person,1492.23,818.38,302.55,616.01
343,1338,person,2400.6,1163.24,335.88,851.01
343,1408,sports ball,3591.07,607.19,131.28,98.88
343,1259,person,2714.42,1168.88,444.43,1043.22
343,1257,person,1745.71,1240.06,531.58,671.81
344,1248,person,1255.75,1234.23,479.04,792.86
344,1249,person,373.86,1377.35,662.09,500.63
344,1250,person,3583.99,1093.55,321.33,878.18
344,1265,person,2160.37,1216.08,327.92,743.07
344,1302,person,3387.42,1090.13,235.45,840.68
344,1253,person,3210.79,859.06,265.39,575.51
344,1254,person,1492.25,806.88,294.69,596.26
344,1338,person,2402.37,1165.35,336.58,855.3
344,1408,sports ball,3592.13,606.88,134.02,101.23
344,1259,person,2694.26,1169.95,452.88,1052.11
344,1257,person,1745.28,1238.87,535.2,668.77
345,1248,person,1265.84,1236.91,480.08,790.46
345,1249,person,373.71,1378.97,655.01,489.6
345,1250,person,3583.84,1095.75,320.94,877.53
345,1265,person,2161.92,1215.15,320.42,737.38
345,1302,person,3385.43,1096.88,235.74,840.33
345,1253,person,3208.09,861.75,264.03,574.64
345,1254,person,1491.7,803.56,289.91,583.6
345,1338,person,2399.36,1170.34,336.1,857.23
345,1408,sports ball,3589.15,610.24,134.94,101.49
345,1259,person,2699.34,1171.36,451.45,1046.18
345,1257,person,1750.51,1241.31,539.38,667.37
346,1248,person,1274.88,1234.82,482.25,787.31
346,1249,person,382.57,1374.59,659.26,486.2
346,1250,person,3583.65,1098.22,318.11,868.69
346,1265,person,2165.95,1214.38,320.86,743.57
346,1302,person,3386.79,1091.74,235.67,839.56
346,1253,person,3210.57,859.06,263.45,575.23
346,1254,person,1491.89,794.9,285.45,569.97
346,1338,person,2403.09,1161.59,333.76,854.38
346,1408,sports ball,3590.48,607.47,131.62,98.35
346,1259,person,2695.45,1169.88,452.42,1046.47
346,1257,person,1752.45,1240.02,542.41,665.78
346,1417,person,3776.62,1080.75,123.6,892.97
347,1248,person,1277.44,1235.96,483.61,782.67
347,1249,person,379.43,1370.12,650.69,475.82
347,1250,person,3584.03,1097.77,319.8,874.28
347,1265,person,2164.35,1217.51,317.89,745.75
347,1302,person,3384.0,1098.26,235.71,839.3
347,1253,person,3208.17,861.8,262.52,574.24
347,1254,person,1489.48,796.84,286.68,570.08
347,1338,person,2401.83,1160.83,329.27,843.96
347,1408,sports ball,3588.33,611.13,134.28,100.22
347,1259,person,2712.51,1165.19,446.21,1039.77
347,1257,person,1753.09,1241.61,545.54,665.35
348,1248,person,1278.19,1233.91,487.51,783.09
348,1249,person,374.35,1370.14,661.12,480.42
348,1250,person,3582.9,1100.32,317.54,866.2
348,1265,person,2159.54,1212.31,314.3,744.72
348,1302,person,3383.56,1087.33,232.35,827.11
348,1253,person,3207.62,858.69,262.15,574.42
348,1254,person,1491.21,796.49,291.31,576.21
348,1338,person,2401.76,1159.02,331.48,855.19
348,1408,sports ball,3589.0,607.89,133.84,99.6
348,1259,person,2732.12,1141.48,427.86,1002.72
348,1257,person,1749.09,1238.4,555.19,674.31
349,1248,person,1281.09,1235.73,489.73,779.59
349,1249,person,381.33,1381.28,690.33,501.35
349,1250,person,3583.33,1102.92,316.87,863.37
349,1265,person,2158.49,1213.06,311.12,739.11
349,1302,person,3384.92,1090.0,232.4,825.82
349,1253,person,3209.56,861.46,262.51,576.2
349,1254,person,1492.12,793.74,288.04,567.15
349,1338,person,2401.02,1157.91,328.35,851.5
349,1408,sports ball,3589.34,610.72,132.4,97.85
349,1259,person,2737.24,1149.88,429.52,1016.07
349,1257,person,1751.55,1240.2,551.66,668.66
349,1417,person,3779.13,1068.27,121.73,891.21
350,1248,person,1278.53,1235.59,491.01,776.61
350,1249,person,376.1,1381.39,692.3,500.78
350,1250,person,3583.4,1097.86,320.99,875.21
350,1265,person,2152.57,1214.54,311.41,740.19
350,1302,person,3382.19,1089.59,233.0,826.71
350,1253,person,3207.3,857.43,261.08,572.78
350,1254,person,1491.0,940.87,423.4,866.47
350,1338,person,2402.24,1158.65,328.69,857.66
350,1408,sports ball,3588.6,608.24,136.2,100.65
350,1259,person,2765.48,1119.83,408.12,954.99
350,1257,person,1749.77,1238.8,551.64,667.51
351,1248,person,1282.01,1236.41,495.42,777.62
351,1249,person,383.23,1383.66,695.28,503.85
351,1250,person,3585.07,1101.58,317.18,863.02
351,1265,person,2146.85,1210.49,306.98,726.74
351,1302,person,3385.0,1086.96,231.92,820.67
351,1253,person,3210.2,859.87,261.56,574.07
351,1254,person,1493.04,990.46,454.17,963.19
351,1338,person,2403.17,1157.13,325.69,853.18
351,1408,sports ball,3589.57,610.12,135.74,100.14
351,1259,person,2760.5,1133.35,418.62,980.8
351,1257,person,1743.68,1236.97,546.73,662.42
352,1248,person,1282.54,1237.78,498.21,776.06
352,1249,person,376.72,1382.45,691.99,499.36
352,1250,person,3583.0,1097.97,321.91,875.71
352,1265,person,2141.36,1211.7,311.48,731.67
352,1302,person,3382.15,1088.81,232.54,821.71
352,1253,person,3207.2,861.57,262.73,575.08
352,1338,person,2403.37,1159.01,325.16,856.48
352,1408,sports ball,3588.29,608.11,138.28,102.12
352,1259,person,2779.91,1111.02,405.83,936.51
352,1257,person,1741.01,1237.59,545.58,662.29
353,1248,person,1285.04,1238.97,501.95,776.12
353,1249,person,376.67,1382.85,695.07,502.0
353,1250,person,3584.5,1101.32,318.28,863.8
353,1265,person,2142.31,1208.15,315.42,732.76
353,1302,person,3384.73,1084.95,231.6,815.39
353,1253,person,3208.73,862.7,263.51,576.28
353,1338,person,2405.29,1167.19,327.51,869.39
353,1408,sports ball,3589.79,608.66,139.47,103.31
353,1259,person,2756.14,1134.52,425.7,985.48
353,1257,person,1740.17,1238.44,543.27,663.13
353,1254,person,1496.5,1022.89,459.23,1009.19
354,1248,person,1282.0,1239.4,502.46,772.04
354,1249,person,373.39,1385.84,700.49,504.3
354,1250,person,3582.73,1098.42,322.79,875.46
354,1265,person,2141.33,1209.36,320.03,731.79
354,1302,person,3383.64,1091.27,233.55,821.82
354,1253,person,3204.9,863.65,264.25,576.8
354,1338,person,2403.9,1164.17,324.89,866.83
354,1408,sports ball,3588.57,608.83,141.84,105.43
354,1259,person,2748.79,1144.49,432.09,1008.18
354,1257,person,1745.75,1239.73,546.16,667.71
354,1254,person,1494.77,1009.56,434.89,984.95
355,1248,person,1286.59,1240.1,506.54,771.76
355,1249,person,374.92,1384.62,702.77,505.14
355,1250,person,3583.31,1100.53,319.56,865.41
355,1265,person,2139.42,1206.67,323.2,726.76
355,1302,person,3383.79,1088.71,228.8,802.89
355,1253,person,3207.39,861.3,263.29,574.05
355,1338,person,2404.59,1164.78,326.06,874.09
355,1408,sports ball,3589.88,607.66,141.63,106.16
355,1259,person,2755.18,1141.42,425.49,1001.24
355,1257,person,1746.52,1238.67,542.48,665.71
355,1254,person,1494.14,1021.86,430.46,1005.87
356,1248,person,1284.32,1241.68,507.36,767.91
356,1249,person,372.21,1388.95,712.75,511.8
356,1250,person,3582.62,1098.96,322.76,874.05
356,1265,person,2140.42,1208.43,328.1,726.43
356,1302,person,3383.04,1101.64,229.11,802.52
356,1253,person,3204.96,863.74,264.16,575.49
356,1338,person,2405.84,1168.19,323.74,874.84
356,1408,sports ball,3588.2,608.34,133.38,99.05
356,1259,person,2752.6,1121.19,405.22,949.22
356,1257,person,1768.06,1240.65,547.18,667.45
356,1254,person,1492.36,1020.54,417.36,1002.93
356,1434,person,1493.24,741.2,300.01,462.19
357,1248,person,1283.49,1242.1,508.83,765.33
357,1249,person,373.1,1385.0,708.13,507.84
357,1250,person,3582.95,1099.95,320.4,866.93
357,1265,person,2138.36,1212.09,327.95,718.5
357,1302,person,3383.39,1089.71,231.59,810.89
357,1253,person,3206.66,860.49,263.44,574.58
357,1338,person,2405.35,1169.71,324.97,883.87
357,1408,sports ball,3589.23,607.25,136.33,101.4
357,1259,person,2767.9,1101.79,384.73,905.65
357,1257,person,1764.13,1234.37,552.03,671.57
357,1254,person,1492.49,1023.17,409.13,1008.53
357,1434,person,1493.43,738.86,297.38,457.92
358,1248,person,1278.57,1245.07,507.61,760.35
358,1249,person,370.76,1386.42,709.27,507.56
358,1250,person,3582.59,1098.58,323.71,875.68
358,1265,person,2138.17,1218.15,330.79,715.47
358,1302,person,3384.63,1091.99,234.05,818.18
358,1253,person,3204.44,863.46,264.52,576.57
358,1338,person,2404.33,1173.09,324.5,888.22
358,1408,sports ball,3588.34,608.15,132.81,98.1
358,1259,person,2780.65,1091.05,374.57,886.83
358,1257,person,1773.07,1237.17,557.1,672.19
358,1254,person,1492.77,1017.1,396.29,999.41
358,1434,person,1493.88,759.67,322.21,497.48
359,1248,person,1274.67,1246.18,507.64,757.65
359,1249,person,371.99,1382.81,705.75,504.9
359,1250,person,3583.08,1096.1,323.81,875.75
359,1265,person,2132.42,1220.15,334.26,712.99
359,1302,person,3384.41,1088.09,234.98,821.4
359,1253,person,3206.39,860.42,264.04,576.25
359,1338,person,2404.49,1165.32,321.93,886.16
359,1408,sports ball,3588.29,606.88,135.22,99.79
359,1259,person,2788.93,1091.44,371.23,887.42
359,1257,person,1757.96,1236.84,549.98,667.15
359,1254,person,1491.72,1016.31,388.53,1000.59
360,1248,person,1266.54,1250.81,503.89,750.21
360,1249,person,371.66,1383.26,710.04,507.77
360,1250,person,3583.59,1097.75,324.79,877.28
360,1265,person,2134.36,1224.17,337.05,711.0
360,1302,person,3385.66,1089.07,234.72,817.77
360,1253,person,3205.66,863.41,264.32,577.5
360,1338,person,2401.83,1167.59,319.5,884.65
360,1408,sports ball,3586.63,609.54,132.38,96.81
360,1259,person,2794.62,1101.38,370.28,894.15
360,1257,person,1759.28,1240.09,547.59,666.24
360,1254,person,1492.25,1013.39,377.72,992.45
360,1439,person,2497.44,1428.32,466.47,554.41
361,1248,person,1262.3,1252.15,502.01,745.96
361,1249,person,375.58,1380.15,706.64,505.7
361,1250,person,3583.15,1095.59,325.28,878.62
361,1265,person,2143.37,1223.58,337.49,714.71
361,1302,person,3385.65,1086.43,236.13,821.9
361,1253,person,3207.81,861.78,263.1,575.08
361,1338,person,2404.16,1158.39,310.54,867.35
361,1408,sports ball,3587.03,608.16,137.65,100.81
361,1259,person,2803.73,1095.48,366.64,890.61
361,1257,person,1763.75,1236.64,551.46,669.05
361,1254,person,1493.1,1011.94,371.56,993.91
361,1439,person,2493.5,1426.73,466.21,553.84
361,1440,person,1484.82,1280.72,99.07,407.78
362,1248,person,1259.27,1255.19,499.61,740.71
362,1249,person,372.76,1381.83,713.31,510.55
362,1250,person,3582.79,1095.63,325.86,879.67
362,1265,person,2150.69,1224.76,335.91,716.05
362,1302,person,3385.22,1082.17,235.44,817.41
362,1253,person,3207.58,861.91,262.64,573.77
362,1338,person,2404.46,1159.0,307.26,865.08
362,1408,sports ball,3587.76,608.9,140.62,103.26
362,1259,person,2813.07,1097.8,360.08,881.41
362,1257,person,1818.91,1235.59,525.3,657.1
362,1439,person,2501.03,1429.06,464.14,550.54
362,1434,person,1494.71,808.76,376.46,588.92
363,1248,person,1257.54,1258.45,496.74,734.31
363,1249,person,371.7,1382.58,716.26,512.63
363,1250,person,3583.41,1096.03,326.37,880.49
363,1265,person,2133.3,1221.38,336.56,709.47
363,1302,person,3384.52,1080.92,235.34,815.84
363,1253,person,3207.82,861.42,263.12,573.55
363,1338,person,2404.42,1157.44,304.49,863.32
363,1408,sports ball,3587.72,608.94,143.32,105.83
363,1259,person,2816.24,1097.19,355.47,875.85
363,1257,person,1843.75,1235.03,509.64,655.47
363,1439,person,2538.74,1428.9,466.05,549.09
363,1434,person,1495.55,812.1,375.71,595.17
364,1248,person,1252.15,1260.18,495.01,732.56
364,1249,person,371.06,1379.69,712.26,509.45
364,1250,person,3583.9,1103.45,320.74,863.13
364,1265,person,2136.48,1220.51,338.35,709.12
364,1302,person,3383.9,1080.03,235.71,816.95
364,1253,person,3207.95,860.6,262.59,572.1
364,1338,person,2402.15,1156.77,305.18,868.05
364,1408,sports ball,3588.53,607.97,140.83,104.09
364,1259,person,2827.91,1086.97,353.27,870.96
364,1257,person,1796.81,1233.41,524.97,668.87
364,1439,person,2583.66,1428.17,461.02,544.31
364,1434,person,1497.67,814.49,374.58,600.81
365,1248,person,1241.53,1262.68,490.07,728.67
365,1249,person,373.08,1383.84,723.07,518.09
365,1250,person,3584.6,1107.48,318.8,855.21
365,1265,person,2128.51,1220.86,343.67,709.83
365,1302,person,3385.56,1081.92,236.89,820.39
365,1253,person,3208.16,861.84,263.03,573.32
365,1338,person,2400.85,1157.31,305.38,870.33
365,1408,sports ball,3589.47,607.59,138.18,102.11
365,1259,person,2840.65,1082.57,350.23,865.21
365,1257,person,1841.91,1235.92,511.63,666.23
365,1439,person,2592.98,1428.15,459.99,543.08
365,1434,person,1501.25,813.82,370.44,600.59
366,1248,person,1235.21,1263.29,484.57,724.05
366,1249,person,374.84,1384.78,725.32,520.45
366,1250,person,3585.74,1109.36,318.08,850.6
366,1265,person,2123.59,1220.56,349.09,709.81
366,1302,person,3386.15,1083.76,238.41,824.89
366,1253,person,3210.02,861.11,262.81,572.48
366,1338,person,2399.39,1158.17,306.32,874.31
366,1408,sports ball,3589.04,607.56,137.48,101.49
366,1259,person,2851.07,1081.05,348.56,862.74
366,1257,person,1784.65,1232.8,525.03,672.26
366,1439,person,2594.04,1428.26,458.98,540.68
366,1434,person,1503.62,814.23,367.3,601.35
366,1254,person,1555.14,1032.76,396.12,1041.32
367,1248,person,1233.62,1264.34,480.68,722.01
367,1249,person,373.59,1388.15,732.12,525.73
367,1250,person,3585.68,1111.1,318.5,849.99
367,1265,person,2123.57,1218.82,351.08,705.65
367,1302,person,3388.67,1088.66,241.57,835.19
367,1253,person,3209.78,862.08,261.88,572.13
367,1338,person,2398.31,1156.72,305.92,872.94
367,1408,sports ball,3588.87,608.43,135.13,99.37
367,1259,person,2860.25,1081.3,347.33,861.29
367,1257,person,1849.63,1237.37,517.12,670.12
367,1439,person,2561.24,1431.08,465.85,541.64
367,1434,person,1506.14,815.15,363.53,600.7
367,1254,person,1573.69,1036.75,406.66,1043.47
368,1248,person,1234.06,1265.07,477.85,721.14
368,1249,person,373.84,1388.78,732.94,526.86
368,1250,person,3586.21,1101.96,324.42,866.39
368,1265,person,2122.85,1216.88,355.03,706.57
368,1302,person,3388.29,1088.89,242.24,836.48
368,1253,person,3209.01,862.01,261.06,571.45
368,1338,person,2401.15,1031.71,228.63,614.9
368,1408,sports ball,3588.49,608.58,134.62,98.63
368,1259,person,2865.8,1084.87,349.05,866.23
368,1257,person,1883.25,1238.24,510.88,667.48
368,1439,person,2546.59,1432.39,470.79,538.97
368,1434,person,1505.45,816.11,360.91,602.71
368,1254,person,1599.03,1037.76,421.52,1044.03
368,1446,sports ball,2747.82,1296.67,131.32,165.41
369,1248,person,1235.07,1265.87,475.28,720.12
369,1249,person,372.05,1385.36,725.38,521.26
369,1250,person,3586.05,1108.43,321.44,856.64
369,1265,person,2128.28,1216.55,357.91,709.23
369,1302,person,3390.4,1089.39,242.19,835.39
369,1253,person,3208.89,862.07,260.27,571.32
369,1338,person,2402.5,986.96,203.43,521.61
369,1408,sports ball,3588.25,608.65,133.88,97.74
369,1259,person,2873.84,1079.48,344.14,852.63
369,1257,person,1893.55,1233.95,496.36,653.86
369,1439,person,2541.04,1434.66,477.51,538.11
369,1434,person,1506.61,816.26,357.03,601.89
369,1254,person,1576.74,1034.26,422.26,1043.28
369,1446,sports ball,2746.79,1297.2,133.25,168.01
370,1248,person,1235.66,1266.05,473.44,719.95
370,1249,person,372.96,1388.3,731.39,526.09
370,1250,person,3586.7,1101.56,325.91,868.68
370,1265,person,2129.64,1217.87,361.88,715.18
370,1302,person,3391.51,1089.89,242.65,836.45
370,1253,person,3208.57,862.4,260.14,572.53
370,1338,person,2403.74,972.56,199.73,491.12
370,1408,sports ball,3586.93,609.35,134.44,97.9
370,1259,person,2880.97,1090.46,346.0,858.28
370,1257,person,1897.13,1235.69,495.42,657.55
370,1439,person,2534.77,1435.37,482.32,535.12
370,1254,person,1537.99,1030.8,412.22,1040.35
370,1446,sports ball,2742.75,1296.49,135.49,171.11
371,1248,person,1236.84,1266.47,472.06,720.39
371,1249,person,372.68,1389.38,730.82,525.88
371,1250,person,3585.55,1098.61,327.12,873.41
371,1265,person,2122.26,1216.74,360.75,714.63
371,1302,person,3393.15,1089.68,242.15,835.11
371,1253,person,3211.46,861.77,258.0,571.11
371,1338,person,2403.2,968.03,203.55,482.88
371,1408,sports ball,3585.93,609.69,134.72,97.93
371,1259,person,2886.63,1093.79,349.96,873.02
371,1257,person,1898.56,1234.79,490.8,655.0
371,1439,person,2528.42,1437.61,488.81,534.33
371,1254,person,1592.16,1034.86,425.82,1038.89
371,1446,sports ball,2739.43,1293.98,135.04,170.93
371,1451,person,2617.83,1061.88,222.05,317.69
371,1434,person,1506.04,817.45,353.87,603.46
372,1248,person,1237.54,1265.94,471.86,722.78
372,1249,person,372.66,1389.91,725.34,521.56
372,1250,person,3584.62,1097.48,327.81,876.66
372,1265,person,2121.0,1214.83,359.24,713.82
372,1302,person,3394.42,1088.6,241.15,831.97
372,1253,person,3215.35,861.52,255.73,571.29
372,1338,person,2402.56,970.01,212.2,488.54
372,1408,sports ball,3585.23,610.69,134.53,97.57
372,1259,person,2895.14,1090.77,351.61,880.27
372,1257,person,1894.97,1234.65,486.67,653.13
372,1439,person,2524.13,1437.74,495.03,533.54
372,1254,person,1614.84,1036.64,438.35,1039.27
372,1446,sports ball,2736.93,1291.78,134.4,170.53
372,1451,person,2617.42,1061.3,221.87,317.55
372,1434,person,1503.67,818.69,349.96,605.21
373,1248,person,1237.24,1265.25,471.05,724.51
373,1249,person,372.9,1390.6,727.99,523.57
373,1250,person,3584.18,1107.83,321.2,857.53
373,1265,person,2117.63,1213.51,358.05,714.84
373,1302,person,3395.49,1086.98,239.7,827.94
373,1253,person,3217.76,859.76,251.6,567.6
373,1338,person,2402.7,971.14,218.79,490.74
373,1408,sports ball,3584.66,611.13,135.5,98.1
373,1259,person,2913.82,1087.99,352.32,882.85
373,1257,person,1894.12,1234.9,484.59,654.45
373,1439,person,2519.12,1437.2,501.01,533.49
373,1254,person,1623.92,1039.15,450.86,1043.59
373,1446,sports ball,2735.03,1290.91,134.87,171.75
373,1434,person,1502.89,818.58,344.99,603.99
374,1248,person,1237.31,1264.78,470.47,726.64
374,1249,person,371.9,1389.33,724.37,520.82
374,1250,person,3583.21,1100.76,325.3,870.38
374,1265,person,2120.04,1212.71,356.07,715.51
374,1302,person,3397.32,1074.05,233.91,805.73
374,1253,person,3217.34,860.39,249.89,568.34
374,1338,person,2402.21,972.08,225.06,493.82
374,1408,sports ball,3583.85,611.61,138.26,100.12
374,1259,person,2923.98,1085.1,348.96,879.23
374,1257,person,1885.88,1237.05,481.54,656.2
374,1439,person,2516.55,1436.11,500.87,528.4
374,1254,person,1628.96,1040.02,461.87,1046.36
374,1446,sports ball,2734.12,1288.67,135.96,173.91
374,1434,person,1503.58,819.0,342.13,605.2
375,1248,person,1237.56,1263.92,469.33,728.22
375,1249,person,370.65,1389.09,721.93,518.9
375,1250,person,3582.52,1097.99,326.47,874.83
375,1265,person,2122.4,1212.21,353.15,715.13
375,1302,person,3398.08,1065.91,230.37,791.38
375,1253,person,3215.76,860.31,248.99,569.81
375,1338,person,2401.8,972.84,230.71,496.07
375,1259,person,2927.67,1077.13,344.1,871.97
375,1257,person,1883.39,1236.96,477.42,654.62
375,1439,person,2519.95,1430.37,498.33,519.1
375,1254,person,1634.76,1041.55,473.04,1049.44
375,1446,sports ball,2732.83,1286.18,135.21,173.33
375,1434,person,1503.29,818.91,338.71,605.12
376,1248,person,1238.15,1262.67,467.89,729.63
376,1249,person,371.43,1389.02,721.85,518.34
376,1250,person,3582.86,1097.39,326.44,875.7
376,1265,person,2124.44,1211.38,351.92,718.76
376,1302,person,3399.93,968.45,183.1,598.95
376,1253,person,3175.79,861.25,259.38,570.38
376,1338,person,2399.56,974.24,236.61,499.13
376,1259,person,2925.49,1081.81,338.91,868.69
376,1257,person,1867.79,1238.25,472.67,656.99
376,1439,person,2521.32,1424.47,493.59,507.56
376,1254,person,1651.84,1044.44,492.07,1061.39
376,1446,sports ball,2731.98,1283.14,132.81,170.5
376,1434,person,1501.6,817.86,333.52,601.5
376,1457,person,1689.82,1346.07,481.57,454.27
377,1248,person,1239.6,1261.04,466.36,730.25
377,1249,person,371.44,1391.06,728.73,523.57
377,1250,person,3581.45,1097.12,325.76,875.8
377,1265,person,2126.58,1212.39,348.53,716.79
377,1302,person,3401.55,924.85,164.91,515.08
377,1253,person,3158.77,857.6,266.27,562.17
377,1338,person,2401.82,968.98,237.15,490.4
377,1259,person,2929.26,1084.17,338.63,878.18
377,1257,person,1862.47,1237.96,466.11,656.37
377,1439,person,2521.29,1405.44,471.09,474.2
377,1446,sports ball,2731.91,1278.73,132.65,170.86
377,1434,person,1502.01,815.79,329.16,597.52
377,1457,person,1696.78,1346.33,475.23,447.56
377,1408,sports ball,3581.86,612.04,141.42,102.33
378,1248,person,1240.05,1259.75,466.25,732.74
378,1249,person,373.57,1392.74,734.88,528.13
378,1250,person,3581.15,1097.48,325.68,876.16
378,1265,person,2128.3,1213.09,345.96,716.67
378,1302,person,3402.63,910.32,157.36,468.0
378,1253,person,3148.14,857.48,278.33,564.81
378,1338,person,2401.53,965.71,238.02,482.09
378,1259,person,2928.87,1094.89,331.34,872.86
378,1257,person,1873.94,1238.08,464.99,657.02
378,1439,person,2530.28,1419.66,503.87,506.05
378,1446,sports ball,2732.67,1275.11,131.09,169.13
378,1434,person,1503.9,816.84,327.42,597.32
378,1457,person,1698.21,1345.65,474.11,445.4
378,1254,person,1654.52,1049.49,509.43,1073.45
379,1248,person,1243.47,1256.94,469.56,740.39
379,1249,person,371.11,1386.71,723.34,519.61
379,1250,person,3581.84,1097.27,325.91,876.94
379,1265,person,2127.46,1211.58,344.02,717.01
379,1302,person,3402.7,906.69,159.05,453.01
379,1253,person,3147.19,854.22,285.18,559.47
379,1338,person,2401.41,963.39,240.97,479.22
379,1259,person,2934.38,1086.0,329.15,878.12
379,1257,person,1887.38,1238.88,465.67,657.97
379,1439,person,2551.33,1402.81,479.25,480.32
379,1446,sports ball,2733.93,1268.92,130.05,168.17
379,1434,person,1505.49,814.51,327.5,598.61
379,1457,person,1696.42,1346.93,476.73,447.11
380,1248,person,1250.06,1254.37,473.77,747.18
380,1249,person,372.89,1384.75,725.75,521.62
380,1250,person,3582.32,1096.89,325.98,876.87
380,1265,person,2128.58,1211.66,342.01,716.28
380,1302,person,3403.56,906.69,171.61,474.98
380,1253,person,3148.6,856.3,295.79,564.84
380,1338,person,2402.85,970.19,249.86,491.75
380,1259,person,2937.36,1084.06,316.34,853.57
380,1257,person,1887.89,1240.1,466.11,660.34
380,1439,person,2577.77,1393.42,459.53,461.24
380,1434,person,1503.93,813.46,324.0,593.83
380,1457,person,1699.26,1345.05,479.43,449.34
380,1254,person,1643.63,1052.38,522.08,1082.69
381,1248,person,1258.74,1251.06,479.67,753.88
381,1249,person,371.43,1381.04,721.77,519.03
381,1250,person,3582.67,1106.76,318.87,855.86
381,1265,person,2131.54,1212.98,344.07,720.66
381,1302,person,3404.34,903.15,176.35,474.97
381,1253,person,3170.79,856.1,293.54,558.92
381,1338,person,2405.12,967.57,251.61,489.78
381,1259,person,2940.83,1074.53,302.12,821.44
381,1257,person,1848.81,1239.68,452.05,655.69
381,1439,person,2582.5,1394.37,465.96,472.56
381,1434,person,1503.23,812.51,322.78,593.16
381,1457,person,1702.64,1343.15,483.39,453.1
381,1254,person,1640.92,1051.53,530.12,1085.43
381,1446,sports ball,2736.03,1265.48,128.66,166.14
382,1248,person,1264.46,1248.51,485.14,760.04
382,1249,person,369.92,1376.31,715.04,513.89
382,1250,person,3582.05,1111.28,316.48,848.36
382,1265,person,2132.09,1216.04,345.54,727.76
382,1302,person,3404.13,907.73,176.69,462.59
382,1253,person,3206.8,858.21,289.59,565.43
382,1259,person,2958.5,1063.16,305.02,828.11
382,1257,person,1839.34,1240.5,445.42,657.24
382,1434,person,1501.16,812.41,321.08,592.22
382,1457,person,1708.61,1340.55,491.21,461.52
382,1254,person,1643.33,1049.7,535.23,1080.67
382,1446,sports ball,2738.58,1264.46,128.46,165.73
383,1248,person,1266.76,1244.69,490.22,766.28
383,1249,person,371.57,1375.63,713.53,514.45
383,1250,person,3581.66,1112.38,315.76,845.38
383,1265,person,2136.92,1215.89,344.58,731.27
383,1302,person,3404.05,911.34,180.17,459.91
383,1253,person,3216.3,863.66,289.87,577.96
383,1259,person,2971.88,1067.18,313.52,852.84
383,1257,person,1830.53,1240.39,437.34,657.84
383,1434,person,1501.34,812.19,320.63,592.93
383,1457,person,1705.2,1342.95,488.62,458.58
383,1254,person,1647.78,1051.13,544.81,1084.55
383,1446,sports ball,2740.65,1263.12,129.5,167.17
383,1338,person,2402.0,1107.11,385.61,778.6
384,1248,person,1268.75,1242.22,494.93,772.13
384,1249,person,370.15,1378.72,718.9,520.95
384,1250,person,3581.46,1112.84,315.9,844.78
384,1265,person,2132.32,1214.97,343.14,730.31
384,1302,person,3404.11,913.27,184.58,460.8
384,1253,person,3224.07,860.24,280.72,572.17
384,1259,person,2977.09,1069.92,316.82,864.03
384,1257,person,1839.72,1239.3,431.35,657.52
384,1434,person,1499.69,812.18,319.26,592.58
384,1457,person,1698.18,1342.76,490.02,459.44
384,1254,person,1651.67,1052.53,552.55,1084.98
384,1338,person,2401.61,1137.06,402.22,840.21
385,1248,person,1271.84,1239.67,499.54,777.25
385,1249,person,366.94,1379.25,719.09,523.42
385,1250,person,3581.68,1111.79,316.33,845.19
385,1265,person,2134.92,1214.56,340.61,726.14
385,1302,person,3404.31,914.4,189.28,463.93
385,1253,person,3226.63,861.02,275.55,573.99
385,1259,person,2978.71,1071.51,316.7,869.07
385,1257,person,1842.97,1242.49,429.9,665.08
385,1434,person,1499.94,810.16,319.45,593.04
385,1457,person,1693.44,1342.7,492.81,461.02
385,1254,person,1636.95,1040.36,537.04,1046.34
385,1338,person,2401.28,1149.09,402.37,866.78
386,1248,person,1275.99,1237.9,502.43,778.73
386,1249,person,368.77,1379.72,717.76,523.37
386,1250,person,3582.24,1112.22,316.29,844.03
386,1265,person,2137.03,1215.08,337.86,720.09
386,1302,person,3404.65,1013.25,269.8,680.29
386,1253,person,3226.6,861.58,271.51,575.93
386,1259,person,2980.97,1074.49,317.74,877.71
386,1257,person,1840.13,1242.76,422.23,663.57
386,1434,person,1500.02,810.2,319.11,592.66
386,1457,person,1690.76,1343.43,492.07,458.96
386,1338,person,2401.95,1153.9,395.55,874.88
386,1439,person,2593.33,1367.6,433.59,440.84
387,1248,person,1280.99,1236.79,506.61,781.17
387,1249,person,367.71,1377.74,714.01,521.11
387,1250,person,3582.53,1111.41,316.9,844.79
387,1265,person,2134.06,1216.47,337.08,713.08
387,1302,person,3404.89,960.98,228.82,565.34
387,1253,person,3226.24,859.13,264.83,570.84
387,1259,person,2980.5,1078.01,315.87,881.17
387,1434,person,1503.97,810.22,320.25,593.3
387,1457,person,1701.23,1345.77,487.25,455.88
387,1338,person,2403.03,1157.18,389.33,882.3
387,1439,person,2592.71,1390.74,473.57,488.66
387,1451,elephant,2619.07,1044.68,210.5,298.43
388,1248,person,1283.53,1236.35,509.79,782.16
388,1249,person,370.95,1379.79,716.82,523.99
388,1250,person,3583.96,1101.99,324.15,864.3
388,1265,person,2133.69,1215.98,335.12,706.26
388,1302,person,3405.35,1032.9,284.66,723.46
388,1253,person,3224.63,859.7,261.79,572.39
388,1259,person,2983.97,1076.47,313.49,880.56
388,1434,person,1506.0,805.62,314.33,579.27
388,1457,person,1712.96,1345.22,483.32,454.91
388,1338,person,2405.11,1160.21,383.74,889.7
388,1439,person,2596.05,1406.11,494.73,519.1
388,1451,elephant,2619.99,1043.85,211.37,297.31
388,1254,person,1577.25,1051.81,540.2,1077.79
388,1257,person,1853.94,1241.32,417.55,659.82
389,1248,person,1284.26,1235.07,514.35,785.75
389,1249,person,374.41,1378.96,713.25,520.99
389,1250,person,3584.22,1107.77,320.27,852.68
389,1265,person,2134.47,1216.37,334.67,706.72
389,1302,person,3405.29,967.14,232.05,577.2
389,1253,person,3225.63,861.21,257.95,573.71
389,1259,person,2994.44,1085.77,320.95,903.18
389,1434,person,1507.49,810.54,321.79,591.9
389,1457,person,1722.85,1343.11,480.75,457.2
389,1338,person,2407.6,1158.59,372.28,883.96
389,1439,person,2597.33,1411.29,499.16,531.04
389,1257,person,1853.91,1241.63,415.59,663.02
390,1248,person,1284.86,1235.35,517.95,788.36
390,1249,person,373.71,1378.0,713.83,521.31
390,1250,person,3584.35,1100.7,325.1,867.46
390,1265,person,2135.29,1226.12,329.48,696.67
390,1302,person,3405.24,935.13,207.97,508.25
390,1253,person,3229.91,860.47,253.33,572.99
390,1259,person,3006.39,1085.45,323.68,905.2
390,1434,person,1508.23,805.44,318.61,583.69
390,1457,person,1734.07,1329.24,506.65,490.89
390,1338,person,2406.47,1159.93,366.75,887.23
390,1439,person,2603.85,1415.5,498.83,538.26
390,1257,person,1845.78,1242.18,414.22,665.14
390,1254,person,1537.07,1048.47,516.45,1071.48
391,1248,person,1285.95,1232.2,522.42,792.4
391,1249,person,375.38,1378.11,714.38,521.59
391,1250,person,3585.5,1096.79,327.33,874.85
391,1265,person,2145.03,1228.05,328.73,700.87
391,1302,person,3404.99,924.24,199.99,481.13
391,1253,person,3226.14,866.04,254.58,584.33
391,1259,person,3002.08,1078.64,320.84,898.27
391,1434,person,1508.21,798.25,313.83,571.14
391,1457,person,1747.5,1274.68,604.74,606.73
391,1338,person,2408.36,1160.48,358.79,885.68
391,1439,person,2568.86,1410.49,505.39,536.16
392,1248,person,1285.55,1231.65,525.27,794.97
392,1249,person,375.74,1376.04,709.47,517.32
392,1250,person,3585.91,1096.04,327.66,877.06
392,1265,person,2122.73,1225.55,339.32,706.03
392,1302,person,3404.8,919.66,199.18,472.25
392,1253,person,3229.22,859.28,246.03,571.63
392,1259,person,2999.54,1084.27,325.13,914.44
392,1434,person,1508.74,794.7,311.97,563.71
392,1338,person,2407.32,1164.13,357.08,894.74
392,1439,person,2539.9,1411.92,514.99,548.75
392,1257,person,1784.81,1246.19,418.37,670.06
393,1248,person,1281.78,1230.29,526.04,795.63
393,1249,person,374.69,1371.67,698.1,507.14
393,1250,person,3585.46,1105.47,322.23,860.64
393,1265,person,2109.0,1227.47,339.58,687.91
393,1302,person,3403.76,920.52,202.01,473.87
393,1253,person,3228.9,864.58,246.05,581.42
393,1259,person,3000.87,1079.58,321.62,905.62
393,1434,person,1508.74,798.13,317.7,572.12
393,1338,person,2404.28,1162.55,350.89,890.56
393,1439,person,2512.48,1415.15,517.48,555.17
393,1257,person,1768.26,1249.65,415.95,663.68
394,1248,person,1280.24,1229.19,525.43,794.16
394,1249,person,380.75,1368.26,698.04,503.6
394,1250,person,3586.71,1097.95,325.72,869.93
394,1265,person,2106.25,1217.87,348.43,692.42
394,1302,person,3404.15,917.05,201.67,467.36
394,1253,person,3229.29,864.2,242.77,580.78
394,1259,person,3012.37,1085.05,330.41,922.88
394,1434,person,1508.14,796.34,314.01,562.22
394,1338,person,2405.84,1159.71,345.51,887.29
394,1439,person,2522.41,1412.25,519.51,553.07
394,1257,person,1772.59,1246.87,418.03,665.8
394,1470,person,2412.0,967.03,264.62,486.21
395,1248,person,1276.58,1230.3,526.25,796.77
395,1249,person,376.08,1370.7,699.93,503.73
395,1250,person,3587.06,1096.66,328.8,877.16
395,1265,person,2101.68,1225.91,349.12,681.62
395,1302,person,3402.45,911.56,206.82,475.89
395,1253,person,3229.06,862.62,238.52,577.57
395,1259,person,3014.83,1087.01,333.33,926.29
395,1338,person,2401.95,1152.64,334.54,870.03
395,1439,person,2516.57,1382.86,473.67,490.71
395,1257,person,1771.69,1250.94,412.75,656.45
395,1254,person,1506.81,1017.93,465.89,1012.77
396,1248,person,1271.61,1230.28,524.55,797.51
396,1249,person,370.59,1372.46,708.6,509.35
396,1250,person,3587.13,1104.11,322.26,857.17
396,1265,person,2101.52,1217.03,355.21,691.98
396,1302,person,3403.2,909.49,209.45,478.89
396,1253,person,3229.6,859.29,233.16,569.85
396,1259,person,3010.24,1084.88,331.3,924.16
396,1338,person,2406.33,1151.42,329.45,867.86
396,1439,person,2522.69,1386.81,487.53,499.37
396,1257,person,1774.95,1245.44,413.25,658.54
396,1254,person,1504.41,1015.37,444.21,1005.36
397,1248,person,1261.86,1232.09,521.17,798.09
397,1249,person,371.01,1377.12,710.69,510.51
397,1250,person,3587.21,1099.36,327.8,871.0
397,1265,person,2098.27,1218.9,359.22,700.15
397,1302,person,3403.11,912.49,213.93,487.41
397,1253,person,3228.51,860.35,231.44,571.6
397,1259,person,3013.17,1085.33,330.02,923.53
397,1338,person,2403.52,1155.73,330.54,876.58
397,1439,person,2539.86,1400.64,527.73,536.55
397,1254,person,1503.22,1016.03,428.32,1003.59
397,1457,person,1828.53,1245.64,645.99,668.44
398,1248,person,1253.76,1230.21,517.21,799.91
398,1249,person,365.93,1374.51,709.26,509.09
398,1250,person,3586.82,1103.58,323.39,857.06
398,1265,person,2097.84,1214.24,363.69,707.63
398,1302,person,3403.82,910.35,214.09,485.44
398,1253,person,3228.87,855.34,224.57,560.57
398,1259,person,3018.65,1081.87,326.48,917.99
398,1338,person,2407.69,1153.19,325.73,872.84
398,1254,person,1502.12,1009.99,411.05,991.16
398,1257,person,1794.34,1240.25,420.79,662.55
399,1248,person,1241.8,1232.06,510.07,799.3
399,1249,person,367.79,1380.03,715.65,514.02
399,1250,person,3587.6,1100.45,328.15,868.72
399,1265,person,2099.83,1213.21,362.06,704.3
399,1302,person,3403.71,917.74,218.92,495.68
399,1253,person,3228.17,857.8,222.86,561.85
399,1259,person,3021.88,1076.42,319.7,899.09
399,1338,person,2404.8,1154.8,323.56,871.49
399,1254,person,1501.68,1010.14,398.13,985.91
399,1257,person,1809.03,1247.45,432.37,667.22
400,1248,person,1231.4,1228.93,502.16,797.38
400,1249,person,370.07,1374.29,717.17,515.16
400,1250,person,3587.78,1094.75,330.91,876.14
400,1265,person,2101.16,1208.79,361.33,703.69
400,1302,person,3403.79,914.28,219.48,495.38
400,1253,person,3228.39,854.18,219.83,560.12
400,1259,person,3032.51,1068.6,316.89,894.62
400,1338,person,2406.67,1152.06,321.62,872.46
400,1254,person,1499.84,1000.34,385.99,975.63
400,1257,person,1800.59,1241.71,436.48,663.19
400,1451,elephant,2618.45,1025.43,197.84,269.63
400,1439,elephant,2557.64,1370.22,489.01,477.42
401,1248,person,1221.15,1229.83,496.22,797.63
401,1249,person,369.99,1375.7,714.24,512.65
401,1250,person,3590.43,1097.36,331.11,876.77
401,1265,person,2106.52,1210.4,362.67,708.1
401,1302,person,3402.12,914.7,219.24,492.29
401,1253,person,3230.8,857.01,218.59,561.29
401,1259,person,3040.3,1075.57,318.95,899.88
401,1338,person,2406.61,1156.06,322.64,878.92
401,1254,person,1499.94,997.54,375.27,966.27
401,1257,person,1805.65,1245.23,442.07,660.79
401,1451,elephant,2617.56,1032.85,197.38,262.94
401,1439,person,2569.2,1391.61,539.22,518.76
402,1248,person,1204.95,1228.6,493.97,797.77
402,1249,person,370.41,1368.28,704.74,504.21
402,1250,person,3590.37,1093.31,331.45,878.35
402,1265,person,2108.2,1205.5,358.77,702.16
402,1302,person,3401.63,1012.47,299.32,695.12
402,1253,person,3231.53,855.01,218.12,565.27
402,1259,person,3046.0,1073.2,317.93,897.4
402,1254,person,1498.12,997.61,370.59,971.61
402,1257,person,1806.36,1242.98,446.92,661.12
402,1451,elephant,2618.95,1030.27,205.12,269.16
402,1439,elephant,2566.88,1367.62,505.99,466.06
402,1470,person,2406.33,975.04,277.19,508.58
403,1248,person,1198.29,1228.47,492.8,798.34
403,1249,person,376.03,1367.01,702.09,501.5
403,1250,person,3583.57,1096.76,331.59,875.51
403,1265,person,2113.66,1205.72,358.67,703.91
403,1302,person,3399.34,1033.19,308.52,734.36
403,1253,person,3232.06,860.2,217.43,568.39
403,1259,person,3054.84,1074.05,318.9,903.77
403,1254,person,1501.04,1002.92,366.98,979.26
403,1257,person,1810.47,1246.66,449.78,658.82
403,1451,elephant,2619.37,1032.77,208.08,270.5
403,1439,person,2567.85,1366.57,519.21,467.08
403,1470,person,2407.29,984.39,287.13,527.48
404,1248,person,1195.76,1226.25,493.21,800.97
404,1249,person,377.49,1368.28,702.97,501.91
404,1250,person,3582.27,1094.82,333.49,878.2
404,1265,person,2128.29,1201.84,352.3,698.93
404,1302,person,3396.12,967.9,257.24,605.77
404,1253,person,3233.41,866.19,219.25,579.7
404,1259,person,3063.54,1075.74,320.23,910.53
404,1254,person,1499.94,1000.35,360.51,975.46
404,1257,person,1808.19,1245.64,454.74,662.56
404,1451,elephant,2619.62,1031.77,209.99,270.64
404,1439,elephant,2564.77,1359.43,513.74,449.3
404,1470,person,2405.27,1016.5,320.06,596.24
405,1248,person,1196.37,1226.75,492.79,802.56
405,1249,person,378.03,1370.6,708.68,506.58
405,1250,person,3587.39,1094.26,333.22,877.68
405,1265,person,2120.09,1202.8,354.51,701.89
405,1302,person,3396.35,1029.63,299.0,723.97
405,1253,person,3236.36,880.51,223.97,602.35
405,1259,person,3066.42,1078.63,325.05,924.94
405,1254,person,1499.65,1001.72,355.84,976.68
405,1257,person,1806.83,1245.64,455.65,662.93
405,1451,elephant,2619.17,1033.19,214.06,274.8
405,1439,elephant,2558.96,1357.71,516.76,440.69
405,1470,person,2406.99,1004.92,306.32,572.6
406,1248,person,1202.18,1225.75,491.27,806.51
406,1249,person,376.95,1368.64,705.3,504.28
406,1250,person,3592.25,1094.27,332.13,878.98
406,1265,person,2116.42,1203.54,352.37,697.22
406,1302,person,3396.46,1059.46,310.3,774.42
406,1253,person,3239.58,880.18,223.72,610.11
406,1259,person,3074.63,1078.27,326.5,934.58
406,1254,person,1502.25,1003.31,353.96,982.06
406,1257,person,1801.11,1244.96,454.29,659.06
406,1451,elephant,2618.29,1029.3,213.0,272.96
406,1439,elephant,2559.6,1355.17,522.33,436.28
406,1470,person,2410.0,985.65,283.31,530.58
407,1248,person,1211.31,1222.2,487.49,808.89
407,1249,person,373.7,1367.31,700.74,500.52
407,1250,person,3593.3,1092.63,330.87,877.25
407,1265,person,2113.79,1214.15,356.18,706.17
407,1302,person,3397.63,1070.7,308.45,793.16
407,1253,person,3241.54,876.98,217.56,600.07
407,1259,person,3079.94,1077.22,326.31,940.95
407,1254,person,1502.48,1003.51,351.58,985.3
407,1257,person,1801.09,1244.06,457.03,661.44
407,1451,elephant,2617.25,1028.15,211.67,270.21
407,1439,person,2566.49,1357.04,534.19,440.74
407,1338,person,2409.0,1142.21,306.66,846.58
408,1248,person,1225.83,1223.22,483.25,812.16
408,1249,person,375.32,1371.94,716.21,512.41
408,1250,person,3594.59,1094.9,331.62,882.4
408,1265,person,2108.99,1224.08,352.8,700.66
408,1302,person,3401.69,1078.14,304.58,807.79
408,1253,person,3244.88,872.67,210.4,584.98
408,1259,person,3089.0,1076.91,324.24,941.84
408,1254,person,1503.38,1002.45,348.21,983.91
408,1257,person,1805.36,1243.02,456.9,659.08
408,1439,person,2565.53,1361.46,551.91,449.21
408,1470,person,2410.37,977.16,271.66,509.95
409,1248,person,1240.1,1223.81,479.28,813.29
409,1249,person,371.47,1371.71,720.45,516.79
409,1250,person,3593.63,1094.45,330.96,881.21
409,1265,person,2143.74,1223.92,343.65,705.95
409,1302,person,3403.91,1079.86,296.1,809.89
409,1253,person,3243.78,878.29,213.95,601.2
409,1259,person,3097.1,1075.1,320.94,939.37
409,1254,person,1503.75,1002.24,344.96,981.91
409,1257,person,1813.03,1245.05,455.46,655.58
409,1439,person,2562.45,1362.35,558.44,450.41
409,1470,person,2409.47,974.37,267.27,502.52
409,1451,elephant,2617.23,1028.68,213.28,271.83
410,1248,person,1253.99,1224.81,475.78,810.65
410,1249,person,370.9,1375.14,731.12,525.83
410,1250,person,3593.49,1094.39,330.3,880.43
410,1265,person,2118.82,1222.68,346.65,711.78
410,1302,person,3407.23,1075.41,286.26,808.2
410,1253,person,3246.07,891.62,220.32,627.06
410,1259,person,3099.68,1077.04,319.18,939.07
410,1254,person,1502.36,1003.68,343.07,983.02
410,1257,person,1821.16,1242.57,458.23,660.6
410,1439,person,2568.17,1361.19,564.89,451.88
410,1470,person,2410.2,972.83,264.67,498.62
411,1248,person,1263.5,1225.75,474.37,806.78
411,1249,person,371.64,1372.65,728.29,524.02
411,1250,person,3593.75,1094.95,329.8,880.13
411,1265,person,2104.66,1223.67,349.6,714.91
411,1253,person,3250.25,881.34,211.6,603.45
411,1259,person,3104.46,1077.38,317.41,937.25
411,1254,person,1501.46,1006.09,342.71,989.16
411,1257,person,1827.42,1244.91,450.48,650.91
411,1439,person,2564.73,1366.64,572.79,455.99
411,1470,person,2409.97,971.41,263.08,495.51
411,1479,person,3414.49,899.19,207.92,433.99
411,1451,elephant,2616.41,1029.08,214.62,272.73
412,1248,person,1273.01,1224.56,475.0,801.88
412,1249,person,368.72,1371.05,728.96,525.65
412,1250,person,3594.48,1095.02,329.34,879.57
412,1265,person,2099.4,1224.38,353.43,718.84
412,1253,person,3251.04,885.06,212.59,610.13
412,1259,person,3107.41,1074.94,313.33,928.46
412,1254,person,1503.16,1008.44,342.51,993.86
412,1257,person,1827.69,1243.32,455.09,656.9
412,1439,person,2561.72,1367.38,575.41,456.11
412,1470,person,2409.9,971.33,263.12,495.51
412,1451,elephant,2616.58,1029.73,216.44,275.16
412,1302,person,3413.28,1072.45,273.33,799.21
413,1248,person,1279.53,1225.24,477.86,798.54
413,1249,person,367.65,1370.11,726.65,525.04
413,1250,person,3594.5,1095.47,329.26,880.2
413,1253,person,3251.15,875.86,205.96,591.72
413,1259,person,3109.77,1057.03,300.9,888.23
413,1254,person,1503.61,1009.83,341.95,997.62
413,1439,person,2557.65,1371.09,584.16,461.71
413,1470,person,2408.8,970.95,262.76,494.58
413,1451,elephant,2617.68,1030.75,217.11,276.62
413,1302,person,3413.05,1070.82,264.71,799.21
413,1457,person,1936.12,1235.99,658.94,685.31
413,1479,person,3419.19,910.23,206.22,432.55
414,1248,person,1280.45,1226.59,480.89,796.23
414,1249,person,367.73,1367.44,722.81,523.08
414,1250,person,3594.57,1095.08,328.69,879.29
414,1253,person,3248.5,872.22,204.09,584.56
414,1259,person,3113.77,1038.29,290.97,849.74
414,1254,person,1503.51,1010.22,340.38,997.78
414,1439,person,2555.05,1361.5,569.74,446.68
414,1302,person,3413.96,1067.54,255.12,791.5
414,1338,person,2407.72,1146.04,305.49,855.06
414,1265,person,2133.3,1231.07,344.33,709.63
414,1257,person,1810.72,1239.64,449.34,656.19
415,1248,person,1283.81,1227.35,484.52,794.07
415,1249,person,368.29,1368.55,725.03,525.65
415,1250,person,3593.84,1094.71,328.31,879.57
415,1253,person,3256.49,868.96,202.94,577.9
415,1259,person,3121.83,1050.03,305.9,887.29
415,1254,person,1507.54,1012.34,341.57,1004.02
415,1439,elephant,2552.24,1362.83,571.56,445.64
415,1302,person,3414.33,1065.81,249.38,793.98
415,1338,person,2408.48,1142.84,299.64,848.63
415,1265,person,2126.36,1229.77,346.14,715.23
415,1257,person,1812.17,1238.82,448.77,655.93
415,1451,elephant,2620.06,1032.33,218.23,278.77
416,1248,person,1285.41,1229.0,488.45,792.98
416,1249,person,368.52,1366.32,719.62,521.8
416,1250,person,3593.8,1094.57,327.24,877.44
416,1253,person,3245.05,864.68,203.46,570.99
416,1259,person,3124.41,1039.36,304.84,874.41
416,1254,person,1508.36,1011.46,339.98,1001.16
416,1439,elephant,2551.22,1360.29,564.83,438.25
416,1302,person,3413.55,1060.11,241.82,786.29
416,1338,person,2409.26,1146.49,298.43,856.25
416,1265,person,2113.04,1233.78,344.78,683.48
416,1257,person,1825.8,1239.09,451.01,655.09
416,1451,elephant,2620.68,1034.58,217.94,279.01
416,1434,person,1506.39,757.87,282.97,486.09
417,1248,person,1286.64,1230.15,493.16,792.52
417,1249,person,366.55,1366.62,717.87,521.45
417,1250,person,3594.33,1096.01,327.42,878.4
417,1253,person,3238.3,862.09,202.15,564.52
417,1259,person,3128.75,1059.95,323.8,921.21
417,1254,person,1507.61,1011.15,335.83,989.0
417,1439,person,2549.52,1361.0,560.08,433.56
417,1302,person,3414.77,1062.52,238.26,792.16
417,1338,person,2406.23,1147.77,296.23,854.93
417,1265,person,2144.65,1228.44,343.61,700.49
417,1257,person,1826.37,1236.59,453.4,651.86
417,1451,elephant,2617.86,1032.76,216.12,277.2
417,1434,person,1505.34,753.79,286.29,477.42
418,1248,person,1287.0,1230.9,497.64,792.64
418,1249,person,368.53,1366.5,718.93,522.89
418,1250,person,3594.13,1095.12,326.69,877.06
418,1253,person,3236.68,861.61,206.74,564.47
418,1259,person,3133.88,1065.5,332.39,936.0
418,1254,person,1506.24,1008.28,334.09,983.11
418,1439,person,2570.92,1386.42,610.45,484.17
418,1302,person,3418.86,1056.15,230.49,783.52
418,1338,person,2406.82,1151.99,299.75,866.59
418,1265,person,2115.98,1219.68,349.95,691.22
418,1257,person,1835.38,1237.23,458.1,657.25
418,1434,person,1505.8,749.11,288.75,468.77
419,1248,person,1287.48,1231.26,501.23,791.35
419,1249,person,367.75,1366.93,720.72,525.06
419,1250,person,3594.45,1095.03,326.53,876.99
419,1253,person,3241.87,862.13,208.26,566.7
419,1259,person,3138.12,1067.47,339.28,944.93
419,1254,person,1505.83,1006.7,333.63,980.92
419,1439,person,2589.68,1405.35,637.71,522.08
419,1302,person,3418.97,1054.91,225.85,782.32
419,1338,person,2406.46,1155.16,299.69,872.75
419,1265,person,2102.26,1216.54,357.59,694.28
419,1257,person,1838.24,1238.13,460.69,659.27
419,1434,person,1506.94,744.03,289.6,458.79
420,1248,person,1286.99,1233.04,504.12,788.92
420,1249,person,367.12,1365.2,715.23,521.5
420,1250,person,3594.08,1095.5,326.1,876.53
420,1253,person,3242.66,861.2,208.68,565.13
420,1259,person,3138.04,1071.22,345.99,954.15
420,1254,person,1504.4,1006.55,333.27,979.28
420,1439,person,2571.17,1417.35,643.64,536.65
420,1302,person,3419.56,1060.48,224.39,793.82
420,1338,person,2407.11,1154.32,296.64,868.84
420,1265,person,2097.22,1214.32,361.51,694.93
420,1257,person,1838.49,1238.4,461.27,658.31
420,1434,person,1505.51,741.01,293.79,457.44
421,1248,person,1289.75,1234.48,507.51,786.62
421,1249,person,370.91,1367.96,726.96,531.7
421,1250,person,3593.16,1094.69,325.65,875.74
421,1259,person,3142.02,1071.06,351.43,954.89
421,1254,person,1504.4,1006.67,335.76,987.28
421,1439,person,2589.95,1422.99,628.58,539.39
421,1302,person,3422.96,1065.56,221.92,801.63
421,1338,person,2408.37,1156.95,297.0,877.22
421,1265,person,2091.74,1218.84,371.3,703.19
421,1257,person,1816.12,1236.0,457.74,653.9
421,1483,sports ball,2762.78,1259.51,123.7,166.93
422,1248,person,1285.0,1236.76,508.04,782.23
422,1249,person,374.0,1365.42,718.78,527.14
422,1250,person,3593.31,1094.85,325.69,876.32
422,1259,person,3150.04,1070.97,357.45,954.28
422,1254,person,1503.15,1005.65,334.13,982.54
422,1439,person,2601.48,1424.83,607.02,536.02
422,1302,person,3425.27,1070.38,218.1,807.29
422,1338,person,2410.07,1161.25,296.95,883.83
422,1265,person,2094.52,1221.76,376.75,708.1
422,1257,person,1813.49,1235.9,454.95,650.34
422,1483,sports ball,2761.65,1264.66,125.19,169.08
422,1434,person,1504.51,740.38,298.66,458.88
423,1248,person,1285.55,1238.26,510.83,780.35
423,1249,person,383.38,1365.64,715.51,528.42
423,1250,person,3593.11,1094.57,325.9,877.28
423,1259,person,3154.79,1069.02,364.53,956.33
423,1254,person,1502.74,1006.1,335.2,986.19
423,1302,person,3425.71,1073.54,214.6,811.5
423,1338,person,2405.26,1162.77,297.63,885.94
423,1265,person,2099.99,1221.99,376.98,708.92
423,1257,person,1828.08,1237.82,460.28,654.93
423,1483,sports ball,2759.15,1275.14,122.05,165.07
423,1434,person,1505.47,742.36,302.3,459.44
424,1248,person,1281.37,1239.68,511.51,776.23
424,1249,person,384.28,1366.1,709.48,527.33
424,1250,person,3592.16,1095.35,326.65,879.17
424,1259,person,3159.02,1070.05,372.53,961.31
424,1254,person,1503.87,1006.76,333.21,980.3
424,1302,person,3428.21,1074.79,209.52,810.31
424,1338,person,2408.36,1166.14,296.7,891.65
424,1265,person,2123.81,1225.8,375.81,712.6
424,1257,person,1833.57,1239.12,463.1,653.96
424,1483,sports ball,2757.33,1286.18,121.81,164.86
424,1434,person,1505.63,752.89,314.57,478.3
425,1248,person,1275.92,1240.29,511.61,773.28
425,1249,person,384.94,1363.97,705.83,527.94
425,1250,person,3592.19,1094.2,326.6,877.86
425,1259,person,3165.16,1065.35,380.46,965.03
425,1254,person,1504.29,1010.18,337.39,995.11
425,1302,person,3432.56,1073.2,204.04,807.9
425,1338,person,2409.49,1165.67,294.38,891.38
425,1265,person,2131.24,1227.6,371.55,708.14
425,1257,person,1832.89,1242.98,466.47,655.78
425,1483,sports ball,2756.52,1293.08,118.51,160.36
425,1451,person,2615.07,1001.51,312.66,422.73
425,1439,person,2585.06,1430.24,578.28,532.51
426,1248,person,1275.42,1242.37,512.15,768.84
426,1249,person,407.14,1362.67,688.04,522.67
426,1250,person,3590.09,1095.89,327.54,878.62
426,1259,person,3168.12,1066.06,388.35,969.22
426,1254,person,1505.94,1015.13,340.73,1007.65
426,1302,person,3427.29,1074.64,202.71,813.27
426,1338,person,2408.15,1165.1,292.28,890.01
426,1265,person,2138.69,1230.36,369.35,710.54
426,1257,person,1834.09,1242.57,465.33,653.39
426,1483,sports ball,2756.04,1296.75,119.37,161.78
426,1451,person,2615.41,1008.27,293.93,412.1
426,1439,person,2581.37,1435.55,559.41,537.37
427,1248,person,1269.76,1243.11,512.93,767.64
427,1249,person,379.9,1359.41,694.53,527.19
427,1250,person,3588.45,1093.36,328.06,877.61
427,1259,person,3172.56,1065.71,393.96,968.08
427,1254,person,1504.87,1014.96,341.03,1011.3
427,1302,person,3425.21,1073.54,201.55,816.88
427,1338,person,2408.41,1164.34,290.58,889.14
427,1265,person,2164.16,1223.08,361.55,713.71
427,1257,person,1829.37,1239.35,472.54,659.64
427,1483,sports ball,2757.26,1297.37,119.37,161.91
427,1451,person,2615.16,993.16,306.0,446.72
428,1248,person,1260.51,1246.06,509.85,763.45
428,1249,person,405.2,1360.07,684.16,528.54
428,1250,person,3589.56,1096.1,329.16,878.97
428,1259,person,3177.36,1065.8,400.89,970.57
428,1302,person,3422.87,1073.27,199.23,814.72
428,1338,person,2405.41,1164.82,288.19,885.28
428,1265,person,2177.94,1226.32,351.25,710.27
428,1257,person,1833.71,1240.77,472.38,658.98
428,1483,sports ball,2758.3,1299.6,120.71,164.13
428,1451,person,2615.19,986.72,301.52,457.02
428,1434,person,1504.15,804.19,371.81,578.17
429,1248,person,1254.23,1246.53,506.84,759.73
429,1249,person,380.61,1357.4,697.09,541.19
429,1250,person,3588.14,1094.17,328.87,876.76
429,1259,person,3183.31,1062.36,406.32,972.78
429,1302,person,3425.39,1075.44,198.0,819.87
429,1338,person,2404.7,1155.97,286.34,877.62
429,1265,person,2142.89,1222.81,355.69,714.56
429,1257,person,1832.26,1240.04,476.41,660.75
429,1483,sports ball,2760.67,1298.75,122.72,167.69
429,1451,person,2618.46,985.7,299.34,468.88
429,1492,person,2557.13,1426.72,339.12,544.73
429,1254,person,1504.8,1006.62,335.42,995.8
430,1248,person,1242.66,1249.66,500.56,754.78
430,1249,person,359.8,1361.23,699.49,545.07
430,1250,person,3587.05,1094.74,329.83,878.78
430,1259,person,3190.18,1062.58,413.43,977.21
430,1302,person,3425.56,1077.96,196.97,822.44
430,1338,person,2403.94,1164.56,288.88,888.18
430,1265,person,2124.61,1222.8,358.4,712.82
430,1257,person,1838.11,1238.24,477.44,661.48
430,1451,person,2618.93,981.4,288.47,464.69
430,1492,person,2557.95,1427.49,337.8,542.63
430,1254,person,1506.3,1002.58,329.88,980.68
431,1248,person,1230.42,1252.93,493.92,751.08
431,1249,person,353.3,1364.21,706.6,558.19
431,1250,person,3589.85,1093.16,330.46,878.49
431,1259,person,3203.05,1058.1,417.61,973.58
431,1302,person,3428.74,1076.89,194.12,817.76
431,1338,person,2403.39,1153.6,285.08,873.35
431,1265,person,2115.74,1220.6,360.2,709.29
431,1257,person,1835.08,1238.47,481.68,664.17
431,1451,person,2619.21,976.04,281.4,464.21
431,1254,person,1507.7,999.3,329.34,979.43
432,1248,person,1224.11,1257.15,485.44,743.94
432,1249,person,350.01,1361.31,700.02,569.1
432,1250,person,3589.88,1093.86,329.71,875.8
432,1259,person,3212.07,1056.69,422.91,971.85
432,1302,person,3428.39,1077.81,192.93,819.0
432,1338,person,2404.94,1152.25,286.09,870.88
432,1265,person,2106.07,1217.56,360.54,705.38
432,1257,person,1834.71,1239.5,484.26,664.38
432,1451,person,2618.61,974.05,276.5,465.8
432,1254,person,1507.75,1001.1,328.63,979.58
433,1248,person,1222.29,1257.68,479.49,739.57
433,1249,person,347.48,1353.6,694.96,568.73
433,1250,person,3591.63,1092.49,330.86,876.33
433,1259,person,3213.68,1060.0,423.67,963.53
433,1302,person,3429.67,1075.93,190.17,813.08
433,1338,person,2403.28,1147.7,286.7,867.52
433,1265,person,2099.34,1212.43,359.98,699.26
433,1257,person,1832.01,1240.27,488.1,665.51
433,1451,person,2619.68,971.97,271.12,464.88
433,1254,person,1507.78,1000.61,329.58,983.4
433,1496,sports ball,3515.51,632.82,126.57,93.17
434,1248,person,1221.52,1260.32,472.58,732.81
434,1249,person,368.58,1346.76,683.6,558.57
434,1250,person,3592.99,1093.83,332.13,877.19
434,1259,person,3213.61,1065.25,422.14,952.46
434,1302,person,3428.34,1076.59,189.0,811.95
434,1338,person,2402.58,1146.11,286.86,862.09
434,1265,person,2095.9,1212.54,361.43,697.38
434,1257,person,1828.03,1241.9,487.92,663.55
434,1451,person,2618.61,970.53,264.9,461.96
434,1254,person,1508.28,999.94,328.5,980.89
435,1248,person,1225.14,1261.75,467.11,728.46
435,1249,person,384.4,1344.77,678.93,569.54
435,1250,person,3591.19,1094.51,332.22,876.45
435,1259,person,3224.48,1067.83,423.31,945.89
435,1302,person,3427.82,1079.05,188.69,813.53
435,1338,person,2404.45,1145.13,289.64,863.76
435,1265,person,2091.01,1212.97,364.64,699.84
435,1257,person,1827.18,1244.44,479.88,654.7
435,1451,person,2617.42,964.9,247.07,434.62
435,1254,person,1510.3,1000.75,328.62,980.92
436,1248,person,1226.81,1262.32,464.01,727.76
436,1249,person,394.09,1341.1,666.53,576.69
436,1250,person,3592.24,1094.48,332.28,875.62
436,1259,person,3227.83,1068.3,424.77,941.39
436,1302,person,3427.54,1082.67,189.59,821.11
436,1338,person,2402.06,1146.21,289.84,861.24
436,1265,person,2087.37,1212.96,365.11,695.89
436,1257,person,1821.12,1245.83,476.77,653.47
436,1451,person,2619.01,967.66,248.55,441.97
436,1254,person,1511.12,1001.45,329.03,981.89
437,1248,person,1228.24,1262.06,461.45,727.89
437,1249,person,391.06,1339.74,644.64,575.52
437,1250,person,3592.5,1094.26,331.83,876.39
437,1259,person,3226.84,1069.89,425.18,936.56
437,1302,person,3428.69,1075.33,188.17,814.35
437,1338,person,2401.31,1151.59,289.94,861.76
437,1265,person,2099.01,1216.85,365.87,699.99
437,1257,person,1817.84,1244.66,472.46,651.13
437,1451,person,2617.0,965.12,244.05,437.49
437,1254,person,1511.38,1001.47,329.68,983.52
438,1248,person,1230.19,1261.73,458.42,727.46
438,1249,person,385.25,1338.35,618.49,570.53
438,1250,person,3594.85,1094.53,331.36,876.37
438,1259,person,3231.47,1068.23,429.46,939.04
438,1302,person,3429.25,1072.01,187.84,811.47
438,1338,person,2400.74,1155.83,291.01,866.55
438,1265,person,2091.44,1215.23,365.9,694.49
438,1257,person,1810.64,1244.22,466.45,649.59
438,1451,person,2615.85,961.11,237.82,428.51
438,1254,person,1509.75,1002.42,329.38,983.62
439,1248,person,1230.15,1260.91,459.69,734.98
439,1249,person,382.77,1321.38,623.51,598.55
439,1250,person,3594.69,1094.65,330.22,875.08
439,1259,person,3232.82,1068.34,432.62,940.94
439,1302,person,3432.33,1079.29,191.15,827.69
439,1338,person,2401.52,1157.28,290.74,867.76
439,1265,person,2087.47,1216.81,369.09,695.59
439,1257,person,1807.08,1243.51,460.01,647.31
439,1451,person,2615.03,959.6,233.82,423.29
439,1254,person,1507.97,1003.99,328.78,984.6
440,1248,person,1230.33,1260.44,459.86,739.9
440,1249,person,379.13,1328.65,608.18,606.96
440,1250,person,3593.53,1096.48,328.62,874.22
440,1259,person,3232.01,1067.47,436.27,944.99
440,1302,person,3432.28,1082.87,192.4,835.29
440,1338,person,2402.7,1150.59,289.8,863.24
440,1265,person,2088.92,1219.52,369.87,693.68
440,1257,person,1815.65,1244.57,457.57,647.4
440,1451,person,2613.71,959.85,230.6,419.49
440,1254,person,1504.43,1004.07,326.65,982.51
441,1248,person,1233.28,1255.86,458.77,741.94
441,1249,person,375.89,1335.06,561.1,579.16
441,1250,person,3593.77,1096.82,327.78,874.62
441,1259,person,3235.08,1065.57,438.5,946.05
441,1338,person,2403.24,1147.06,290.0,860.55
441,1265,person,2087.59,1220.16,371.14,691.46
441,1257,person,1829.42,1242.38,466.24,658.06
441,1451,person,2614.49,958.04,228.17,415.81
441,1254,person,1502.62,1002.37,325.43,982.58
442,1248,person,1237.01,1253.53,460.34,747.31
442,1249,person,364.94,1337.48,546.03,584.79
442,1250,person,3593.83,1100.58,325.72,872.89
442,1259,person,3235.38,1062.69,442.79,952.3
442,1338,person,2401.67,1152.06,290.5,862.86
442,1265,person,2085.42,1223.81,376.93,694.32
442,1257,person,1830.58,1241.29,467.78,662.3
442,1451,person,2613.46,961.47,226.28,413.15
442,1254,person,1501.99,1002.72,322.64,977.87
442,1439,person,2554.35,1398.49,539.78,508.18
442,1302,person,3422.46,1084.36,192.13,835.49
443,1248,person,1246.56,1249.84,463.93,752.35
443,1249,person,354.38,1342.23,528.06,584.12
443,1250,person,3594.79,1100.6,323.3,869.36
443,1259,person,3238.67,1062.6,445.11,954.77
443,1338,person,2402.47,1149.24,291.77,864.37
443,1265,person,2090.22,1226.3,381.9,701.45
443,1257,person,1808.3,1240.56,457.85,657.98
443,1451,person,2615.16,961.35,225.55,412.18
443,1254,person,1501.37,1003.47,322.68,980.79
443,1439,person,2550.05,1370.01,513.73,466.07
443,1302,person,3424.58,1085.21,191.18,836.63
444,1248,person,1253.37,1248.18,468.27,757.78
444,1249,person,353.96,1345.34,512.39,587.21
444,1250,person,3595.42,1101.87,322.3,870.07
444,1259,person,3238.47,1061.59,445.8,953.8
444,1338,person,2401.84,1148.5,290.58,857.94
444,1265,person,2095.95,1226.71,380.39,700.15
444,1257,person,1798.2,1238.51,452.71,657.63
444,1451,person,2614.39,962.7,223.46,409.26
444,1254,person,1501.65,1007.81,323.28,986.51
444,1439,person,2553.77,1366.61,511.27,454.57
444,1302,person,3420.94,1085.92,190.08,834.92
445,1248,person,1258.67,1244.07,475.0,766.78
445,1249,person,354.67,1340.73,490.48,582.54
445,1250,person,3596.48,1101.79,320.34,867.69
445,1259,person,3238.21,1061.11,448.02,956.15
445,1338,person,2400.8,1149.99,294.16,866.54
445,1265,person,2108.14,1226.52,377.24,701.32
445,1257,person,1830.98,1238.83,460.34,660.94
445,1451,person,2615.83,961.51,221.84,405.33
445,1254,person,1500.4,1008.55,323.41,990.69
445,1439,person,2551.26,1357.87,512.0,447.61
445,1302,person,3425.35,1082.4,185.52,813.99
446,1248,person,1263.35,1241.76,480.12,772.44
446,1249,person,379.24,1339.61,463.95,578.64
446,1250,person,3596.59,1101.17,320.03,869.4
446,1259,person,3236.99,1061.59,450.48,958.43
446,1338,person,2403.55,1150.5,294.9,868.49
446,1265,person,2109.13,1228.46,380.02,708.84
446,1257,person,1811.46,1243.68,454.11,660.57
446,1451,person,2615.49,960.23,219.18,399.88
446,1439,person,2565.69,1352.24,515.45,445.93
446,1302,person,3425.13,1086.88,188.3,832.05
446,1434,person,1499.05,812.04,364.59,594.4
447,1248,person,1265.26,1239.39,484.6,777.75
447,1249,person,362.69,1335.37,450.15,578.87
447,1250,person,3597.33,1102.47,317.53,864.55
447,1259,person,3235.86,1062.39,450.77,956.24
447,1338,person,2407.12,1145.55,293.27,860.29
447,1265,person,2107.45,1226.2,380.36,711.53
447,1257,person,1828.09,1243.85,462.85,668.88
447,1451,person,2616.04,955.98,216.75,393.78
447,1302,person,3427.14,1081.94,183.45,811.58
447,1434,person,1499.05,810.5,355.25,596.02
448,1248,person,1269.42,1239.8,488.8,782.04
448,1249,person,357.36,1311.62,475.95,635.61
448,1250,person,3597.49,1101.96,317.33,866.14
448,1259,person,3235.48,1063.98,453.32,957.98
448,1338,person,2407.47,1140.92,290.51,851.9
448,1265,person,2119.6,1225.11,377.12,712.85
448,1257,person,1839.82,1243.93,466.59,667.9
448,1451,person,2614.79,953.93,211.0,381.68
448,1302,person,3427.79,1085.56,182.65,810.11
448,1515,person,2615.14,1168.0,395.47,820.02
448,1254,person,1500.34,1011.68,324.76,997.8
449,1248,person,1273.07,1238.82,493.09,786.39
449,1249,person,359.13,1306.2,469.58,650.42
449,1250,person,3598.11,1101.82,316.14,864.23
449,1259,person,3233.07,1063.73,457.48,963.78
449,1338,person,2404.77,1134.25,286.77,840.36
449,1265,person,2127.5,1222.8,373.91,713.89
449,1257,person,1839.03,1248.6,463.18,658.33
449,1451,person,2614.56,949.87,207.59,372.97
449,1302,person,3427.17,1088.86,183.35,815.56
449,1515,person,2609.41,1164.91,399.15,827.82
449,1434,person,1499.96,806.39,344.3,585.47
450,1248,person,1275.33,1237.59,495.65,787.98
450,1249,person,361.9,1305.35,442.03,631.74
450,1250,person,3598.52,1102.27,314.85,861.45
450,1259,person,3232.11,1063.84,461.37,969.43
450,1338,person,2404.95,1128.91,282.59,827.62
450,1265,person,2131.08,1218.17,370.91,710.43
450,1257,person,1844.63,1277.54,431.55,604.12
450,1451,person,2614.44,944.78,201.8,358.93
450,1302,person,3426.27,1087.43,182.14,812.17
450,1515,person,2596.93,1166.23,397.95,825.71
450,1434,person,1500.16,800.67,333.93,571.13
451,1248,person,1277.06,1237.01,498.56,790.2
451,1249,person,363.91,1300.53,416.37,611.75
451,1250,person,3598.84,1104.54,313.85,859.75
451,1259,person,3232.26,1064.61,463.63,971.23
451,1338,person,2401.65,1132.09,283.58,832.15
451,1265,person,2135.01,1216.78,368.98,708.07
451,1257,person,1848.21,1304.95,403.44,551.92
451,1451,person,2613.1,940.85,198.58,350.02
451,1302,person,3423.94,1091.41,183.67,821.6
451,1515,person,2631.26,1243.82,325.91,660.95
451,1254,person,1500.5,1008.28,321.81,990.47
452,1248,person,1277.09,1232.63,502.14,793.52
452,1249,person,365.07,1293.92,399.79,601.6
452,1250,person,3598.03,1103.39,312.6,856.65
452,1259,person,3232.34,1065.38,464.23,969.32
452,1338,person,2403.11,1132.95,280.93,830.84
452,1265,person,2129.23,1214.09,371.87,710.72
452,1257,person,1839.13,1276.8,447.46,608.94
452,1451,person,2612.98,939.05,198.89,348.13
452,1302,person,3423.86,1088.78,181.63,814.5
452,1254,person,1501.0,1009.05,322.29,992.97
453,1248,person,1278.3,1232.08,505.83,796.94
453,1249,person,366.77,1302.13,402.17,621.41
453,1250,person,3597.72,1106.21,313.15,858.64
453,1259,person,3231.54,1068.06,464.3,967.1
453,1338,person,2402.7,1132.69,278.09,828.17
453,1265,person,2125.05,1211.99,372.52,708.49
453,1257,person,1838.14,1259.99,473.45,645.48
453,1451,person,2610.61,935.42,195.46,338.68
453,1302,person,3424.13,1089.05,181.48,815.75
453,1254,person,1501.94,1011.09,321.88,994.44
453,1515,person,2636.3,1292.79,298.95,586.19
454,1248,person,1278.73,1229.35,507.89,797.8
454,1249,person,371.58,1302.84,398.65,629.48
454,1250,person,3597.19,1105.3,311.64,854.75
454,1259,person,3232.74,1066.79,465.99,967.31
454,1338,person,2400.62,1136.29,282.51,842.81
454,1265,person,2122.0,1210.3,374.3,709.9
454,1257,person,1846.73,1252.11,484.11,664.53
454,1451,person,2610.71,928.03,192.23,328.86
454,1302,person,3425.87,1076.43,176.32,791.94
454,1439,person,2636.71,1278.56,625.77,575.02
454,1434,person,1500.36,793.8,323.61,556.15
455,1248,person,1276.44,1229.69,509.31,799.16
455,1249,person,377.9,1328.51,381.07,609.37
455,1250,person,3597.64,1106.26,312.46,858.12
455,1259,person,3232.57,1073.0,465.89,964.06
455,1338,person,2397.3,1139.47,285.28,851.55
455,1265,person,2113.73,1211.52,376.4,711.41
455,1257,person,1847.77,1254.44,475.9,655.84
455,1451,person,2607.51,925.35,189.37,320.47
455,1302,person,3426.22,1076.92,176.99,794.11
455,1439,person,2640.12,1272.31,613.44,596.19
455,1434,person,1500.11,795.75,321.82,558.18
456,1248,person,1272.04,1229.35,510.09,801.4
456,1249,person,390.95,1342.91,360.62,574.47
456,1250,person,3595.93,1105.75,311.55,854.95
456,1259,person,3233.91,1073.67,464.73,958.14
456,1338,person,2397.06,1140.17,282.48,848.24
456,1265,person,2153.3,1204.25,359.78,702.97
456,1257,person,1846.68,1252.25,475.39,655.81
456,1451,person,2601.88,919.53,185.7,313.03
456,1302,person,3422.23,1078.08,178.62,800.86
456,1439,person,2638.11,1268.5,588.5,596.64
456,1254,person,1501.67,1011.31,323.28,999.94
457,1248,person,1271.24,1229.55,510.38,802.39
457,1249,person,396.74,1342.56,353.93,565.55
457,1250,person,3595.14,1105.03,312.55,857.27
457,1259,person,3233.04,1074.92,460.96,946.77
457,1338,person,2397.18,1140.1,279.36,845.28
457,1265,person,2164.58,1209.42,352.92,713.52
457,1257,person,1848.2,1247.25,481.53,663.09
457,1451,person,2595.74,917.81,181.52,305.04
457,1302,person,3421.87,1066.34,176.8,786.54
457,1439,person,2626.7,1262.22,575.8,610.46
457,1434,person,1500.77,801.59,322.25,563.39
458,1248,person,1263.11,1230.0,509.64,806.47
458,1249,person,398.24,1345.39,337.32,537.97
458,1250,person,3593.84,1105.12,312.06,854.74
458,1259,person,3235.87,1077.13,456.61,934.03
458,1338,person,2394.56,1136.22,276.0,837.79
458,1265,person,2166.88,1213.78,336.21,704.59
458,1257,person,1849.99,1287.43,429.58,580.01
458,1451,person,2591.79,915.09,179.73,301.22
458,1302,person,3422.39,1059.01,176.19,777.55
458,1439,person,2624.04,1256.45,567.77,628.87
458,1254,person,1501.55,1010.55,321.87,996.76
459,1248,person,1258.21,1230.69,506.05,805.65
459,1249,person,396.09,1334.76,347.83,560.59
459,1250,person,3592.82,1104.05,312.83,855.73
459,1259,person,3237.52,1078.93,454.52,927.74
459,1338,person,2393.84,1137.2,275.11,839.62
459,1265,person,2129.04,1213.63,337.77,709.19
459,1257,person,1848.43,1303.93,412.69,548.95
459,1451,person,2588.73,910.55,173.66,289.3
459,1302,person,3418.86,1057.75,177.42,777.18
459,1439,person,2615.3,1256.78,562.53,650.72
459,1254,person,1501.5,1010.92,319.85,991.91
460,1248,person,1249.7,1230.76,502.14,807.33
460,1249,person,393.25,1344.4,330.97,534.82
460,1250,person,3591.11,1105.07,313.01,853.98
460,1259,person,3240.2,1080.46,452.74,923.46
460,1338,person,2390.96,1141.67,277.68,851.16
460,1265,person,2149.47,1212.53,326.17,709.15
460,1257,person,1840.26,1311.03,409.02,536.33
460,1451,person,2586.57,907.06,170.83,282.23
460,1302,person,3420.57,1059.18,182.51,793.66
460,1439,person,2604.27,1259.27,553.81,670.34
460,1254,person,1501.12,1007.48,318.47,987.98
460,1530,sports ball,2712.62,1015.59,131.5,170.16
461,1248,person,1240.8,1231.11,496.5,807.93
461,1249,person,388.02,1348.78,324.37,528.57
461,1250,person,3589.47,1105.25,314.82,856.0
461,1259,person,3241.42,1082.32,450.65,918.72
461,1338,person,2384.7,1143.66,278.27,854.48
461,1265,person,2158.05,1216.44,320.85,715.48
461,1257,person,1836.47,1309.26,412.58,535.53
461,1451,person,2582.4,903.82,168.65,278.09
461,1302,person,3419.85,1056.56,183.12,790.67
461,1439,person,2596.59,1252.01,528.77,662.91
461,1254,person,1500.65,1007.86,317.76,986.46
462,1248,person,1235.15,1229.41,490.75,809.45
462,1249,person,387.6,1345.87,324.02,532.87
462,1250,person,3589.48,1105.3,315.31,854.88
462,1259,person,3241.2,1083.69,450.22,917.19
462,1338,person,2381.34,1147.14,279.67,861.0
462,1265,person,2154.48,1216.77,316.72,719.29
462,1257,person,1825.14,1265.74,473.75,619.5
462,1302,person,3421.85,1054.66,184.8,792.26
462,1439,person,2592.16,1254.99,512.32,664.57
462,1254,person,1500.93,1007.13,317.46,985.77
462,1531,person,2398.89,951.68,254.54,459.85
463,1248,person,1232.53,1228.57,485.21,811.09
463,1249,person,387.72,1338.69,325.93,541.96
463,1250,person,3591.17,1105.77,315.18,853.38
463,1259,person,3240.72,1082.55,450.41,917.85
463,1338,person,2378.88,1148.41,279.8,863.32
463,1265,person,2148.07,1215.77,311.0,714.66
463,1257,person,1821.32,1249.46,495.1,652.77
463,1302,person,3424.25,1059.9,188.85,804.01
463,1439,person,2589.12,1266.45,515.79,692.37
463,1254,person,1500.73,1007.27,317.36,986.34
464,1248,person,1231.66,1225.24,481.76,815.15
464,1249,person,388.24,1346.22,309.65,514.86
464,1250,person,3590.73,1106.41,315.95,852.4
464,1259,person,3239.4,1080.59,449.61,915.86
464,1338,person,2378.22,1143.63,276.71,852.15
464,1265,person,2139.57,1211.83,305.62,704.33
464,1257,person,1815.26,1278.05,453.57,592.87
464,1302,person,3423.76,1059.33,190.96,805.46
464,1439,person,2586.19,1274.9,514.08,713.47
464,1254,person,1499.98,1002.81,313.88,975.85
464,1531,person,2399.38,946.92,249.95,451.57
465,1248,person,1233.84,1221.4,480.5,822.2
465,1249,person,387.79,1348.44,301.02,499.13
465,1250,person,3590.39,1108.27,317.28,853.37
465,1259,person,3237.24,1077.94,449.03,913.3
465,1338,person,2378.06,1142.77,276.71,850.67
465,1265,person,2143.5,1213.59,300.91,700.73
465,1257,person,1810.71,1288.66,448.71,582.7
465,1302,person,3420.48,1065.95,191.53,805.65
465,1439,person,2604.91,1290.94,526.9,746.23
465,1254,person,1499.93,1002.56,313.71,977.03
465,1451,person,2561.44,895.87,155.27,260.33
466,1248,person,1239.75,1218.31,478.4,827.47
466,1249,person,388.83,1349.3,298.2,492.59
466,1250,person,3589.15,1107.43,317.64,851.22
466,1259,person,3236.39,1077.2,448.77,911.42
466,1338,person,2378.06,1139.04,275.65,845.9
466,1265,person,2143.79,1213.41,299.52,701.78
466,1257,person,1807.28,1264.6,489.57,640.3
466,1302,person,3422.37,1057.16,191.84,798.96
466,1439,person,2583.04,1292.41,524.64,771.42
466,1254,person,1500.42,1002.27,313.42,978.38
466,1531,person,2397.69,952.43,256.92,464.98
467,1248,person,1245.25,1216.35,476.56,832.7
467,1249,person,389.96,1353.37,302.52,498.73
467,1250,person,3589.63,1107.43,319.25,852.58
467,1259,person,3234.38,1074.74,451.73,916.45
467,1338,person,2375.7,1141.29,277.41,850.13
467,1265,person,2143.96,1214.76,297.17,700.63
467,1257,person,1808.76,1256.79,499.99,660.23
467,1302,person,3420.26,1064.22,192.02,797.83
467,1439,person,2572.2,1300.2,508.25,771.27
467,1254,person,1501.03,1003.34,312.48,979.36
468,1248,person,1253.09,1212.1,474.79,836.84
468,1249,person,390.75,1355.53,305.73,503.27
468,1250,person,3589.6,1108.53,318.58,848.43
468,1259,person,3232.93,1075.47,451.61,915.71
468,1338,person,2375.61,1127.6,270.11,825.39
468,1265,person,2146.23,1214.48,295.46,700.32
468,1257,person,1806.42,1254.16,503.4,669.72
468,1302,person,3419.59,1067.45,193.15,800.93
468,1439,person,2562.75,1265.7,457.67,709.78
468,1254,person,1503.05,1004.52,311.72,979.82
469,1248,person,1262.31,1204.15,479.27,852.65
469,1249,person,391.53,1356.15,307.7,506.36
469,1250,person,3590.04,1108.08,320.14,849.99
469,1259,person,3230.64,1073.82,452.68,918.53
469,1338,person,2375.06,1128.73,270.76,827.79
469,1265,person,2148.44,1213.67,294.42,702.31
469,1257,person,1808.99,1254.58,500.22,670.55
469,1302,person,3416.58,1070.61,194.55,804.21
469,1439,person,2556.84,1244.51,434.78,689.49
469,1254,person,1505.28,1005.84,311.9,981.14
470,1248,person,1271.77,1198.21,480.98,862.34
470,1249,person,391.71,1351.32,306.2,503.52
470,1250,person,3591.32,1106.92,320.1,847.77
470,1259,person,3229.13,1075.16,453.85,921.89
470,1338,person,2378.27,1098.91,253.99,769.93
470,1265,person,2148.94,1216.99,294.56,707.09
470,1257,person,1811.21,1259.34,491.99,660.11
470,1302,person,3415.98,1070.84,195.54,806.05
470,1439,person,2545.97,1236.76,418.07,674.14
470,1254,person,1506.22,1006.8,312.55,981.9
471,1248,person,1280.86,1194.92,481.99,868.8
471,1249,person,391.78,1346.74,304.64,499.08
471,1250,person,3591.63,1107.27,319.59,844.46
471,1259,person,3226.52,1074.12,455.8,927.86
471,1338,person,2377.67,1102.08,257.03,774.93
471,1265,person,2152.27,1218.15,292.87,708.99
471,1257,person,1814.98,1264.18,489.81,657.32
471,1302,person,3416.47,1071.35,196.09,807.04
471,1439,person,2536.88,1233.47,413.77,678.59
471,1254,person,1506.72,1004.41,312.14,977.74
472,1248,person,1285.67,1191.88,481.67,873.93
472,1249,person,393.35,1347.72,308.25,504.33
472,1250,person,3591.24,1108.25,320.61,845.25
472,1259,person,3223.41,1073.79,456.65,931.8
472,1338,person,2378.82,1093.36,252.44,755.8
472,1265,person,2152.87,1221.59,291.71,710.02
472,1257,person,1823.09,1261.18,491.62,660.99
472,1302,person,3415.48,1071.15,196.9,807.71
472,1439,person,2528.0,1230.79,412.1,683.94
472,1254,person,1507.58,1004.71,313.96,981.63
473,1248,person,1286.03,1188.95,480.81,880.79
473,1249,person,393.01,1345.93,308.33,503.03
473,1250,person,3591.79,1107.95,320.45,843.62
473,1259,person,3221.29,1075.08,457.66,936.29
473,1338,person,2377.24,1075.42,243.51,717.51
473,1265,person,2150.87,1225.25,291.26,710.78
473,1257,person,1826.08,1254.56,497.7,670.16
473,1302,person,3418.75,1073.42,197.55,812.84
473,1439,person,2509.18,1215.06,429.8,720.07
473,1254,person,1506.36,1004.06,314.81,982.49
474,1248,person,1288.72,1185.94,479.93,888.54
474,1249,person,392.79,1345.98,308.47,501.21
474,1250,person,3591.49,1108.88,321.18,843.63
474,1259,person,3219.2,1075.12,455.8,934.55
474,1338,person,2378.7,1035.11,222.05,635.93
474,1265,person,2148.15,1229.62,293.49,717.62
474,1257,person,1831.1,1250.34,499.75,674.36
474,1439,person,2505.0,1232.04,411.38,691.39
474,1254,person,1508.12,1003.27,314.6,981.45
475,1248,person,1291.07,1181.47,478.74,897.42
475,1249,person,391.89,1346.62,307.56,496.94
475,1250,person,3591.79,1108.6,322.05,844.06
475,1259,person,3217.97,1076.45,455.28,934.55
475,1338,person,2379.49,1040.41,230.03,649.2
475,1265,person,2156.59,1238.26,284.36,699.65
475,1257,person,1834.49,1246.77,498.29,674.1
475,1439,person,2505.22,1239.72,400.97,675.15
475,1254,person,1509.14,1002.82,314.22,981.02
475,1537,sports ball,2626.57,1006.82,143.97,177.55
476,1248,person,1293.34,1178.65,473.86,900.19
476,1249,person,391.75,1346.66,308.63,497.52
476,1250,person,3591.25,1110.53,322.38,843.26
476,1259,person,3218.9,1076.14,453.7,930.07
476,1338,person,2379.34,1079.78,257.94,729.73
476,1265,person,2154.67,1237.96,284.13,702.38
476,1257,person,1834.66,1246.72,497.58,674.44
476,1439,person,2508.1,1242.92,399.46,675.88
476,1254,person,1509.36,1003.69,313.95,982.54
476,1537,sports ball,2628.33,1002.83,145.12,179.03
477,1248,person,1304.39,1174.83,471.07,902.96
477,1249,person,391.2,1347.88,308.36,495.78
477,1250,person,3591.49,1109.57,322.94,843.86
477,1259,person,3215.64,1077.71,454.84,932.92
477,1338,person,2377.8,1116.16,280.53,799.4
477,1265,person,2149.09,1236.84,288.69,713.68
477,1257,person,1849.52,1245.92,490.11,671.95
477,1439,person,2508.24,1248.41,411.82,702.54
477,1254,person,1508.08,996.96,309.39,968.06
477,1537,sports ball,2628.91,996.9,143.08,176.78
477,1531,person,2386.98,941.68,247.88,444.36
477,1302,person,3424.17,1065.33,195.61,811.49
478,1248,person,1312.65,1171.02,469.01,907.0
478,1249,person,387.69,1348.18,309.48,495.26
478,1250,person,3591.84,1108.18,323.34,844.46
478,1259,person,3211.58,1077.53,456.29,938.16
478,1338,person,2378.27,1112.52,277.87,792.8
478,1265,person,2147.11,1235.57,288.9,713.86
478,1257,person,1869.27,1243.36,481.2,673.19
478,1439,person,2509.18,1245.39,431.06,742.7
478,1254,person,1507.36,996.58,309.02,967.08
478,1537,sports ball,2629.97,990.2,139.45,172.33
478,1302,person,3426.66,1067.69,195.82,818.71
479,1248,person,1313.07,1170.48,466.14,911.73
479,1249,person,386.56,1347.22,309.44,492.53
479,1250,person,3591.52,1107.67,324.36,847.1
479,1259,person,3206.35,1074.88,457.48,943.5
479,1338,person,2375.8,1128.38,287.22,821.99
479,1265,person,2155.87,1236.76,283.94,706.76
479,1257,person,1892.43,1240.92,475.26,684.32
479,1439,person,2508.59,1220.26,457.45,800.57
479,1254,person,1507.71,1002.95,311.83,977.84
479,1537,sports ball,2629.85,986.85,132.98,163.78
479,1302,person,3425.35,1059.0,187.7,790.08
480,1248,person,1316.1,1168.06,463.53,915.3
480,1249,person,385.34,1348.03,310.8,492.63
480,1250,person,3591.74,1107.15,324.44,847.23
480,1259,person,3203.74,1073.77,457.6,945.69
480,1338,person,2375.63,1134.52,290.07,833.58
480,1265,person,2149.93,1237.23,280.2,696.45
480,1257,person,1900.57,1232.37,468.01,693.03
480,1439,person,2509.33,1219.77,483.5,863.5
480,1254,person,1508.33,1005.15,312.57,982.11
480,1537,sports ball,2629.98,979.07,135.97,167.23
480,1302,person,3423.97,1056.49,184.51,779.27
481,1248,person,1314.95,1164.43,459.95,917.47
481,1249,person,386.47,1346.54,310.9,489.93
481,1250,person,3591.88,1106.06,325.56,850.34
481,1259,person,3201.32,1073.45,457.1,946.82
481,1338,person,2376.52,1136.81,291.76,843.36
481,1265,person,2150.98,1237.01,280.26,694.93
481,1257,person,1904.88,1226.56,461.56,702.97
481,1439,person,2517.43,1233.14,451.17,813.37
481,1254,person,1510.48,1006.31,312.46,985.06
481,1302,person,3423.08,1053.09,181.58,768.72
481,1538,umbrella,389.68,1172.35,308.32,135.94
482,1248,person,1318.4,1163.11,457.25,919.14
482,1249,person,385.97,1345.08,310.66,487.37
482,1250,person,3592.05,1105.86,325.79,851.12
482,1259,person,3199.04,1073.06,456.49,947.15
482,1338,person,2376.43,1139.45,293.0,851.39
482,1265,person,2146.7,1235.28,282.52,698.12
482,1257,person,1910.09,1219.15,452.65,713.76
482,1439,person,2527.0,1236.74,438.56,799.5
482,1254,person,1510.82,1006.78,312.01,987.13
482,1302,person,3422.43,1059.85,182.04,776.56
482,1537,sports ball,2635.5,961.57,136.02,167.63
483,1248,person,1314.81,1161.81,453.92,921.62
483,1249,person,385.74,1345.14,310.04,484.33
483,1250,person,3592.21,1105.26,326.19,852.75
483,1259,person,3195.94,1072.14,455.5,947.96
483,1338,person,2375.5,1140.03,292.79,853.74
483,1265,person,2148.29,1244.42,275.99,678.79
483,1257,person,1914.94,1211.65,444.54,724.75
483,1439,person,2534.59,1228.39,413.55,758.51
483,1254,person,1512.27,1007.61,311.41,989.12
483,1302,person,3421.92,1064.22,182.38,780.24
483,1538,umbrella,390.58,1174.96,315.27,139.21
484,1248,person,1312.23,1161.26,450.58,924.26
484,1249,person,384.85,1344.99,309.48,481.04
484,1250,person,3591.76,1104.77,326.19,853.97
484,1259,person,3191.98,1071.39,453.85,947.76
484,1338,person,2374.85,1141.68,291.62,852.96
484,1265,person,2147.92,1246.1,274.31,673.05
484,1257,person,1931.77,1208.53,436.51,740.7
484,1439,person,2538.88,1219.41,397.62,734.24
484,1254,person,1513.21,1010.15,311.55,993.97
484,1302,person,3420.73,1067.27,182.2,779.22
484,1539,person,1759.85,1233.27,224.18,637.9
485,1248,person,1311.19,1160.69,447.96,927.74
485,1249,person,384.23,1346.56,310.57,480.71
485,1250,person,3591.11,1103.65,325.97,854.71
485,1259,person,3189.46,1071.6,452.98,949.39
485,1338,person,2376.69,1137.93,288.06,846.68
485,1265,person,2154.19,1261.19,262.03,641.01
485,1257,person,1944.39,1203.39,426.85,750.99
485,1439,person,2544.23,1218.78,392.18,727.6
485,1254,person,1514.11,1011.56,311.35,997.67
485,1302,person,3417.98,1062.06,180.88,769.26
485,1539,person,1763.28,1235.09,224.63,639.42
486,1248,person,1310.55,1160.79,446.01,932.32
486,1249,person,385.13,1346.24,312.99,482.95
486,1250,person,3590.45,1103.57,326.64,857.75
486,1259,person,3186.64,1071.41,450.89,948.2
486,1338,person,2375.85,1134.83,284.57,839.05
486,1265,person,2154.83,1263.89,259.54,634.95
486,1257,person,1952.0,1199.7,419.53,765.19
486,1439,person,2548.6,1248.43,429.3,811.67
486,1254,person,1514.67,1010.6,309.01,993.52
486,1302,person,3414.21,1062.48,181.63,768.54
486,1539,person,1772.04,1235.88,226.24,645.45
487,1248,person,1307.17,1160.31,443.86,934.38
487,1249,person,386.51,1345.43,313.96,483.08
487,1250,person,3590.13,1101.71,326.24,859.54
487,1259,person,3184.61,1070.13,448.83,946.77
487,1338,person,2378.82,1128.97,281.87,835.06
487,1265,person,2153.91,1263.19,258.77,632.56
487,1257,person,1956.89,1193.99,412.83,776.51
487,1439,person,2549.42,1223.97,401.37,758.67
487,1254,person,1516.33,1009.78,307.49,993.0
487,1302,person,3413.59,1064.69,184.67,779.01
487,1539,person,1769.76,1234.84,227.49,649.94
488,1248,person,1306.01,1158.8,442.08,935.78
488,1249,person,387.88,1345.65,316.38,485.66
488,1250,person,3589.57,1100.47,325.61,860.64
488,1259,person,3181.1,1069.82,447.6,946.83
488,1338,person,2376.34,1129.61,281.48,835.31
488,1265,person,2148.0,1256.86,264.24,645.29
488,1257,person,1962.85,1192.92,406.23,785.37
488,1439,person,2549.9,1218.65,386.12,726.27
488,1254,person,1517.0,1008.93,305.81,990.05
488,1302,person,3412.39,1066.51,186.78,785.47
488,1539,person,1772.58,1233.67,226.01,646.91
489,1248,person,1303.59,1158.45,439.3,937.77
489,1249,person,388.88,1346.25,319.3,489.71
489,1250,person,3588.58,1100.58,324.79,860.54
489,1259,person,3177.98,1069.69,445.92,945.56
489,1338,person,2376.54,1128.51,280.24,834.73
489,1265,person,2142.51,1249.91,272.9,664.45
489,1257,person,1964.11,1190.17,397.91,790.46
489,1439,person,2551.98,1217.25,381.19,714.25
489,1254,person,1517.86,1008.23,306.12,993.21
489,1302,person,3411.35,1067.28,189.38,792.33
489,1539,person,1763.68,1230.28,225.79,642.51
490,1248,person,1299.99,1157.2,435.68,940.75
490,1249,person,388.45,1346.71,320.38,491.01
490,1250,person,3588.84,1099.36,325.54,863.4
490,1259,person,3176.01,1069.33,444.46,945.07
490,1338,person,2378.77,1125.07,276.06,822.42
490,1265,person,2146.64,1254.55,270.26,657.38
490,1257,person,1965.63,1190.04,389.43,793.15
490,1439,person,2552.68,1223.9,373.33,697.58
490,1254,person,1517.82,1010.37,306.96,997.39
490,1302,person,3410.08,1068.26,190.43,793.55
490,1539,person,1758.09,1232.7,228.15,644.7
490,1538,umbrella,389.87,1172.51,318.99,141.24
491,1248,person,1288.42,1156.61,429.49,942.01
491,1249,person,388.41,1347.22,320.65,490.45
491,1250,person,3588.8,1098.31,326.04,865.82
491,1259,person,3173.46,1070.91,442.17,942.6
491,1338,person,2379.15,1127.8,278.13,826.72
491,1265,person,2147.53,1251.17,271.71,660.69
491,1257,person,1962.82,1189.97,380.17,790.84
491,1439,person,2546.18,1227.61,368.32,684.05
491,1254,person,1516.53,1010.81,307.06,1000.62
491,1302,person,3408.7,1068.51,191.6,794.3
491,1539,person,1753.17,1228.36,226.67,631.69
491,1538,umbrella,390.79,1173.16,319.02,141.63
492,1248,person,1277.97,1156.93,425.42,942.02
492,1249,person,388.72,1349.21,322.34,492.17
492,1250,person,3588.06,1097.54,326.32,867.39
492,1259,person,3170.13,1070.88,441.14,942.43
492,1338,person,2377.6,1129.58,278.67,823.51
492,1265,person,2138.39,1235.2,285.71,693.65
492,1257,person,1960.26,1189.98,370.9,786.83
492,1439,person,2551.81,1283.16,407.19,763.97
492,1254,person,1515.49,1009.16,305.02,995.1
492,1302,person,3406.75,1070.42,192.2,792.83
492,1539,person,1751.37,1228.49,230.59,633.49
492,1538,umbrella,391.08,1174.69,323.71,144.3
493,1248,person,1267.71,1156.48,423.67,942.25
493,1249,person,437.47,1384.75,282.92,446.41
493,1250,person,3585.93,1097.53,325.5,865.94
493,1259,person,3168.6,1071.48,439.24,940.15
493,1338,person,2381.93,1120.97,273.74,807.19
493,1265,person,2136.42,1240.15,284.71,684.47
493,1257,person,1954.87,1191.39,361.75,782.1
493,1439,person,2547.03,1261.23,379.76,701.78
493,1254,person,1513.17,1006.9,302.79,990.59
493,1302,person,3407.31,1076.26,192.79,793.09
493,1539,person,1760.92,1227.93,230.05,625.87
493,1538,umbrella,394.67,1175.04,321.49,143.74
494,1248,person,1265.5,1155.48,423.86,945.13
494,1249,person,454.78,1400.34,259.27,420.92
494,1250,person,3584.17,1097.62,326.02,867.79
494,1259,person,3167.92,1071.79,437.43,937.8
494,1338,person,2386.26,1111.29,269.28,788.47
494,1265,person,2133.62,1248.66,280.8,664.93
494,1257,person,1955.11,1192.63,352.4,776.54
494,1439,person,2550.45,1258.58,358.04,650.03
494,1254,person,1510.37,1003.82,299.65,983.17
494,1302,person,3405.49,1074.69,191.28,780.95
494,1539,person,1763.9,1227.42,232.32,623.54
494,1538,umbrella,395.96,1174.98,318.46,142.61
495,1248,person,1271.4,1153.88,425.24,946.05
495,1250,person,3585.37,1096.01,326.05,867.56
495,1259,person,3167.14,1073.45,436.61,937.42
495,1338,person,2394.0,1109.13,269.35,787.84
495,1265,person,2130.51,1239.72,291.4,682.75
495,1257,person,1954.1,1195.49,340.72,769.5
495,1439,person,2550.29,1266.55,345.51,613.63
495,1254,person,1509.79,1004.28,299.49,984.75
495,1302,person,3402.75,1070.49,194.42,788.09
495,1539,person,1772.59,1231.99,241.3,644.02
495,1538,umbrella,395.64,1174.59,322.63,144.87
496,1248,person,1273.73,1153.62,426.35,945.94
496,1250,person,3586.13,1095.66,327.06,869.21
496,1259,person,3165.66,1075.92,434.02,932.95
496,1338,person,2392.79,1123.35,278.42,811.79
496,1265,person,2120.79,1241.2,297.14,684.03
496,1257,person,1957.76,1199.76,329.16,762.53
496,1439,person,2546.58,1277.24,341.9,589.41
496,1254,person,1508.78,1004.5,298.64,983.65
496,1302,person,3400.9,1071.55,197.85,796.32
496,1539,person,1775.36,1235.9,246.49,650.89
496,1538,umbrella,394.12,1170.8,307.12,137.09
496,1541,person,392.23,1357.15,328.77,508.79
496,1542,person,2586.44,940.94,233.7,350.35
497,1248,person,1271.51,1153.56,426.7,945.53
497,1250,person,3588.29,1095.32,328.19,870.28
497,1259,person,3162.05,1077.54,431.43,929.15
497,1338,person,2387.26,1136.82,287.37,840.03
497,1265,person,2104.81,1221.04,320.57,722.45
497,1257,person,1954.69,1201.53,315.1,751.4
497,1439,person,2548.48,1291.03,335.94,562.71
497,1254,person,1509.14,1005.29,298.56,985.09
497,1302,person,3399.79,1075.39,198.71,793.16
497,1539,person,1777.41,1237.97,251.59,655.7
497,1538,umbrella,395.39,1174.52,321.73,144.25
497,1541,person,392.05,1357.04,329.02,509.1
497,1542,person,2593.4,951.96,248.8,373.68
497,1544,person,3251.46,713.25,230.19,260.78
498,1248,person,1273.42,1154.16,426.31,941.9
498,1250,person,3589.78,1095.3,329.09,870.76
498,1259,person,3158.63,1079.93,428.9,926.24
498,1338,person,2386.43,1143.58,292.14,854.94
498,1265,person,2110.78,1225.27,323.04,719.64
498,1257,person,1952.84,1203.77,299.36,733.89
498,1439,person,2545.87,1312.63,327.26,526.42
498,1254,person,1510.84,1005.96,297.89,983.89
498,1302,person,3398.58,1078.11,201.67,799.46
498,1539,person,1779.73,1237.55,254.27,653.86
498,1538,umbrella,395.8,1175.65,327.01,147.24
498,1541,person,391.92,1355.43,327.15,505.95
498,1544,person,3251.26,714.74,232.87,263.99
499,1248,person,1275.39,1155.41,425.71,937.84
499,1250,person,3590.65,1095.3,330.55,872.48
499,1259,person,3157.53,1082.29,427.44,925.34
499,1338,person,2387.74,1144.84,292.26,856.12
499,1265,person,2123.99,1238.41,313.81,692.74
499,1257,person,1956.08,1210.99,286.41,721.93
499,1439,person,2553.99,1335.65,330.29,513.95
499,1254,person,1512.12,1008.71,299.68,991.52
499,1302,person,3398.86,1077.43,204.16,804.85
499,1539,person,1786.61,1238.41,258.65,660.38
499,1538,umbrella,394.89,1172.24,312.58,140.08
499,1541,person,393.51,1355.79,329.53,509.44
499,1544,person,3250.12,715.19,235.23,267.01
499,1542,person,2599.92,978.05,281.79,426.33
500,1248,person,1280.37,1157.86,425.87,934.14
500,1250,person,3589.4,1094.69,331.34,872.09
500,1259,person,3156.05,1083.67,424.89,921.23
500,1338,person,2388.25,1145.02,290.83,849.65
500,1265,person,2129.44,1232.07,317.88,698.1
500,1257,person,1952.86,1212.89,267.73,693.05
500,1439,person,2556.54,1378.95,354.05,539.05
500,1254,person,1511.27,1010.12,299.88,994.71
500,1302,person,3399.15,1077.64,205.44,806.57
500,1539,person,1785.49,1239.24,262.59,662.07
500,1538,umbrella,395.52,1174.42,321.87,144.57
500,1541,person,392.35,1356.52,329.94,509.5
500,1544,person,3248.24,713.69,237.2,269.93
500,1547,person,3525.58,719.75,149.15,281.08
501,1248,person,1278.4,1159.74,424.67,931.2
501,1250,person,3587.07,1094.84,332.4,872.74
501,1259,person,3155.21,1084.65,423.23,918.41
501,1338,person,2391.75,1143.78,289.54,845.47
501,1265,person,2133.71,1236.45,318.91,698.69
501,1257,person,1954.72,1219.8,257.97,685.96
501,1439,person,2560.33,1405.34,356.09,527.35
501,1254,person,1510.61,1009.81,298.36,993.96
501,1302,person,3399.66,1078.07,204.97,801.73
501,1539,person,1787.6,1238.7,265.95,662.5
501,1538,umbrella,395.93,1174.0,321.81,144.69
501,1541,person,392.88,1355.25,328.99,507.42
501,1544,person,3247.07,713.48,238.16,271.84
501,1547,person,3524.38,719.52,149.69,282.12
501,1542,person,2601.9,1003.25,306.39,470.91
502,1248,person,1276.51,1160.55,421.38,926.02
502,1250,person,3583.41,1094.86,333.16,872.37
502,1259,person,3153.72,1084.45,421.72,915.94
502,1338,person,2394.34,1137.76,285.64,833.53
502,1265,person,2134.29,1238.12,318.67,695.64
502,1257,person,1958.91,1217.55,243.99,662.65
502,1439,person,2558.76,1417.94,357.3,510.3
502,1254,person,1510.15,1009.64,297.41,994.41
502,1302,person,3399.02,1078.08,205.91,802.21
502,1539,person,1783.73,1238.09,266.02,655.27
502,1541,person,392.86,1355.2,330.19,508.8
502,1544,person,3247.46,713.84,239.2,273.93
502,1547,person,3523.44,719.34,149.74,282.15
502,1542,person,2601.7,1025.38,316.2,495.97
503,1248,person,1279.93,1160.58,419.16,922.52
503,1250,person,3582.26,1094.4,334.15,871.9
503,1259,person,3151.19,1083.35,420.7,913.41
503,1338,person,2393.97,1132.48,282.63,822.29
503,1265,person,2134.58,1235.23,325.82,710.55
503,1257,person,1959.57,1223.03,235.21,653.88
503,1439,person,2656.6,1440.14,403.42,525.65
503,1254,person,1509.17,1009.93,296.3,995.12
503,1302,person,3397.7,1078.42,206.89,802.78
503,1539,person,1780.22,1238.02,268.14,652.08
503,1541,person,391.42,1356.29,331.96,510.93
503,1544,person,3248.23,714.13,239.72,275.66
503,1547,person,3522.3,719.91,150.72,283.78
503,1542,person,2601.21,1040.02,319.22,511.85
504,1248,person,1280.98,1161.25,416.92,919.74
504,1250,person,3582.0,1094.37,335.39,872.56
504,1259,person,3148.6,1082.46,420.24,911.94
504,1338,person,2392.51,1131.14,282.87,819.53
504,1265,person,2131.42,1231.47,329.92,719.51
504,1257,person,1959.36,1233.57,229.99,652.42
504,1254,person,1508.25,1011.09,295.78,997.53
504,1302,person,3396.77,1078.11,206.78,798.26
504,1539,person,1779.64,1237.87,270.18,651.01
504,1541,person,392.58,1361.28,335.6,516.24
504,1544,person,3247.86,714.36,239.47,276.69
504,1547,person,3521.81,720.28,151.95,285.9
504,1542,person,2603.27,1045.88,326.81,535.31
504,1538,umbrella,391.33,1181.11,349.54,158.9
505,1248,person,1281.41,1162.6,415.28,917.94
505,1250,person,3581.74,1094.06,336.61,873.26
505,1259,person,3148.21,1082.23,421.27,914.23
505,1338,person,2391.83,1127.48,281.95,813.06
505,1265,person,2133.64,1230.56,328.97,720.56
505,1257,person,1963.82,1239.42,225.85,651.02
505,1254,person,1511.05,1010.52,296.24,998.35
505,1302,person,3397.15,1077.42,207.96,800.34
505,1539,person,1778.76,1237.47,272.4,651.05
505,1541,person,388.67,1360.54,337.34,518.33
505,1544,person,3247.48,714.57,238.86,277.49
505,1547,person,3520.21,720.88,153.55,288.26
505,1542,person,2600.61,1047.48,333.98,560.02
505,1538,umbrella,389.88,1180.13,341.38,155.73
505,1439,person,2581.12,1466.57,394.48,501.69
506,1248,person,1282.07,1163.13,414.31,917.36
506,1250,person,3582.02,1093.73,337.59,873.51
506,1259,person,3147.85,1081.71,422.24,916.7
506,1338,person,2390.44,1128.66,284.38,815.14
506,1265,person,2138.56,1232.36,324.22,713.23
506,1257,person,1980.52,1234.72,231.06,668.08
506,1254,person,1512.72,1010.35,296.33,998.3
506,1302,person,3397.16,1076.08,208.22,798.66
506,1539,person,1776.94,1236.5,275.01,651.41
506,1541,person,386.51,1362.79,338.37,518.92
506,1544,person,3246.97,714.83,238.88,279.24
506,1542,person,2600.64,1048.22,333.68,572.46
506,1538,umbrella,387.92,1185.18,351.43,161.53
506,1439,person,2559.98,1452.15,370.5,452.71
507,1248,person,1283.84,1163.62,414.38,916.87
507,1250,person,3579.44,1093.99,338.34,873.02
507,1259,person,3148.22,1082.18,423.1,918.53
507,1338,person,2389.15,1130.39,288.48,822.95
507,1265,person,2141.98,1230.03,321.92,713.7
507,1257,person,1980.65,1234.74,228.72,666.71
507,1254,person,1512.95,1010.61,296.14,998.99
507,1302,person,3396.52,1075.34,209.07,799.24
507,1539,person,1774.86,1235.61,278.42,653.44
507,1541,person,386.09,1359.8,334.21,510.62
507,1544,person,3247.2,715.49,238.92,281.14
507,1542,person,2603.78,1050.73,330.08,579.75
507,1538,umbrella,387.61,1187.23,351.49,162.45
507,1439,person,2557.42,1470.79,399.72,478.88
508,1248,person,1282.11,1164.07,414.58,917.28
508,1250,person,3574.93,1094.18,339.57,871.13
508,1259,person,3148.24,1082.45,423.74,919.5
508,1338,person,2389.15,1129.15,289.36,821.09
508,1265,person,2145.68,1232.78,316.26,707.41
508,1257,person,1988.31,1227.48,237.9,695.97
508,1254,person,1512.65,1009.58,295.15,996.37
508,1302,person,3396.76,1074.58,210.29,801.71
508,1539,person,1777.92,1235.59,279.4,653.02
508,1541,person,385.78,1358.9,334.31,509.2
508,1544,person,3247.63,715.47,237.72,281.31
508,1542,person,2607.05,1050.4,325.76,586.06
508,1439,person,2559.49,1475.75,411.81,486.03
509,1248,person,1282.62,1162.1,413.52,913.15
509,1250,person,3575.89,1097.46,340.0,869.15
509,1259,person,3148.97,1082.75,424.4,920.15
509,1338,person,2390.32,1131.44,292.35,828.18
509,1265,person,2147.85,1236.78,311.52,703.27
509,1257,person,1992.5,1225.7,241.96,709.94
509,1254,person,1511.94,1009.65,294.87,995.43
509,1302,person,3395.87,1074.43,211.37,803.43
509,1539,person,1781.34,1234.84,279.43,652.48
509,1541,person,385.6,1357.93,334.83,508.51
509,1544,person,3247.61,715.88,236.76,281.89
509,1542,person,2609.92,1049.98,318.13,586.14
509,1439,person,2557.01,1478.21,423.01,492.04
510,1248,person,1280.41,1161.78,413.99,910.51
510,1250,person,3573.82,1099.01,341.51,869.91
510,1259,person,3149.16,1080.98,423.69,917.49
510,1338,person,2389.16,1134.1,294.67,833.9
510,1265,person,2151.27,1235.21,309.58,706.07
510,1257,person,1991.23,1225.33,241.97,713.02
510,1254,person,1511.92,1010.65,294.99,996.56
510,1302,person,3393.81,1075.17,213.67,809.09
510,1539,person,1781.36,1236.0,279.04,649.91
510,1541,person,384.7,1359.34,338.36,512.88
510,1544,person,3248.35,715.94,235.74,282.05
510,1542,person,2610.44,1049.4,311.5,587.3
510,1439,person,2558.23,1480.3,431.73,496.92
510,1554,sports ball,2717.36,1287.51,138.42,129.38
511,1248,person,1279.99,1161.56,415.81,910.24
511,1250,person,3573.85,1099.15,343.33,871.39
511,1259,person,3149.76,1081.16,424.54,917.98
511,1338,person,2390.45,1136.81,297.32,840.84
511,1265,person,2133.14,1230.41,315.16,713.57
511,1257,person,1989.29,1223.23,238.73,710.48
511,1254,person,1512.19,1010.09,293.96,993.92
511,1302,person,3394.11,1076.12,213.52,806.33
511,1539,person,1781.49,1236.75,278.6,646.4
511,1541,person,385.26,1357.78,336.53,508.52
511,1544,person,3249.75,715.79,234.41,281.46
511,1542,person,2612.97,1046.86,304.0,585.68
511,1439,person,2555.06,1479.15,445.93,506.25
511,1554,sports ball,2720.18,1284.78,145.39,136.07
512,1248,person,1276.57,1162.76,417.32,910.79
512,1250,person,3572.93,1101.4,345.85,875.1
512,1259,person,3150.15,1081.52,425.4,918.93
512,1338,person,2391.24,1137.79,297.64,841.66
512,1265,person,2128.2,1228.61,317.78,718.05
512,1257,person,1986.49,1222.44,235.24,706.35
512,1254,person,1512.06,1009.01,293.31,991.91
512,1302,person,3393.35,1079.7,215.09,810.14
512,1539,person,1779.48,1236.63,280.37,647.42
512,1541,person,383.12,1359.04,337.76,508.23
512,1544,person,3250.2,715.52,233.45,281.21
512,1542,person,2613.13,1041.77,294.73,578.35
512,1439,person,2557.97,1475.8,449.26,506.25
512,1554,sports ball,2720.76,1280.23,144.7,135.65
513,1248,person,1275.11,1164.94,417.28,908.4
513,1250,person,3573.47,1102.12,347.34,876.34
513,1259,person,3150.64,1083.27,427.68,923.4
513,1338,person,2390.5,1138.37,298.65,842.6
513,1265,person,2120.12,1226.11,320.79,720.98
513,1257,person,1982.86,1229.57,227.3,688.89
513,1254,person,1511.19,1008.36,292.35,988.18
513,1302,person,3393.26,1080.71,216.21,812.76
513,1539,person,1779.57,1236.46,281.09,646.53
513,1541,person,382.37,1357.83,338.05,506.36
513,1544,person,3250.49,715.35,231.84,280.29
513,1542,person,2613.69,1040.9,289.71,578.82
513,1439,person,2579.42,1469.91,443.98,500.79
513,1554,sports ball,2723.6,1273.32,138.13,129.42
514,1248,person,1275.9,1165.41,416.95,903.34
514,1250,person,3572.81,1102.96,348.48,878.09
514,1259,person,3150.68,1084.32,429.03,925.78
514,1338,person,2390.96,1136.44,296.01,833.56
514,1265,person,2116.9,1224.59,323.19,721.8
514,1257,person,1983.37,1231.67,224.63,685.82
514,1254,person,1510.63,1007.99,292.25,988.48
514,1302,person,3392.61,1080.61,217.02,814.82
514,1539,person,1783.7,1234.03,283.61,652.1
514,1541,person,380.8,1359.55,342.34,511.25
514,1544,person,3250.62,715.4,231.46,281.1
514,1542,person,2614.95,1040.46,284.49,578.97
514,1439,person,2598.75,1467.57,439.28,497.11
514,1554,sports ball,2724.26,1269.04,133.74,125.01
515,1248,person,1273.93,1167.46,418.49,904.09
515,1250,person,3573.14,1103.1,348.64,877.04
515,1259,person,3151.17,1084.8,429.21,925.4
515,1338,person,2390.58,1136.62,296.23,831.96
515,1265,person,2138.92,1226.66,316.75,717.61
515,1257,person,1986.12,1231.25,225.07,691.08
515,1254,person,1510.07,1007.31,291.87,987.37
515,1302,person,3392.0,1079.7,217.17,813.54
515,1539,person,1781.93,1233.94,285.7,653.73
515,1541,person,380.86,1358.04,342.45,509.03
515,1544,person,3251.41,714.91,230.48,280.74
515,1542,person,2615.39,1041.81,283.13,587.43
515,1439,person,2609.14,1462.61,439.84,501.06
516,1248,person,1271.5,1167.54,417.14,899.3
516,1250,person,3574.95,1104.32,349.36,876.58
516,1259,person,3152.3,1085.48,429.37,925.67
516,1338,person,2391.17,1138.92,297.11,833.7
516,1265,person,2147.88,1231.21,309.72,712.9
516,1257,person,1989.86,1231.59,226.81,699.44
516,1254,person,1509.89,1006.85,291.38,986.22
516,1302,person,3395.65,1079.58,216.39,812.35
516,1539,person,1783.05,1235.06,284.08,650.24
516,1541,person,377.85,1357.59,345.3,509.83
516,1544,person,3250.81,714.94,229.65,280.53
516,1542,person,2615.08,1042.39,277.87,587.41
516,1439,person,2625.96,1462.25,440.29,501.53
517,1248,person,1264.97,1169.38,417.16,897.54
517,1250,person,3578.54,1103.97,350.32,875.2
517,1259,person,3154.28,1085.96,429.97,926.37
517,1338,person,2390.25,1135.77,295.25,825.47
517,1265,person,2124.76,1226.97,316.61,725.84
517,1257,person,1988.51,1230.78,225.29,700.05
517,1254,person,1509.6,1006.56,291.36,986.31
517,1302,person,3394.31,1079.73,216.95,813.76
517,1539,person,1784.31,1235.44,283.39,648.86
517,1541,person,376.33,1356.53,345.78,506.67
517,1544,person,3250.58,714.02,228.76,280.25
517,1542,person,2614.63,1041.82,273.65,588.81
517,1439,person,2651.57,1459.35,451.37,508.04
518,1248,person,1262.27,1171.01,419.05,900.11
518,1250,person,3577.43,1103.81,351.18,874.91
518,1259,person,3155.15,1086.18,430.61,926.78
518,1338,person,2388.3,1133.18,295.06,820.99
518,1265,person,2097.73,1223.9,325.32,734.49
518,1257,person,1988.11,1227.17,225.58,707.4
518,1254,person,1510.14,1007.41,291.92,988.5
518,1302,person,3394.22,1078.16,216.34,811.86
518,1539,person,1785.7,1235.63,282.35,647.62
518,1541,person,374.44,1355.44,346.66,504.0
518,1544,person,3250.8,713.66,228.43,280.34
518,1542,person,2615.0,1039.58,267.45,584.34
518,1439,person,2663.87,1461.25,453.56,502.53
519,1248,person,1256.61,1172.39,420.14,901.74
519,1250,person,3577.35,1103.81,352.03,874.8
519,1259,person,3155.75,1085.35,430.89,925.96
519,1338,person,2386.13,1135.4,297.2,823.77
519,1265,person,2088.85,1221.34,330.63,736.99
519,1257,person,1986.84,1236.32,219.15,692.68
519,1254,person,1511.26,1006.96,292.03,989.0
519,1302,person,3394.92,1077.12,215.99,811.19
519,1539,person,1787.3,1235.61,282.4,648.65
519,1541,person,372.97,1355.32,350.08,505.43
519,1544,person,3250.87,713.83,228.5,280.84
519,1542,person,2614.0,1041.93,265.96,589.89
519,1439,person,2678.63,1460.52,459.0,497.44
520,1248,person,1251.34,1171.48,421.2,903.37
520,1250,person,3573.86,1103.63,351.62,874.38
520,1259,person,3156.56,1086.04,431.18,925.72
520,1338,person,2383.37,1138.39,300.9,830.25
520,1265,person,2080.92,1222.12,337.68,743.2
520,1254,person,1510.49,1005.66,291.08,985.45
520,1302,person,3395.9,1077.98,216.33,814.24
520,1539,person,1788.77,1235.71,282.71,648.85
520,1541,person,371.51,1354.88,352.69,505.58
520,1544,person,3251.65,713.39,226.81,279.38
520,1542,person,2613.69,1043.49,263.63,593.15
520,1439,person,2683.61,1460.57,463.47,491.97
521,1248,person,1246.69,1171.06,423.18,904.61
521,1250,person,3573.74,1103.34,350.83,874.76
521,1259,person,3156.72,1085.27,431.52,925.43
521,1338,person,2381.02,1136.4,304.27,836.06
521,1265,person,2076.32,1222.43,341.92,746.53
521,1254,person,1509.6,1004.06,289.31,978.84
521,1302,person,3395.83,1077.82,216.44,815.12
521,1539,person,1792.13,1235.63,283.12,650.35
521,1541,person,371.81,1354.74,354.16,504.4
521,1544,person,3251.67,712.09,224.01,276.26
521,1542,person,2613.53,1043.97,261.89,596.92
521,1439,person,2698.8,1463.05,472.9,488.99
522,1248,person,1241.21,1171.33,424.42,904.48
522,1250,person,3574.5,1103.34,350.06,874.33
522,1259,person,3157.3,1085.45,431.75,924.96
522,1338,person,2382.43,1137.66,304.8,835.63
522,1265,person,2080.14,1219.51,344.8,747.74
522,1254,person,1512.34,1005.01,291.05,983.63
522,1302,person,3399.19,1076.3,214.04,809.07
522,1539,person,1795.16,1235.19,282.81,650.37
522,1541,person,369.76,1353.28,359.59,508.49
522,1544,person,3252.07,711.55,222.86,274.44
522,1542,person,2612.15,1046.72,259.31,599.93
522,1439,person,2706.78,1466.42,484.81,487.44
523,1248,person,1235.43,1172.4,426.54,906.44
523,1250,person,3575.84,1104.09,349.4,874.18
523,1259,person,3156.88,1085.63,432.55,925.25
523,1338,person,2382.12,1135.47,304.6,831.9
523,1265,person,2079.44,1216.93,346.71,747.35
523,1254,person,1514.93,1006.53,293.38,988.0
523,1302,person,3403.51,1078.62,212.7,809.5
523,1539,person,1796.28,1235.48,282.88,651.32
523,1541,person,367.97,1354.36,364.65,512.46
523,1544,person,3252.76,711.15,223.03,274.18
523,1542,person,2610.8,1047.04,255.02,596.75
523,1439,person,2712.91,1469.15,495.64,485.58
524,1248,person,1232.1,1172.17,428.53,908.76
524,1250,person,3576.2,1103.51,347.83,871.74
524,1259,person,3156.2,1085.53,433.91,926.39
524,1338,person,2384.27,1133.47,304.17,828.28
524,1265,person,2082.46,1212.86,347.56,745.9
524,1254,person,1517.63,1006.89,294.87,988.86
524,1302,person,3402.65,1074.57,210.55,803.26
524,1539,person,1795.78,1235.5,282.25,650.7
524,1541,person,367.81,1352.52,364.4,508.25
524,1544,person,3254.01,710.52,224.02,274.81
524,1542,person,2610.47,1046.67,250.63,593.15
524,1439,person,2720.62,1470.36,502.08,479.16
525,1248,person,1229.49,1172.64,430.09,908.92
525,1250,person,3577.45,1104.6,347.67,872.25
525,1259,person,3155.97,1086.09,434.74,925.76
525,1338,person,2383.35,1136.8,306.68,833.7
525,1265,person,2085.03,1212.61,350.3,751.01
525,1254,person,1517.96,1007.41,296.4,990.39
525,1302,person,3405.76,1078.94,210.45,807.87
525,1539,person,1794.13,1235.96,283.41,653.13
525,1541,person,366.53,1353.55,367.3,509.26
525,1544,person,3253.83,711.52,225.57,276.23
525,1542,person,2610.08,1048.96,248.81,594.73
525,1439,person,2724.86,1472.31,509.57,474.35
526,1248,person,1227.14,1172.06,432.07,909.61
526,1250,person,3577.3,1104.2,346.81,871.07
526,1259,person,3156.06,1085.76,435.42,925.38
526,1338,person,2385.56,1133.19,305.36,828.3
526,1265,person,2087.95,1210.01,351.71,753.17
526,1254,person,1515.63,1005.48,295.51,983.43
526,1302,person,3408.21,1080.61,209.77,810.94
526,1539,person,1794.31,1235.17,283.15,652.84
526,1541,person,367.79,1352.85,370.14,511.61
526,1544,person,3254.27,711.46,226.73,277.14
526,1542,person,2609.4,1050.19,247.07,595.44
526,1439,person,2726.44,1472.58,521.5,474.21
527,1248,person,1223.54,1171.37,433.54,910.4
527,1250,person,3575.78,1104.06,347.02,872.05
527,1259,person,3156.07,1085.92,435.8,924.43
527,1338,person,2385.83,1134.38,307.29,831.1
527,1265,person,2090.48,1209.29,352.81,754.73
527,1254,person,1515.79,1006.43,296.92,986.8
527,1302,person,3411.26,1081.57,207.2,808.68
527,1539,person,1794.34,1234.95,283.07,652.27
527,1541,person,367.86,1352.42,371.47,511.84
527,1544,person,3254.68,713.0,229.32,279.93
527,1542,person,2611.77,1057.12,238.33,575.89
527,1439,person,2727.52,1475.8,531.4,473.05
528,1248,person,1223.04,1170.17,434.28,909.08
528,1250,person,3576.21,1104.14,347.08,873.42
528,1259,person,3155.29,1085.56,436.56,923.65
528,1338,person,2387.79,1131.71,306.72,829.23
528,1265,person,2093.66,1208.77,353.54,757.3
528,1254,person,1516.9,1004.49,297.27,983.42
528,1302,person,3413.09,1080.26,205.7,810.78
528,1539,person,1795.7,1235.01,282.8,651.55
528,1541,person,365.35,1353.38,372.44,512.08
528,1542,person,2612.09,1063.87,230.38,557.41
528,1439,person,2729.81,1477.48,542.31,473.26
529,1248,person,1221.17,1169.27,434.52,907.76
529,1250,person,3577.05,1104.59,346.76,873.59
529,1259,person,3154.48,1085.72,437.64,923.41
529,1338,person,2385.77,1132.55,307.53,829.13
529,1265,person,2095.6,1205.67,354.9,760.78
529,1254,person,1516.8,1003.75,297.93,980.85
529,1302,person,3413.3,1079.25,203.78,809.61
529,1539,person,1794.52,1235.59,283.88,651.97
529,1541,person,363.75,1352.35,371.57,510.12
529,1542,person,2611.23,1062.04,226.07,547.51
529,1439,person,2729.9,1477.16,551.35,473.83
529,1544,person,3254.35,712.55,229.3,279.41
530,1248,person,1218.48,1168.81,435.3,910.26
530,1250,person,3577.73,1104.65,346.69,874.19
530,1259,person,3154.02,1085.48,439.42,924.63
530,1338,person,2391.33,1131.44,307.57,831.98
530,1265,person,2098.89,1204.54,357.38,766.87
530,1254,person,1516.54,1003.56,298.27,978.13
530,1302,person,3414.72,1079.5,202.46,811.24
530,1539,person,1796.04,1235.18,283.91,651.82
530,1541,person,363.69,1351.92,370.65,508.7
530,1542,person,2610.94,1065.81,225.24,546.67
530,1439,person,2731.87,1476.88,556.16,470.94
530,1544,person,3254.53,711.76,229.67,279.8
531,1248,person,1216.56,1169.05,434.72,911.85
531,1250,person,3577.27,1104.66,345.96,873.37
531,1259,person,3154.24,1085.83,440.61,924.67
531,1338,person,2393.78,1131.25,306.89,833.51
531,1265,person,2129.89,1200.41,349.47,765.26
531,1254,person,1511.75,1004.45,299.09,979.15
531,1302,person,3414.24,1080.11,200.3,807.92
531,1539,person,1792.21,1235.95,284.9,651.72
531,1541,person,364.13,1352.5,371.34,509.65
531,1542,person,2611.42,1072.02,220.73,535.28
531,1439,person,2733.09,1478.08,563.9,471.76
531,1544,person,3254.19,711.28,228.07,277.39
532,1248,person,1215.58,1168.92,433.92,912.97
532,1250,person,3577.29,1104.57,345.86,874.23
532,1259,person,3154.85,1085.83,442.36,926.17
532,1338,person,2399.04,1126.26,301.2,823.04
532,1265,person,2142.85,1199.91,347.94,767.48
532,1254,person,1511.63,1005.42,299.39,978.44
532,1302,person,3414.81,1078.26,198.17,804.6
532,1539,person,1791.76,1235.95,286.21,652.61
532,1541,person,364.35,1354.09,372.68,511.88
532,1542,person,2611.86,1073.87,216.89,525.48
532,1439,person,2732.44,1477.99,566.71,467.65
532,1544,person,3254.29,710.93,228.42,277.42
533,1248,person,1214.38,1167.73,431.96,913.42
533,1250,person,3578.25,1104.27,345.28,873.55
533,1259,person,3154.62,1086.25,443.66,926.28
533,1338,person,2399.64,1124.06,299.52,821.9
533,1265,person,2141.01,1201.16,347.56,771.1
533,1254,person,1512.17,1005.73,300.23,979.4
533,1302,person,3416.31,1076.18,196.08,802.85
533,1539,person,1793.2,1236.44,287.23,652.78
533,1541,person,361.42,1354.31,372.08,510.62
533,1542,person,2611.43,1074.82,218.5,529.8
533,1439,person,2730.99,1478.24,575.05,469.37
533,1544,person,3254.25,710.53,227.98,276.34
534,1248,person,1215.66,1166.82,429.81,915.03
534,1250,person,3579.03,1104.06,345.05,873.49
534,1259,person,3154.19,1085.89,444.53,925.34
534,1338,person,2401.73,1122.01,295.34,815.1
534,1265,person,2137.96,1199.37,346.14,769.36
534,1254,person,1506.13,1004.01,298.12,974.94
534,1302,person,3417.17,1073.98,194.48,801.61
534,1539,person,1792.58,1236.41,288.1,652.77
534,1541,person,357.6,1354.93,372.49,510.43
534,1542,person,2611.1,1076.81,218.73,531.0
534,1439,person,2728.52,1478.63,577.58,465.68
534,1544,person,3254.17,710.88,228.53,276.78
535,1248,person,1220.52,1163.87,425.35,913.89
535,1250,person,3573.94,1102.2,344.43,871.01
535,1259,person,3153.77,1086.09,445.62,925.46
535,1338,person,2403.28,1120.69,292.28,811.63
535,1265,person,2123.54,1200.21,350.79,775.37
535,1254,person,1507.18,1003.48,298.19,974.83
535,1302,person,3417.3,1074.12,194.0,804.41
535,1539,person,1796.9,1235.83,288.12,652.63
535,1541,person,354.33,1357.49,373.19,509.81
535,1542,person,2611.23,1078.26,218.98,532.63
535,1439,person,2728.37,1479.17,584.38,466.91
535,1544,person,3253.95,711.27,228.63,276.77
536,1248,person,1223.79,1160.0,419.38,910.45
536,1250,person,3571.89,1101.65,344.43,870.23
536,1259,person,3152.74,1086.07,446.45,924.98
536,1338,person,2402.77,1120.96,291.03,812.2
536,1265,person,2124.34,1198.41,351.23,776.7
536,1254,person,1508.95,1004.22,299.97,978.4
536,1302,person,3419.0,1076.24,193.76,809.63
536,1539,person,1799.14,1235.74,288.25,651.68
536,1541,person,352.63,1358.3,371.99,506.31
536,1542,person,2610.65,1079.99,219.38,534.58
536,1439,person,2727.93,1480.58,584.93,462.71
536,1544,person,3254.19,712.33,229.6,278.15
537,1248,person,1225.18,1157.77,413.93,908.23
537,1250,person,3571.53,1101.41,344.27,869.06
537,1259,person,3151.59,1085.84,446.89,923.53
537,1338,person,2404.5,1124.32,292.57,819.67
537,1265,person,2133.98,1196.28,354.54,778.21
537,1254,person,1510.09,1005.07,301.41,981.49
537,1302,person,3416.5,1079.05,195.91,821.33
537,1539,person,1801.17,1235.73,289.93,652.22
537,1541,person,351.52,1357.51,370.55,502.1
537,1542,person,2611.57,1074.5,225.56,551.67
537,1439,person,2729.31,1480.81,586.25,459.82
537,1544,person,3254.37,713.25,230.49,279.69
538,1248,person,1229.3,1157.75,409.36,910.02
538,1250,person,3571.41,1101.77,344.9,870.35
538,1259,person,3151.68,1089.8,449.55,927.29
538,1338,person,2405.11,1126.39,292.15,821.7
538,1265,person,2131.7,1194.56,357.44,785.59
538,1254,person,1510.55,1005.11,302.42,983.81
538,1302,person,3419.49,1079.38,193.3,816.23
538,1539,person,1805.12,1235.16,291.69,652.78
538,1541,person,350.22,1357.31,371.48,501.04
538,1542,person,2611.45,1063.57,238.02,586.93
538,1439,person,2731.74,1481.97,595.72,464.86
538,1544,person,3254.52,714.24,230.7,280.52
539,1248,person,1229.67,1156.79,403.72,909.38
539,1250,person,3571.84,1101.38,344.57,869.32
539,1259,person,3151.2,1088.72,448.57,922.66
539,1338,person,2403.8,1126.38,291.52,821.53
539,1265,person,2131.42,1194.2,355.21,783.83
539,1254,person,1510.05,1004.08,303.53,984.17
539,1302,person,3419.61,1079.83,192.2,814.55
539,1539,person,1814.71,1236.0,295.3,653.26
539,1541,person,350.11,1355.99,371.79,499.0
539,1542,person,2611.02,1057.21,240.83,597.44
539,1439,person,2730.9,1482.77,598.27,464.11
539,1544,person,3254.81,714.71,231.43,281.94
540,1248,person,1229.45,1156.96,399.84,911.91
540,1250,person,3571.72,1102.12,345.23,870.49
540,1259,person,3150.33,1087.5,449.93,922.63
540,1338,person,2402.78,1128.08,292.66,825.65
540,1265,person,2134.62,1192.06,354.36,785.99
540,1254,person,1510.72,1003.5,305.32,985.66
540,1302,person,3420.67,1080.88,191.82,818.53
540,1539,person,1820.28,1235.78,298.93,652.87
540,1541,person,354.12,1360.52,376.55,505.64
540,1542,person,2612.18,1053.79,237.87,592.02
540,1439,person,2730.36,1483.07,599.72,462.63
540,1544,person,3254.59,714.76,231.37,282.23
541,1248,person,1228.9,1157.31,395.77,913.34
541,1250,person,3572.38,1101.82,345.33,870.4
541,1259,person,3149.68,1086.8,451.34,922.36
541,1338,person,2407.25,1114.11,284.7,804.36
541,1265,person,2134.3,1191.2,353.02,788.02
541,1254,person,1512.33,1003.39,306.92,988.04
541,1302,person,3420.01,1082.19,191.93,822.05
541,1539,person,1822.62,1236.12,301.67,652.71
541,1541,person,354.94,1362.26,381.48,512.63
541,1542,person,2612.02,1052.59,238.17,594.54
541,1439,person,2728.49,1483.12,602.72,463.2
541,1544,person,3254.16,714.62,231.07,282.1
542,1248,person,1228.72,1155.86,390.35,909.98
542,1250,person,3572.94,1101.3,345.16,869.92
542,1259,person,3148.29,1087.34,452.96,922.16
542,1338,person,2406.43,1123.49,288.0,814.42
542,1265,person,2142.67,1191.56,356.07,791.6
542,1254,person,1514.21,1002.79,307.74,987.55
542,1302,person,3420.62,1081.44,190.99,821.23
542,1539,person,1823.52,1236.06,304.98,654.25
542,1541,person,353.33,1363.18,381.59,512.16
542,1542,person,2611.85,1053.1,238.05,596.09
542,1439,person,2722.4,1485.82,606.54,466.13
542,1544,person,3254.46,715.26,231.49,282.9
542,1556,sports ball,2368.13,774.5,111.87,115.51
543,1248,person,1228.18,1158.56,388.54,914.41
543,1250,person,3572.64,1100.88,345.21,869.66
543,1259,person,3147.1,1086.82,453.44,919.74
543,1338,person,2405.69,1121.89,284.52,809.93
543,1265,person,2141.73,1193.34,358.07,797.07
543,1254,person,1515.97,1003.19,309.0,989.11
543,1302,person,3420.33,1079.05,189.92,817.96
543,1539,person,1824.63,1235.84,307.38,654.26
543,1541,person,350.35,1362.05,378.5,505.97
543,1542,person,2612.9,1054.48,237.82,597.4
543,1439,person,2717.1,1488.06,611.43,470.14
543,1544,person,3254.44,715.57,232.22,284.22
543,1556,sports ball,2368.17,774.68,112.78,116.44
544,1248,person,1226.78,1159.61,385.34,915.14
544,1250,person,3572.38,1100.96,345.43,870.13
544,1259,person,3145.78,1086.56,454.18,917.71
544,1338,person,2406.88,1118.17,281.12,805.97
544,1265,person,2141.15,1192.46,356.64,793.94
544,1254,person,1517.3,1003.58,310.52,991.36
544,1302,person,3420.48,1078.26,189.43,817.6
544,1539,person,1823.35,1235.88,310.62,654.58
544,1542,person,2612.86,1055.38,237.01,597.22
544,1439,person,2718.76,1487.92,610.79,469.94
544,1544,person,3254.27,715.74,232.26,284.66
544,1556,sports ball,2368.23,775.07,113.4,117.07
545,1248,person,1225.59,1161.26,383.03,917.71
545,1250,person,3571.88,1101.07,345.54,870.04
545,1259,person,3144.67,1086.26,455.53,916.62
545,1338,person,2408.46,1114.72,277.08,800.8
545,1265,person,2131.64,1190.76,358.86,792.59
545,1254,person,1517.9,1003.65,311.77,992.56
545,1302,person,3421.06,1077.71,189.26,818.45
545,1539,person,1821.27,1235.67,311.73,653.27
545,1542,person,2612.01,1055.43,237.08,599.49
545,1439,person,2719.72,1488.49,610.24,469.48
545,1544,person,3254.23,716.14,232.88,285.87
545,1556,sports ball,2368.28,774.42,112.81,116.46
546,1248,person,1224.46,1164.3,382.43,923.51
546,1250,person,3572.04,1101.13,345.47,869.87
546,1259,person,3143.49,1086.34,456.55,915.14
546,1338,person,2405.61,1119.42,277.72,805.71
546,1265,person,2113.39,1189.89,363.47,790.61
546,1254,person,1518.18,1004.01,313.3,994.27
546,1302,person,3419.67,1076.29,188.85,816.44
546,1539,person,1819.68,1235.77,313.89,653.82
546,1542,person,2612.06,1057.97,238.5,605.82
546,1439,person,2721.17,1487.46,607.5,467.24
546,1544,person,3254.45,716.1,233.01,286.6
546,1556,sports ball,2368.03,774.43,112.47,116.07
546,1559,person,439.82,1373.1,203.58,467.77
547,1248,person,1223.77,1164.24,380.02,923.58
547,1250,person,3572.15,1101.02,345.56,869.9
547,1259,person,3143.84,1086.42,457.5,913.52
547,1338,person,2409.34,1112.56,271.83,793.16
547,1265,person,2124.82,1188.79,363.21,788.15
547,1254,person,1518.94,1003.86,314.07,994.05
547,1302,person,3420.47,1074.75,187.69,811.75
547,1539,person,1819.94,1235.88,318.91,654.36
547,1542,person,2612.65,1056.52,236.37,602.73
547,1439,person,2724.08,1487.42,603.5,463.04
547,1544,person,3254.56,717.58,234.33,288.78
547,1556,sports ball,2368.51,773.64,110.93,114.26
547,1559,person,439.72,1370.87,208.64,480.01
547,1541,person,343.06,1360.82,381.33,506.29
548,1248,person,1227.11,1162.26,377.52,919.67
548,1250,person,3572.01,1100.56,345.85,870.13
548,1259,person,3144.16,1086.38,459.69,915.36
548,1338,person,2414.62,1112.33,271.3,799.4
548,1265,person,2133.78,1187.68,364.14,792.74
548,1254,person,1518.35,1003.84,315.32,993.7
548,1302,person,3420.47,1072.76,186.76,807.16
548,1539,person,1824.44,1236.06,323.36,656.37
548,1542,person,2614.24,1055.19,234.92,601.9
548,1439,person,2727.67,1487.74,602.08,460.4
548,1544,person,3255.03,717.66,235.16,290.57
548,1556,sports ball,2368.41,772.06,109.86,112.96
548,1541,person,346.3,1357.82,380.32,503.53
549,1248,person,1227.23,1159.95,375.32,916.35
549,1250,person,3572.22,1100.75,345.7,869.48
549,1259,person,3144.12,1086.94,460.56,914.51
549,1338,person,2402.06,1171.5,251.38,726.28
549,1265,person,2140.32,1189.21,365.11,797.46
549,1254,person,1518.77,1003.48,316.2,992.8
549,1302,person,3422.06,1070.86,185.59,803.38
549,1539,person,1826.96,1236.23,327.43,656.18
549,1542,person,2613.02,1055.87,234.85,604.27
549,1439,person,2730.72,1485.93,604.92,460.85
549,1544,person,3255.31,718.92,235.31,291.24
549,1556,sports ball,2368.88,772.97,110.63,113.58
549,1541,person,344.86,1360.68,387.82,512.43
550,1248,person,1228.23,1158.36,373.66,913.05
550,1250,person,3572.48,1100.81,345.83,869.83
550,1259,person,3143.18,1087.87,460.69,912.78
550,1338,person,2395.64,1190.3,248.68,706.44
550,1265,person,2147.87,1187.57,365.04,803.17
550,1254,person,1517.94,1003.08,317.22,991.56
550,1302,person,3421.29,1069.5,185.01,799.45
550,1539,person,1838.14,1235.9,335.07,656.36
550,1542,person,2612.76,1055.82,234.2,605.32
550,1439,person,2728.24,1484.78,601.23,456.24
550,1544,person,3255.42,718.89,234.57,290.83
550,1541,person,348.5,1361.54,391.23,518.9
551,1248,person,1229.68,1160.27,374.46,914.96
551,1250,person,3576.37,1098.39,347.12,873.31
551,1259,person,3143.6,1087.06,461.84,912.73
551,1338,person,2394.84,1192.71,252.16,704.84
551,1265,person,2151.11,1185.94,364.32,804.96
551,1254,person,1517.05,1001.97,317.46,987.77
551,1302,person,3418.59,1069.89,185.85,800.19
551,1539,person,1836.61,1235.83,339.34,656.44
551,1542,person,2613.61,1052.05,231.93,599.89
551,1439,person,2726.73,1485.85,604.74,459.06
551,1544,person,3255.79,718.52,234.95,291.68
551,1541,person,350.7,1359.3,387.8,516.58
552,1248,person,1228.31,1161.36,373.86,913.55
552,1250,person,3575.26,1099.02,346.72,871.86
552,1259,person,3143.32,1086.95,462.96,912.51
552,1338,person,2395.38,1191.6,256.57,711.92
552,1265,person,2146.66,1185.67,364.06,804.92
552,1254,person,1518.33,1001.77,318.3,987.75
552,1302,person,3418.34,1069.76,186.11,799.01
552,1539,person,1829.74,1236.42,341.35,656.42
552,1542,person,2613.43,1047.86,229.71,593.77
552,1439,person,2721.4,1485.79,605.08,460.8
552,1544,person,3255.38,718.47,234.82,291.89
552,1541,person,349.1,1359.53,389.98,522.48
553,1248,person,1233.71,1161.94,375.23,912.04
553,1250,person,3574.89,1099.45,346.83,871.67
553,1259,person,3142.68,1087.14,464.37,913.04
553,1338,person,2389.08,1195.56,267.47,733.04
553,1265,person,2143.6,1186.12,363.66,804.97
553,1254,person,1518.04,1001.02,318.69,986.22
553,1302,person,3417.14,1069.06,186.45,797.25
553,1539,person,1824.28,1237.32,343.96,658.64
553,1542,person,2613.67,1046.52,228.87,592.57
553,1439,person,2718.05,1487.1,608.79,465.51
553,1544,person,3255.1,718.5,234.52,291.84
553,1541,person,349.4,1362.87,393.72,532.14
554,1248,person,1237.33,1163.6,378.14,912.83
554,1250,person,3577.25,1097.89,347.65,873.92
554,1259,person,3142.48,1087.55,465.38,912.96
554,1338,person,2386.41,1192.22,273.09,739.02
554,1265,person,2141.37,1184.93,364.05,805.2
554,1254,person,1518.22,999.89,319.07,984.93
554,1302,person,3417.43,1068.46,186.6,795.45
554,1539,person,1822.44,1236.3,343.82,657.38
554,1542,person,2613.93,1047.31,228.62,593.42
554,1439,person,2713.52,1488.19,610.33,469.06
554,1544,person,3255.18,718.27,233.38,290.48
554,1541,person,354.49,1364.93,392.96,538.48
555,1248,person,1244.58,1163.31,379.66,907.7
555,1250,person,3578.3,1097.09,347.75,873.98
555,1259,person,3143.07,1087.63,465.95,912.67
555,1338,person,2385.07,1186.86,279.67,748.67
555,1265,person,2142.19,1184.28,363.2,803.71
555,1254,person,1518.46,999.67,320.03,985.82
555,1302,person,3416.97,1068.09,187.04,794.42
555,1539,person,1820.63,1236.51,344.0,657.49
555,1542,person,2615.3,1046.68,227.58,592.54
555,1439,person,2720.65,1486.4,617.28,475.51
555,1544,person,3255.3,718.44,233.15,290.18
555,1541,person,360.37,1362.89,389.0,542.2
556,1248,person,1247.25,1161.93,379.21,898.05
556,1250,person,3578.54,1097.5,347.63,873.7
556,1259,person,3142.86,1087.37,466.25,911.43
556,1338,person,2382.86,1186.42,286.01,760.73
556,1265,person,2143.64,1184.16,363.26,802.94
556,1254,person,1518.76,1000.16,321.3,987.61
556,1302,person,3416.89,1069.08,187.85,794.97
556,1539,person,1815.32,1235.14,343.09,655.51
556,1542,person,2615.83,1051.13,229.93,601.52
556,1439,person,2720.97,1487.52,615.08,475.3
556,1544,person,3254.77,718.82,233.14,290.42
556,1541,person,371.74,1336.24,419.45,605.65
557,1248,person,1250.81,1163.41,380.85,893.69
557,1250,person,3578.62,1097.04,347.51,873.33
557,1259,person,3143.24,1087.55,467.32,912.51
557,1338,person,2382.91,1179.38,288.08,761.19
557,1265,person,2144.08,1182.48,363.67,803.14
557,1254,person,1520.25,1000.33,322.0,988.99
557,1302,person,3416.33,1069.21,188.75,795.16
557,1539,person,1816.36,1234.65,341.84,655.24
557,1542,person,2616.07,1049.25,228.33,598.44
557,1439,person,2722.29,1487.14,612.96,475.32
557,1544,person,3254.82,718.24,232.93,290.16
557,1559,person,429.94,1348.93,223.36,522.95
558,1248,person,1253.29,1163.39,380.46,885.17
558,1250,person,3579.02,1097.75,347.73,874.01
558,1259,person,3143.26,1088.04,468.03,912.57
558,1338,person,2381.2,1176.41,291.77,765.97
558,1265,person,2146.89,1184.61,365.01,805.5
558,1254,person,1521.12,1000.78,323.52,990.59
558,1302,person,3416.26,1071.03,190.11,798.13
558,1539,person,1814.55,1235.73,341.34,655.62
558,1542,person,2615.82,1049.33,227.89,599.42
558,1439,person,2721.14,1485.11,609.67,473.83
558,1544,person,3254.53,718.58,233.57,290.93
558,1559,person,423.26,1350.12,228.76,541.9
558,1556,sports ball,2365.59,767.84,100.19,100.38
559,1248,person,1255.79,1166.15,384.46,885.98
559,1250,person,3579.05,1096.92,347.23,872.66
559,1259,person,3144.23,1087.19,468.01,911.66
559,1338,person,2379.33,1171.39,294.06,767.92
559,1265,person,2150.04,1183.14,364.64,802.48
559,1254,person,1520.13,1001.22,325.18,991.99
559,1302,person,3416.54,1070.05,190.35,796.19
559,1539,person,1813.55,1237.45,339.32,655.68
559,1542,person,2615.61,1045.96,225.0,592.73
559,1439,person,2716.68,1481.74,599.58,467.58
559,1544,person,3254.09,718.35,234.37,292.02
559,1559,person,430.33,1341.92,233.54,569.5
559,1556,sports ball,2364.67,769.69,105.0,103.86
559,1541,person,355.75,1336.37,404.23,595.83
560,1248,person,1259.71,1168.86,387.53,887.41
560,1250,person,3578.54,1097.49,347.04,872.29
560,1259,person,3144.33,1087.51,468.64,912.18
560,1338,person,2379.8,1168.77,296.39,771.69
560,1265,person,2157.71,1181.17,364.14,801.44
560,1254,person,1519.44,1000.91,326.24,990.64
560,1302,person,3417.89,1069.26,190.11,794.49
560,1539,person,1811.93,1239.5,340.22,657.55
560,1542,person,2616.83,1042.49,222.31,585.66
560,1439,person,2721.03,1480.73,598.5,466.84
560,1544,person,3254.36,719.29,235.53,293.83
560,1556,sports ball,2363.84,770.9,107.88,105.57
560,1541,person,351.84,1343.04,389.52,583.21
561,1248,person,1263.02,1171.59,391.4,890.95
561,1250,person,3578.36,1097.38,347.27,872.87
561,1259,person,3144.53,1087.16,469.2,912.75
561,1338,person,2391.48,1156.53,289.28,758.65
561,1265,person,2163.73,1189.85,371.13,821.86
561,1254,person,1519.92,999.65,326.81,988.28
561,1302,person,3416.61,1068.5,190.77,795.67
561,1539,person,1811.66,1242.08,341.15,659.55
561,1542,person,2617.45,1039.23,219.76,579.04
561,1439,person,2724.79,1482.08,604.83,472.41
561,1556,sports ball,2362.52,771.53,109.88,106.57
561,1541,person,345.44,1344.82,387.31,585.54
562,1248,person,1263.76,1172.85,392.0,887.99
562,1250,person,3578.34,1097.48,346.97,871.98
562,1259,person,3146.02,1087.15,469.29,913.3
562,1338,person,2382.95,1157.88,292.4,763.41
562,1265,person,2171.54,1181.89,361.02,807.16
562,1254,person,1522.19,1001.18,330.04,996.66
562,1302,person,3417.67,1068.58,190.86,796.48
562,1539,person,1800.18,1243.74,347.68,662.85
562,1542,person,2617.9,1040.23,220.23,580.91
562,1439,person,2726.22,1482.29,607.39,474.84
562,1556,sports ball,2362.03,772.01,111.38,107.22
562,1541,person,344.85,1338.96,385.96,589.26
563,1248,person,1266.38,1174.15,393.42,887.58
563,1250,person,3577.96,1097.8,347.5,873.39
563,1259,person,3147.12,1087.76,469.7,915.08
563,1338,person,2381.78,1160.53,297.47,776.78
563,1265,person,2170.02,1218.96,388.84,882.37
563,1254,person,1523.09,1004.58,332.88,1005.2
563,1302,person,3418.85,1069.15,190.78,798.53
563,1539,person,1799.52,1240.12,348.79,663.21
563,1542,person,2618.07,1040.19,220.88,583.07
563,1439,person,2719.71,1483.07,605.32,474.81
563,1556,sports ball,2361.79,772.09,113.09,108.26
563,1541,person,346.07,1323.9,403.25,627.14
564,1248,person,1270.7,1173.73,393.43,882.73
564,1250,person,3578.73,1097.71,347.39,873.11
564,1259,person,3147.5,1088.06,469.94,916.93
564,1338,person,2408.21,1155.49,289.36,773.87
564,1265,person,2162.86,1204.68,374.59,852.53
564,1254,person,1522.5,1009.69,336.24,1015.79
564,1302,person,3417.45,1069.33,190.87,798.87
564,1539,person,1790.77,1237.87,350.45,662.98
564,1542,person,2618.72,1042.47,222.49,588.93
564,1439,person,2726.07,1481.52,610.38,479.14
564,1556,sports ball,2360.57,771.93,113.23,108.17
564,1541,person,347.96,1326.69,375.92,587.33
564,1559,person,437.09,1347.47,211.77,532.34
565,1248,person,1274.02,1177.34,395.3,883.5
565,1250,person,3578.44,1098.64,347.37,873.65
565,1259,person,3147.42,1087.9,469.66,917.02
565,1338,person,2393.95,1152.59,293.74,787.88
565,1265,person,2164.74,1198.76,367.13,839.39
565,1254,person,1523.05,1012.57,337.63,1021.81
565,1302,person,3416.52,1070.54,190.61,797.65
565,1539,person,1786.54,1239.44,354.15,665.7
565,1542,person,2618.4,1044.59,223.04,591.86
565,1439,person,2732.81,1482.19,616.38,483.06
565,1556,sports ball,2359.39,771.3,112.5,107.26
565,1541,person,346.57,1323.9,371.31,582.45
566,1248,person,1280.92,1179.73,394.58,878.0
566,1250,person,3578.39,1097.47,347.05,873.05
566,1259,person,3147.89,1088.76,469.94,919.11
566,1338,person,2391.6,1156.47,298.47,805.24
566,1265,person,2162.05,1192.47,362.9,829.13
566,1254,person,1522.18,1011.46,336.89,1020.65
566,1302,person,3416.26,1071.19,190.52,797.35
566,1539,person,1789.44,1237.98,354.56,666.66
566,1542,person,2618.47,1044.3,223.28,594.19
566,1439,person,2719.89,1481.98,613.26,482.59
566,1541,person,348.53,1311.85,381.47,603.98
567,1248,person,1283.76,1183.07,395.64,874.1
567,1250,person,3578.81,1098.58,346.89,873.23
567,1259,person,3147.84,1089.77,470.35,920.8
567,1338,person,2393.68,1158.88,299.76,813.79
567,1265,person,2169.64,1188.86,358.19,820.53
567,1254,person,1522.12,1012.37,336.62,1021.22
567,1302,person,3416.23,1073.89,190.64,797.47
567,1539,person,1786.3,1240.31,358.57,667.63
567,1542,person,2618.42,1040.77,222.74,592.81
567,1439,person,2714.62,1480.69,608.64,480.09
567,1541,person,360.17,1303.31,367.64,588.16
567,1559,person,443.99,1339.69,194.53,494.85
568,1248,person,1285.95,1186.37,397.62,872.33
568,1250,person,3579.21,1097.94,346.6,872.52
568,1259,person,3148.33,1088.91,469.23,919.94
568,1338,person,2396.81,1151.03,295.64,806.94
568,1265,person,2165.76,1187.54,357.49,818.93
568,1254,person,1521.73,1014.29,337.78,1026.92
568,1302,person,3416.06,1073.12,190.94,797.66
568,1539,person,1785.83,1242.22,365.39,676.21
568,1542,person,2617.04,1042.93,225.21,601.3
568,1439,person,2713.2,1483.05,604.72,478.04
568,1559,person,452.22,1356.53,185.71,474.53
569,1248,person,1286.13,1188.51,398.71,868.04
569,1250,person,3579.32,1098.58,346.75,873.4
569,1259,person,3148.42,1089.93,469.01,920.39
569,1338,person,2402.66,1152.4,294.91,807.75
569,1265,person,2170.35,1189.2,356.88,821.11
569,1254,person,1521.33,1014.45,336.57,1025.01
569,1302,person,3415.82,1074.84,192.02,802.07
569,1539,person,1794.62,1241.78,370.54,674.19
569,1542,person,2617.17,1043.76,225.28,603.7
569,1439,person,2709.18,1484.42,601.61,476.1
569,1559,person,459.1,1362.33,188.15,479.73
569,1541,person,367.07,1347.91,335.71,526.87
570,1248,person,1287.66,1190.13,399.45,864.04
570,1250,person,3579.14,1098.14,346.36,872.35
570,1259,person,3149.06,1090.21,468.72,920.96
570,1338,person,2402.37,1156.63,299.23,824.18
570,1265,person,2155.88,1187.62,358.2,820.5
570,1254,person,1522.33,1016.36,336.93,1028.89
570,1302,person,3416.01,1071.67,190.75,796.3
570,1539,person,1799.97,1241.24,368.15,670.89
570,1542,person,2616.16,1048.2,227.76,613.36
570,1439,person,2711.83,1482.31,602.78,478.33
570,1559,person,461.95,1366.38,191.2,484.58
571,1248,person,1286.84,1191.31,400.81,860.49
571,1250,person,3579.38,1098.79,346.42,872.64
571,1259,person,3149.11,1089.88,467.64,919.25
571,1338,person,2403.78,1158.44,299.67,830.72
571,1265,person,2156.14,1190.58,359.91,828.14
571,1254,person,1521.75,1019.01,336.83,1030.99
571,1302,person,3416.29,1072.68,190.98,797.62
571,1539,person,1795.66,1241.46,369.33,672.29
571,1542,person,2616.02,1048.31,226.95,613.67
571,1439,person,2707.79,1482.88,603.02,481.68
571,1559,person,467.98,1375.62,185.75,466.2
572,1248,person,1288.08,1193.18,402.32,857.74
572,1250,person,3579.37,1099.17,346.59,873.57
572,1259,person,3149.22,1089.32,466.97,918.19
572,1338,person,2404.09,1158.35,300.01,837.33
572,1265,person,2156.71,1186.18,355.3,823.2
572,1254,person,1521.36,1019.97,336.52,1032.49
572,1302,person,3416.11,1074.0,191.26,799.52
572,1539,person,1795.29,1240.72,368.72,671.41
572,1542,person,2615.79,1046.76,225.48,611.78
572,1439,person,2698.37,1483.55,600.09,483.92
572,1559,person,466.66,1385.3,184.92,461.73
573,1248,person,1287.5,1195.85,403.55,853.11
573,1250,person,3579.23,1099.06,346.26,873.05
573,1259,person,3149.56,1089.03,466.95,918.27
573,1338,person,2408.24,1156.74,300.29,844.18
573,1265,person,2145.61,1184.44,356.79,826.28
573,1254,person,1522.25,1020.65,335.84,1033.42
573,1302,person,3416.26,1074.57,190.55,797.83
573,1539,person,1795.11,1239.39,364.7,667.42
573,1542,person,2616.48,1044.39,223.25,606.46
573,1439,person,2691.02,1480.42,591.87,481.58
573,1559,person,464.05,1390.12,179.54,446.52
574,1248,person,1288.32,1202.38,406.89,853.99
574,1250,person,3579.06,1099.16,346.26,873.49
574,1259,person,3149.97,1088.72,466.35,917.31
574,1338,person,2408.4,1154.53,301.06,849.9
574,1265,person,2134.66,1183.84,357.78,826.79
574,1254,person,1522.81,1022.66,336.47,1037.67
574,1302,person,3415.88,1076.4,190.61,799.05
574,1539,person,1794.45,1239.55,360.13,665.26
574,1542,person,2615.67,1037.02,218.42,591.74
574,1439,person,2687.31,1478.93,587.33,481.57
574,1559,person,466.2,1404.5,172.75,425.29
575,1248,person,1290.16,1206.08,410.2,854.28
575,1250,person,3579.35,1098.71,345.81,872.34
575,1259,person,3150.18,1088.07,465.71,916.27
575,1338,person,2412.17,1151.44,302.47,854.62
575,1265,person,2126.05,1182.24,359.75,829.39
575,1254,person,1522.71,1024.98,337.59,1043.4
575,1302,person,3409.02,1082.65,197.06,824.12
575,1539,person,1792.86,1239.62,359.0,670.34
575,1542,person,2614.46,1031.71,215.99,582.28
575,1439,person,2679.06,1479.56,583.51,483.91
575,1559,person,465.13,1407.71,174.23,424.57
575,1563,umbrella,468.19,1270.92,180.83,150.43
575,1564,sports ball,1125.96,839.14,111.85,119.3
576,1248,person,1291.07,1204.42,407.6,839.4
576,1250,person,3578.95,1099.32,345.52,871.9
576,1259,person,3151.07,1088.08,465.29,915.86
576,1338,person,2421.45,1150.92,306.53,855.5
576,1265,person,2118.73,1182.29,361.09,828.31
576,1254,person,1524.24,1026.67,337.82,1046.25
576,1539,person,1789.57,1238.37,355.64,668.79
576,1542,person,2616.54,1018.92,208.39,556.28
576,1439,person,2683.05,1480.19,581.81,486.1
576,1559,person,466.22,1410.98,174.35,424.91
576,1563,umbrella,466.76,1284.78,189.35,157.67
576,1564,sports ball,1123.69,844.11,110.87,118.3
577,1248,person,1291.79,1205.86,406.54,826.65
577,1250,person,3579.12,1098.84,345.59,871.85
577,1259,person,3151.91,1087.97,464.9,915.67
577,1338,person,2430.12,1150.1,313.02,857.06
577,1265,person,2115.0,1181.29,359.8,825.42
577,1254,person,1522.46,1025.4,337.01,1043.32
577,1539,person,1791.09,1239.21,354.03,671.45
577,1542,person,2616.28,1008.51,204.01,537.4
577,1439,person,2676.41,1480.89,576.98,487.66
577,1559,person,464.58,1419.71,170.68,409.77
577,1563,umbrella,466.42,1303.38,200.5,167.52
577,1564,sports ball,1121.99,852.48,110.28,117.7
578,1248,person,1289.6,1209.1,408.76,820.11
578,1250,person,3578.99,1098.59,345.95,872.91
578,1259,person,3152.21,1089.73,466.35,919.54
578,1338,person,2433.69,1150.67,322.83,859.77
578,1265,person,2110.43,1182.38,358.99,824.79
578,1254,person,1517.83,883.35,259.81,750.32
578,1539,person,1789.78,1240.16,352.28,673.79
578,1542,person,2618.11,1004.4,204.06,530.52
578,1439,person,2686.06,1481.85,573.08,486.64
578,1563,umbrella,468.18,1321.49,212.62,178.74
578,1564,sports ball,1119.78,859.63,111.66,118.98
579,1248,person,1289.11,1209.18,410.51,812.09
579,1250,person,3579.14,1098.94,346.09,872.84
579,1259,person,3151.83,1087.51,464.59,916.54
579,1338,person,2441.41,1150.7,334.01,862.69
579,1265,person,2104.31,1183.72,358.8,825.51
579,1254,person,1516.56,981.85,328.98,953.32
579,1539,person,1791.04,1237.74,347.38,671.28
579,1542,person,2617.65,993.24,197.88,504.34
579,1439,person,2686.54,1477.25,565.66,482.69
579,1563,umbrella,470.22,1335.54,218.2,184.8
579,1564,sports ball,1115.87,865.82,109.69,116.81
580,1248,person,1288.34,1211.93,413.95,807.91
580,1250,person,3578.25,1099.38,346.79,875.34
580,1259,person,3152.07,1087.77,464.45,915.78
580,1338,person,2449.84,1152.65,344.08,862.3
580,1265,person,2098.98,1186.54,359.8,828.92
580,1254,person,1516.79,867.21,264.58,719.15
580,1539,person,1784.15,1237.52,344.48,670.19
580,1542,person,2617.37,981.13,192.37,480.93
580,1439,person,2692.53,1475.65,563.95,481.83
580,1544,person,3256.09,717.76,229.41,286.78
581,1248,person,1287.84,1216.04,417.93,804.94
581,1250,person,3578.26,1099.06,346.85,875.94
581,1259,person,3154.28,1086.82,464.71,914.81
581,1338,person,2457.58,1151.83,354.42,861.9
581,1265,person,2090.39,1186.44,360.48,830.48
581,1254,person,1516.34,815.79,238.24,613.62
581,1539,person,1781.56,1236.62,339.25,667.67
581,1542,person,2617.54,980.82,194.86,480.37
581,1439,person,2699.55,1477.07,569.43,486.26
582,1248,person,1288.56,1219.53,419.88,797.36
582,1250,person,3578.13,1099.04,346.85,876.06
582,1259,person,3154.85,1087.38,465.96,916.07
582,1338,person,2462.04,1151.63,364.01,860.13
582,1265,person,2081.86,1187.28,359.63,828.91
582,1254,person,1515.61,802.07,237.94,585.31
582,1539,person,1780.05,1235.93,333.22,662.76
582,1542,person,2617.33,979.53,196.54,478.54
582,1439,person,2684.9,1478.71,565.46,487.46
583,1248,person,1288.38,1221.47,423.36,793.47
583,1250,person,3578.11,1098.94,347.1,876.67
583,1259,person,3155.85,1088.49,468.47,919.93
583,1338,person,2460.48,1150.3,373.24,859.19
583,1265,person,2072.27,1189.09,358.44,823.64
583,1254,person,1514.69,797.89,244.17,576.54
583,1539,person,1778.61,1235.45,327.85,659.94
583,1542,person,2616.81,979.01,199.72,480.56
583,1439,person,2673.69,1480.52,559.15,486.9
584,1248,person,1287.38,1223.55,427.17,791.19
584,1250,person,3578.27,1098.3,346.96,875.71
584,1259,person,3158.39,1087.68,469.09,919.85
584,1338,person,2464.61,1148.36,380.99,853.23
584,1265,person,2065.4,1191.57,357.2,817.16
584,1254,person,1514.23,795.88,251.58,572.66
584,1539,person,1778.62,1234.79,322.12,657.43
584,1542,person,2617.53,978.21,200.56,478.37
584,1439,person,2676.59,1480.08,557.2,488.92
585,1248,person,1287.71,1224.64,430.6,787.79
585,1250,person,3577.68,1098.51,346.88,875.03
585,1259,person,3159.75,1087.98,470.08,920.3
585,1338,person,2462.31,1147.27,388.57,852.63
585,1265,person,2056.38,1191.52,359.32,815.0
585,1254,person,1513.92,796.85,260.27,573.96
585,1539,person,1780.35,1235.05,316.14,653.28
585,1542,person,2618.2,976.57,201.77,476.78
585,1439,person,2667.73,1477.96,549.88,488.35
585,1566,skateboard,1195.93,1459.07,152.68,254.89
585,1302,person,3417.57,1085.78,190.8,802.15
586,1248,person,1287.33,1225.27,434.73,786.64
586,1250,person,3577.2,1098.98,346.8,874.86
586,1259,person,3160.36,1090.3,470.78,921.2
586,1338,person,2458.68,1147.31,393.5,849.62
586,1265,person,2046.02,1192.68,363.38,817.19
586,1254,person,1513.82,798.28,268.77,576.31
586,1539,person,1780.67,1236.73,311.58,652.62
586,1542,person,2617.85,976.06,203.04,475.26
586,1439,person,2724.77,1477.78,568.74,495.7
586,1566,skateboard,1193.11,1457.49,153.35,255.77
586,1302,person,3417.9,1086.23,190.33,804.15
587,1248,person,1287.51,1224.97,438.44,785.96
587,1250,person,3576.8,1099.69,346.45,873.4
587,1259,person,3159.93,1096.06,478.26,936.44
587,1338,person,2448.64,1147.87,400.14,856.99
587,1265,person,2036.95,1194.47,365.45,815.72
587,1254,person,1514.6,799.55,276.14,578.24
587,1539,person,1780.18,1237.03,306.68,651.9
587,1542,person,2619.74,979.36,205.15,475.95
587,1439,person,2682.08,1478.5,556.68,490.94
587,1566,skateboard,1190.98,1457.62,153.33,255.35
587,1302,person,3417.5,1086.85,189.26,801.82
588,1248,person,1287.64,1224.55,441.94,786.11
588,1250,person,3576.72,1100.21,346.32,872.91
588,1259,person,3159.83,1094.91,478.09,935.82
588,1338,person,2437.26,1147.17,401.98,860.21
588,1265,person,2028.68,1194.23,368.78,816.41
588,1254,person,1515.21,802.84,284.32,584.21
588,1539,person,1777.91,1239.6,301.85,652.97
588,1542,person,2621.04,992.1,201.01,460.6
588,1439,person,2667.12,1480.35,550.54,490.43
588,1566,skateboard,1189.88,1456.98,153.02,254.19
589,1248,person,1288.21,1223.61,445.56,787.07
589,1250,person,3576.63,1100.21,346.21,872.19
589,1259,person,3158.9,1094.86,477.09,933.27
589,1338,person,2423.26,1145.83,400.11,861.69
589,1265,person,2022.97,1191.51,372.8,818.89
589,1254,person,1514.82,806.28,292.06,590.42
589,1539,person,1778.66,1239.62,297.51,657.1
589,1542,person,2620.34,1008.47,189.63,425.46
589,1439,person,2662.76,1478.68,546.44,491.23
589,1566,skateboard,1188.38,1455.07,156.37,259.32
590,1248,person,1288.64,1223.58,449.3,789.01
590,1250,person,3576.7,1100.93,345.68,870.15
590,1259,person,3158.34,1094.32,476.73,932.42
590,1338,person,2409.97,1145.53,396.35,863.57
590,1265,person,2021.02,1190.58,375.08,819.32
590,1254,person,1514.66,808.32,298.06,594.07
590,1539,person,1775.98,1239.47,290.21,649.71
590,1542,person,2621.27,1023.73,194.4,429.36
590,1439,person,2664.71,1475.75,536.39,485.48
590,1566,skateboard,1188.94,1453.07,156.18,258.49
591,1248,person,1288.71,1222.62,453.28,792.32
591,1250,person,3576.93,1100.45,345.52,868.84
591,1259,person,3158.16,1092.74,474.76,928.0
591,1338,person,2402.13,1144.25,393.1,867.47
591,1265,person,2020.41,1188.9,377.69,820.94
591,1254,person,1514.9,811.04,304.18,599.17
591,1539,person,1772.74,1239.11,287.14,648.99
591,1542,person,2620.75,1031.03,196.91,428.15
591,1439,person,2665.84,1472.17,532.4,484.77
591,1566,skateboard,1189.43,1451.73,156.7,258.53
592,1248,person,1288.0,1221.22,457.36,797.21
592,1250,person,3577.1,1100.76,346.22,869.96
592,1259,person,3158.08,1093.73,475.21,928.88
592,1338,person,2392.81,1144.51,387.22,869.48
592,1265,person,2020.34,1188.44,379.86,819.86
592,1254,person,1514.81,811.57,307.66,599.44
592,1539,person,1768.05,1238.78,284.97,650.18
592,1542,person,2615.85,1045.29,246.61,546.66
592,1439,person,2665.75,1475.15,535.69,492.53
592,1566,skateboard,1189.94,1450.69,156.98,258.42
593,1248,person,1288.23,1220.09,460.06,800.4
593,1250,person,3576.79,1100.12,346.93,871.3
593,1259,person,3159.08,1095.65,477.29,932.97
593,1338,person,2391.44,1144.21,382.83,872.02
593,1265,person,2014.6,1188.92,380.06,818.39
593,1254,person,1513.92,821.56,321.52,623.19
593,1539,person,1768.43,1237.96,282.73,650.22
593,1542,person,2614.25,1048.55,258.9,583.38
593,1439,person,2665.51,1473.62,529.72,491.39
593,1566,skateboard,1189.66,1451.47,158.2,259.82
594,1248,person,1286.98,1217.95,463.13,805.72
594,1250,person,3576.57,1100.35,347.24,871.55
594,1259,person,3160.28,1096.38,476.94,932.44
594,1338,person,2385.29,1144.49,379.57,874.62
594,1265,person,2008.37,1186.44,380.16,817.11
594,1254,person,1513.44,822.33,324.79,625.73
594,1539,person,1764.69,1237.95,281.13,652.08
594,1542,person,2610.97,1050.41,262.51,599.43
594,1439,person,2659.35,1472.36,523.45,490.13
594,1566,skateboard,1189.21,1449.07,160.74,263.95
595,1248,person,1286.94,1216.61,466.38,812.04
595,1250,person,3576.33,1100.58,347.52,871.69
595,1259,person,3160.61,1093.3,473.49,924.95
595,1338,person,2389.03,1143.81,374.27,873.59
595,1265,person,2003.18,1181.89,378.92,814.23
595,1254,person,1513.95,817.1,321.13,613.76
595,1539,person,1764.23,1238.39,279.2,652.46
595,1542,person,2610.94,1050.62,262.66,606.95
595,1439,person,2666.58,1473.14,523.85,493.07
596,1248,person,1286.12,1214.52,467.95,815.99
596,1250,person,3574.06,1100.32,348.38,873.17
596,1259,person,3159.47,1094.3,475.72,929.61
596,1338,person,2395.72,1143.08,369.39,871.06
596,1265,person,2001.17,1182.37,380.99,821.21
596,1254,person,1514.35,818.17,324.13,616.3
596,1539,person,1766.08,1239.9,277.85,653.1
596,1542,person,2611.49,1047.64,257.89,600.98
596,1439,person,2659.4,1473.23,519.8,495.34
596,1544,person,3253.81,711.5,222.81,276.59
597,1248,person,1285.66,1213.11,468.2,817.95
597,1250,person,3573.2,1100.05,348.69,873.32
597,1259,person,3159.59,1093.08,473.75,925.32
597,1338,person,2396.0,1145.48,365.73,867.58
597,1265,person,2000.97,1183.98,381.76,826.19
597,1254,person,1515.71,812.45,320.73,605.23
597,1539,person,1765.38,1240.69,277.02,653.64
597,1542,person,2612.1,1046.28,250.31,586.97
597,1439,person,2612.52,1465.88,489.47,482.11
597,1544,person,3252.84,711.5,222.29,276.18
598,1248,person,1284.78,1212.61,467.99,819.06
598,1250,person,3575.09,1100.23,349.44,875.06
598,1259,person,3159.23,1095.88,475.64,930.0
598,1338,person,2402.02,1145.45,362.31,864.26
598,1265,person,2001.77,1183.59,378.73,823.59
598,1254,person,1515.75,810.74,320.6,600.81
598,1539,person,1763.0,1239.03,276.13,652.36
598,1542,person,2612.53,1052.87,237.94,560.75
598,1439,person,2639.69,1469.62,492.93,488.76
598,1544,person,3252.84,711.83,223.35,277.35
599,1248,person,1284.62,1211.75,468.18,820.49
599,1250,person,3575.67,1099.45,349.56,874.68
599,1259,person,3158.59,1090.2,472.47,923.36
599,1338,person,2408.18,1143.91,361.09,864.35
599,1265,person,2006.01,1184.75,378.36,829.22
599,1254,person,1515.41,808.78,321.24,597.97
599,1539,person,1762.86,1239.2,277.07,655.46
599,1542,person,2613.49,1050.14,220.25,516.4
599,1439,person,2651.15,1469.98,497.78,497.25
600,1248,person,1285.23,1210.69,467.68,819.76
600,1250,person,3575.83,1100.01,349.79,874.92
600,1259,person,3158.98,1095.89,476.97,933.66
600,1338,person,2412.45,1144.75,360.04,863.77
600,1265,person,2004.69,1183.81,378.51,835.41
600,1254,person,1515.43,809.02,323.13,597.55
600,1539,person,1762.81,1238.51,276.04,651.15
600,1542,person,2616.23,1026.59,220.91,518.04
600,1439,person,2657.62,1467.32,494.2,494.48
601,1248,person,1286.26,1209.24,467.09,817.94
601,1250,person,3575.89,1099.14,350.07,874.62
601,1259,person,3158.97,1100.6,481.65,945.2
601,1338,person,2415.99,1144.61,359.57,861.44
601,1265,person,2008.2,1182.28,374.96,834.45
601,1254,person,1515.07,806.88,323.3,593.62
601,1539,person,1764.36,1238.35,275.9,648.47
601,1542,person,2617.09,1003.79,220.35,514.82
601,1439,person,2661.82,1467.25,492.87,493.84
602,1248,person,1286.8,1208.59,467.28,817.28
602,1250,person,3575.89,1100.15,350.12,874.46
602,1259,person,3158.67,1101.06,478.89,940.64
602,1338,person,2426.2,1144.49,360.19,857.85
602,1265,person,2008.24,1180.21,375.32,841.17
602,1254,person,1514.68,810.27,328.07,599.54
602,1539,person,1767.01,1238.56,276.64,647.18
602,1542,person,2619.91,990.64,218.78,510.15
602,1439,person,2659.34,1466.84,490.25,491.85
602,1571,person,2317.69,1134.58,189.13,845.49
603,1248,person,1287.78,1207.97,468.38,817.72
603,1250,person,3575.63,1100.1,350.81,875.36
603,1259,person,3157.83,1101.41,478.23,940.37
603,1338,person,2436.56,1143.38,362.76,857.62
603,1265,person,2009.58,1178.58,373.58,842.77
603,1254,person,1513.66,810.3,330.52,600.97
603,1539,person,1769.3,1238.55,277.59,646.21
603,1542,person,2624.96,985.18,212.54,493.68
603,1439,person,2662.67,1469.22,486.17,489.4
603,1571,person,2327.04,1133.04,188.65,841.19
604,1248,person,1285.87,1207.84,469.19,818.3
604,1250,person,3575.65,1100.62,350.84,875.04
604,1259,person,3157.92,1096.77,471.65,926.06
604,1338,person,2452.15,1144.28,368.97,857.84
604,1265,person,2012.92,1178.81,370.21,840.98
604,1254,person,1513.59,811.25,332.65,602.3
604,1539,person,1774.28,1238.95,278.2,646.27
604,1542,person,2625.37,980.52,203.84,470.55
604,1439,person,2657.65,1469.84,482.89,487.62
604,1571,person,2323.28,1120.92,184.73,821.92
605,1248,person,1284.32,1207.46,469.79,818.64
605,1250,person,3575.43,1100.29,351.72,876.52
605,1259,person,3157.84,1099.54,475.03,933.12
605,1338,person,2464.9,1143.63,376.56,859.32
605,1265,person,2017.78,1178.62,368.37,844.95
605,1254,person,1513.49,821.85,344.43,624.32
605,1539,person,1775.68,1238.79,279.18,645.54
605,1542,person,2626.35,984.65,194.49,444.46
605,1439,person,2653.17,1470.01,478.69,484.46
605,1571,person,2322.63,1112.08,183.15,811.79
606,1248,person,1279.87,1207.83,469.72,819.47
606,1250,person,3574.38,1100.05,352.37,876.83
606,1259,person,3155.23,1099.2,471.74,926.29
606,1338,person,2477.56,1143.99,382.83,858.6
606,1265,person,2020.46,1177.73,364.8,843.82
606,1254,person,1515.94,952.99,471.87,887.51
606,1539,person,1774.56,1239.49,281.18,644.97
606,1542,person,2628.27,987.92,182.15,411.61
606,1439,person,2658.22,1473.29,475.31,485.61
606,1571,person,2323.49,1107.22,181.98,802.37
607,1248,person,1275.68,1207.19,468.85,820.31
607,1250,person,3575.22,1099.6,352.71,877.15
607,1259,person,3154.96,1105.39,476.19,936.29
607,1338,person,2477.1,1144.3,391.32,861.84
607,1265,person,2021.98,1177.54,359.5,836.21
607,1254,person,1517.28,996.36,501.43,976.01
607,1539,person,1770.97,1239.41,284.97,646.83
607,1439,person,2650.09,1475.58,476.24,487.74
607,1571,person,2322.53,1121.35,188.62,825.92
607,1302,person,3434.44,1066.25,178.07,792.65
608,1248,person,1271.89,1207.82,468.46,821.72
608,1250,person,3575.86,1099.5,353.02,877.6
608,1259,person,3153.56,1103.12,471.69,926.48
608,1338,person,2480.27,1144.93,399.86,864.12
608,1265,person,2024.7,1179.03,355.99,830.4
608,1254,person,1516.93,1014.96,505.24,1015.17
608,1539,person,1770.01,1239.31,287.99,646.57
608,1439,person,2647.48,1472.28,474.85,486.7
608,1571,person,2322.87,1126.7,192.17,834.63
608,1302,person,3433.44,1064.92,173.41,792.57
608,1544,person,3233.69,709.29,212.35,274.36
608,1542,person,2630.24,978.19,168.59,373.09
609,1248,person,1267.76,1206.4,468.9,823.74
609,1250,person,3577.43,1098.66,352.48,875.73
609,1259,person,3152.16,1103.87,466.44,915.03
609,1338,person,2483.62,1145.64,408.4,863.86
609,1265,person,2029.47,1178.83,353.08,828.54
609,1254,person,1516.51,1022.8,497.88,1030.44
609,1539,person,1772.83,1239.92,291.86,649.81
609,1439,person,2646.16,1469.49,473.96,483.55
609,1571,person,2323.08,1118.0,190.39,820.63
609,1302,person,3425.53,1069.29,175.79,798.42
609,1544,person,3234.01,708.53,203.97,270.98
610,1248,person,1263.97,1207.04,468.92,824.71
610,1250,person,3575.98,1100.73,350.87,871.19
610,1259,person,3150.61,1102.9,461.75,905.72
610,1338,person,2484.45,1145.17,417.97,863.57
610,1265,person,2035.88,1177.74,350.41,827.67
610,1254,person,1516.65,1024.69,485.91,1033.62
610,1539,person,1772.09,1241.34,295.39,650.83
610,1439,person,2644.23,1468.2,471.89,481.58
610,1571,person,2325.65,1104.95,185.45,793.11
610,1302,person,3418.81,1067.93,178.13,797.88
610,1544,person,3240.77,726.84,226.03,308.42
611,1248,person,1260.33,1205.93,467.03,820.6
611,1250,person,3578.49,1098.92,351.52,873.12
611,1259,person,3148.95,1102.93,456.27,894.94
611,1338,person,2490.22,1144.63,426.53,863.2
611,1265,person,2041.17,1174.77,350.02,832.73
611,1254,person,1516.72,1024.59,473.45,1032.84
611,1539,person,1770.93,1243.06,298.94,651.13
611,1439,person,2647.13,1468.02,476.25,484.36
611,1571,person,2324.46,1112.16,189.2,802.21
611,1302,person,3412.58,1073.15,183.75,809.43
611,1544,person,3242.87,733.42,230.3,321.91
612,1248,person,1256.17,1205.11,465.06,814.78
612,1250,person,3581.06,1102.04,350.3,870.52
612,1259,person,3143.09,1102.36,451.33,889.36
612,1338,person,2502.79,1143.45,429.69,852.69
612,1265,person,2052.73,1177.08,346.31,831.13
612,1254,person,1516.8,1023.38,461.47,1029.94
612,1539,person,1774.93,1243.02,302.28,650.53
612,1439,person,2638.45,1465.11,473.15,482.57
612,1571,person,2325.15,1113.89,190.45,801.05
612,1302,person,3408.22,1072.0,186.51,806.35
612,1544,person,3246.57,735.55,231.01,326.67
613,1248,person,1254.05,1204.48,464.14,810.53
613,1250,person,3582.27,1103.16,349.76,869.86
613,1259,person,3136.77,1101.59,446.64,886.26
613,1338,person,2515.12,1143.07,435.78,847.04
613,1265,person,2061.73,1177.01,342.94,832.22
613,1254,person,1517.49,1024.15,455.45,1038.48
613,1539,person,1779.01,1243.17,305.25,649.52
613,1439,person,2640.76,1465.35,472.35,482.26
613,1571,person,2325.08,1109.99,190.41,794.17
613,1302,person,3404.75,1072.47,190.2,809.12
613,1544,person,3246.83,736.72,230.47,330.49
614,1248,person,1252.12,1205.77,463.43,805.79
614,1250,person,3580.12,1101.52,348.98,868.97
614,1259,person,3134.06,1102.18,443.5,885.66
614,1338,person,2522.51,1142.34,446.17,847.56
614,1265,person,2072.15,1178.33,340.03,833.35
614,1254,person,1517.77,1024.65,447.75,1041.93
614,1539,person,1782.07,1243.43,309.12,649.82
614,1439,person,2638.76,1466.63,473.54,485.75
614,1571,person,2325.6,1113.72,193.73,803.36
614,1302,person,3403.15,1070.33,191.63,803.17
614,1544,person,3246.57,733.96,225.82,326.66
615,1248,person,1247.32,1206.64,465.08,803.11
615,1250,person,3579.22,1100.92,348.74,869.47
615,1259,person,3132.67,1102.75,440.35,884.51
615,1338,person,2515.37,1143.91,459.06,849.67
615,1265,person,2081.99,1179.0,337.22,832.74
615,1254,person,1517.83,1024.23,439.53,1042.32
615,1539,person,1784.92,1245.58,314.89,653.28
615,1439,person,2630.44,1467.8,470.54,485.81
615,1571,person,2326.38,1102.79,190.6,783.44
615,1302,person,3395.4,1087.15,201.24,828.82
615,1544,person,3245.31,732.42,221.9,323.75
616,1248,person,1237.25,1208.94,467.57,797.78
616,1250,person,3578.16,1100.76,348.59,869.76
616,1259,person,3134.08,1105.64,438.67,885.94
616,1338,person,2498.53,1145.44,478.66,858.83
616,1265,person,2087.24,1179.18,334.44,830.76
616,1254,person,1517.15,1023.87,431.33,1040.94
616,1539,person,1785.94,1247.1,319.49,655.28
616,1439,person,2622.03,1466.93,467.29,487.63
616,1571,person,2326.87,1073.5,180.04,725.82
616,1302,person,3390.65,1092.67,205.54,832.96
616,1544,person,3245.36,733.29,222.08,326.03
617,1248,person,1228.83,1210.75,472.49,794.59
617,1250,person,3579.31,1101.65,349.12,870.92
617,1259,person,3137.4,1108.62,436.92,886.33
617,1338,person,2491.39,1147.37,495.03,863.61
617,1265,person,2094.04,1179.09,332.77,830.3
617,1254,person,1516.6,1022.32,423.16,1037.87
617,1539,person,1787.5,1246.56,323.06,654.17
617,1439,person,2620.43,1467.95,461.86,485.52
617,1571,person,2328.37,1051.08,172.85,681.65
617,1302,person,3385.0,1092.65,210.66,837.16
617,1544,person,3242.4,730.28,217.56,321.15
618,1248,person,1221.26,1212.49,480.09,795.05
618,1250,person,3578.16,1098.5,349.85,871.94
618,1259,person,3136.84,1106.3,434.16,883.21
618,1338,person,2486.87,1148.65,509.55,866.49
618,1265,person,2098.04,1179.36,331.67,830.04
618,1254,person,1517.19,1022.35,416.92,1037.84
618,1539,person,1788.06,1246.3,327.25,652.14
618,1439,person,2617.39,1468.61,460.06,487.3
618,1571,person,2329.54,1033.34,168.0,645.6
618,1302,person,3398.36,1073.71,203.58,804.5
618,1544,person,3237.89,730.5,215.77,321.23
618,1576,person,338.69,1384.89,400.11,384.99
619,1248,person,1216.92,1213.45,488.05,796.11
619,1250,person,3576.81,1097.33,350.8,873.02
619,1259,person,3141.81,1107.16,431.77,878.67
619,1338,person,2488.53,1149.03,520.1,865.54
619,1265,person,2100.15,1179.81,330.54,830.73
619,1254,person,1517.57,1022.55,411.73,1038.92
619,1539,person,1789.06,1246.53,332.09,652.78
619,1439,person,2628.41,1468.1,457.53,485.1
619,1571,person,2329.99,1025.85,168.25,631.44
619,1302,person,3402.43,1065.74,201.8,791.16
619,1544,person,3234.15,731.33,214.83,323.35
620,1248,person,1213.07,1213.55,496.0,797.38
620,1250,person,3576.05,1100.97,352.03,874.14
620,1259,person,3147.25,1106.1,430.36,877.0
620,1338,person,2487.21,1150.31,533.04,868.19
620,1265,person,2101.57,1180.75,328.23,829.51
620,1254,person,1518.11,1020.73,402.82,1028.82
620,1539,person,1789.73,1246.91,336.42,652.05
620,1439,person,2633.52,1470.08,461.25,486.77
620,1571,person,2327.49,1020.6,167.79,613.84
620,1302,person,3409.96,1057.97,197.88,776.09
620,1544,person,3229.41,728.81,208.25,317.8
620,1576,person,340.07,1382.7,391.82,376.62
621,1248,person,1214.41,1213.63,503.03,800.03
621,1250,person,3575.49,1102.93,353.07,875.41
621,1259,person,3153.08,1107.31,430.96,880.21
621,1338,person,2486.11,1149.82,543.49,868.83
621,1265,person,2104.44,1181.21,326.65,829.21
621,1254,person,1518.61,1021.22,400.01,1033.43
621,1539,person,1792.53,1247.23,340.36,652.08
621,1439,person,2641.18,1466.88,462.65,484.19
621,1571,person,2326.43,1019.27,170.05,609.06
621,1302,person,3416.17,1051.26,193.19,761.53
621,1544,person,3231.3,728.14,205.91,316.12
622,1248,person,1216.04,1211.84,508.53,802.82
622,1250,person,3576.77,1103.39,353.16,875.96
622,1259,person,3162.75,1105.2,431.72,883.14
622,1338,person,2486.67,1148.56,551.75,867.29
622,1265,person,2105.94,1180.69,325.19,830.09
622,1254,person,1518.89,1020.66,396.25,1034.51
622,1539,person,1794.13,1247.78,344.29,652.68
622,1439,person,2644.44,1467.96,467.05,486.13
622,1571,person,2326.24,1016.18,171.9,604.15
622,1302,person,3418.89,1044.62,190.28,752.56
622,1544,person,3229.43,717.12,190.82,293.9
622,1576,person,343.51,1379.55,392.62,376.92
623,1248,person,1223.97,1209.48,510.97,804.31
623,1250,person,3578.08,1104.03,352.87,875.87
623,1259,person,3169.46,1103.2,433.72,891.15
623,1338,person,2488.51,1145.56,558.5,864.09
623,1265,person,2107.27,1180.76,322.87,828.14
623,1254,person,1519.5,1018.97,391.86,1032.85
623,1539,person,1797.46,1247.05,346.54,650.59
623,1439,person,2645.76,1467.65,469.99,486.1
623,1571,person,2326.92,1020.27,177.31,613.81
623,1302,person,3417.02,1037.85,187.63,740.76
623,1544,person,3236.02,711.54,186.28,283.35
623,1577,skateboard,1947.29,1390.75,89.46,375.32
623,1576,person,343.91,1381.38,400.41,384.64
624,1248,person,1234.35,1208.15,512.57,809.13
624,1250,person,3579.07,1105.03,352.56,876.26
624,1259,person,3171.61,1093.02,440.15,913.53
624,1338,person,2490.8,1143.8,565.55,860.82
624,1265,person,2108.35,1181.63,320.79,828.03
624,1254,person,1519.64,1017.84,387.91,1031.53
624,1539,person,1798.17,1246.96,349.51,649.65
624,1439,person,2647.86,1466.69,470.23,483.42
624,1571,person,2328.82,1022.58,182.97,627.23
624,1302,person,3409.02,1030.5,186.13,724.28
624,1577,skateboard,1948.36,1392.36,91.38,383.29
625,1248,person,1240.22,1207.75,512.86,812.89
625,1250,person,3579.54,1104.72,351.65,874.99
625,1259,person,3172.34,1086.7,439.07,926.16
625,1338,person,2490.59,1144.22,575.72,862.86
625,1265,person,2109.84,1181.77,319.38,827.72
625,1254,person,1519.8,1016.15,383.68,1028.02
625,1539,person,1799.74,1247.02,352.51,648.71
625,1439,person,2648.84,1467.78,472.81,483.34
625,1571,person,2331.42,1025.77,186.94,634.12
625,1302,person,3401.17,1048.48,197.13,758.21
625,1577,skateboard,1949.45,1392.15,92.08,385.65
625,1576,person,339.23,1383.53,397.86,381.74
626,1248,person,1241.61,1207.32,512.58,815.42
626,1250,person,3579.76,1102.98,351.29,874.93
626,1259,person,3173.86,1088.57,430.72,925.8
626,1338,person,2492.55,1144.85,584.77,864.47
626,1265,person,2107.15,1180.38,316.47,827.81
626,1254,person,1519.88,1014.44,379.86,1024.55
626,1539,person,1799.06,1247.13,356.27,648.98
626,1439,person,2650.13,1469.15,476.0,484.41
626,1571,person,2330.39,1035.52,194.98,654.2
626,1302,person,3397.72,1057.06,203.78,775.55
626,1577,skateboard,1950.86,1390.79,93.01,389.18
627,1248,person,1242.3,1206.74,511.67,816.11
627,1250,person,3579.32,1101.98,349.71,871.53
627,1259,person,3175.66,1091.74,419.68,917.6
627,1338,person,2560.11,1132.03,553.01,830.61
627,1265,person,2106.33,1179.87,315.25,830.38
627,1254,person,1519.16,1013.6,376.68,1022.31
627,1539,person,1800.22,1247.14,359.73,649.06
627,1439,person,2650.68,1469.41,476.61,482.67
627,1571,person,2331.25,1038.87,198.88,661.89
627,1302,person,3397.04,1050.67,202.3,760.97
627,1577,skateboard,1951.15,1389.31,92.21,385.08
627,1576,person,340.54,1383.59,395.54,379.62
628,1248,person,1241.09,1206.63,511.21,816.52
628,1250,person,3577.91,1102.2,350.33,873.28
628,1259,person,3173.73,1092.38,411.96,917.88
628,1338,person,2543.26,1135.9,566.25,846.34
628,1265,person,2106.37,1179.7,313.19,831.34
628,1254,person,1518.48,1012.85,374.03,1020.53
628,1539,person,1800.03,1247.2,363.57,650.6
628,1439,person,2649.96,1468.56,474.52,477.95
628,1571,person,2331.51,1034.24,198.05,645.29
628,1302,person,3393.57,1059.24,209.92,781.3
628,1577,skateboard,1952.16,1391.25,92.12,384.26
629,1248,person,1240.93,1205.04,508.0,812.33
629,1250,person,3577.3,1101.41,349.74,871.43
629,1259,person,3170.48,1083.85,405.42,921.38
629,1338,person,2584.11,1102.25,515.04,775.67
629,1265,person,2103.22,1178.6,310.44,828.75
629,1254,person,1517.7,1011.23,370.74,1016.32
629,1539,person,1798.75,1246.93,365.56,649.23
629,1439,person,2650.62,1471.94,472.8,473.87
629,1571,person,2338.9,1034.43,202.89,643.71
629,1302,person,3389.95,1071.73,219.88,811.54
629,1577,skateboard,1953.79,1394.36,89.1,368.62
629,1580,sports ball,3555.8,622.5,140.44,95.29
629,1576,person,339.29,1387.79,397.95,381.88
630,1248,person,1241.13,1205.68,507.89,813.01
630,1250,person,3577.65,1101.19,350.4,872.95
630,1259,person,3167.4,1080.0,398.64,924.35
630,1338,person,2601.17,1094.15,495.11,753.48
630,1265,person,2102.24,1177.95,308.47,827.16
630,1254,person,1517.41,1010.92,369.21,1016.53
630,1539,person,1797.87,1246.45,368.19,649.98
630,1439,person,2641.97,1475.42,471.32,472.74
630,1571,person,2331.25,1103.35,252.12,793.61
630,1302,person,3388.72,1087.06,230.29,847.73
630,1577,skateboard,1954.43,1391.34,90.77,373.23
630,1580,sports ball,3556.1,622.14,139.49,94.6
630,1576,person,339.28,1389.11,400.32,384.02
631,1248,person,1240.83,1206.39,508.3,814.39
631,1250,person,3577.7,1101.4,350.95,873.91
631,1259,person,3165.22,1075.87,392.52,928.1
631,1338,person,2609.55,1088.96,483.2,741.97
631,1265,person,2102.65,1177.91,306.4,826.02
631,1254,person,1517.45,1009.53,366.06,1012.13
631,1539,person,1796.4,1246.17,370.73,650.88
631,1439,person,2618.85,1478.22,462.13,469.16
631,1571,person,2336.48,1078.94,236.97,740.28
631,1302,person,3388.91,1092.28,234.19,860.3
631,1577,skateboard,1955.3,1394.45,90.27,367.64
631,1580,sports ball,3557.07,622.54,139.88,94.85
631,1576,person,339.7,1389.83,403.35,387.06
632,1248,person,1243.04,1207.28,507.71,814.88
632,1250,person,3577.86,1100.87,351.55,875.05
632,1259,person,3162.44,1075.48,387.42,934.08
632,1338,person,2615.25,1093.36,482.83,747.81
632,1265,person,2102.39,1178.89,304.67,826.3
632,1254,person,1518.13,1009.26,364.2,1011.36
632,1539,person,1796.73,1246.78,371.62,650.29
632,1439,person,2602.26,1475.94,445.87,460.09
632,1571,person,2338.07,1066.04,229.43,712.85
632,1302,person,3389.86,1094.46,236.11,869.42
632,1577,skateboard,1955.22,1405.83,86.71,348.8
632,1580,sports ball,3557.7,621.92,135.82,91.92
633,1248,person,1245.96,1207.67,506.98,814.77
633,1250,person,3578.09,1100.91,352.17,876.52
633,1259,person,3160.84,1075.9,380.48,932.85
633,1338,person,2617.52,1146.1,541.61,858.15
633,1265,person,2103.66,1179.49,303.54,827.87
633,1254,person,1518.24,1008.95,362.79,1011.28
633,1539,person,1796.5,1246.44,373.15,650.98
633,1439,person,2593.62,1475.61,434.41,456.7
633,1571,person,2342.25,1065.92,230.63,711.61
633,1302,person,3389.34,1095.65,237.02,873.44
633,1580,sports ball,3559.05,621.39,134.68,90.96
633,1576,person,345.29,1386.47,400.42,384.17
634,1248,person,1249.3,1208.89,504.92,812.03
634,1250,person,3577.89,1100.66,352.81,878.01
634,1259,person,3155.4,1082.95,369.63,918.5
634,1338,person,2619.59,1152.61,540.15,870.32
634,1265,person,2104.9,1179.13,303.28,827.36
634,1254,person,1518.38,1010.28,362.51,1014.31
634,1539,person,1796.78,1246.71,374.92,651.97
634,1439,person,2597.92,1476.38,428.03,455.17
634,1571,person,2335.13,1113.38,265.52,814.96
634,1302,person,3388.24,1097.05,236.92,872.65
634,1580,sports ball,3559.92,620.96,135.03,90.95
634,1576,person,345.45,1385.73,399.06,382.33
634,1577,skateboard,1958.11,1411.12,89.26,353.82
635,1248,person,1252.38,1210.43,503.95,811.41
635,1250,person,3577.89,1100.67,353.08,878.98
635,1259,person,3149.9,1094.92,361.26,909.0
635,1338,person,2627.59,1175.01,550.22,907.54
635,1265,person,2107.08,1177.74,304.13,829.36
635,1254,person,1518.38,1011.79,362.5,1017.67
635,1539,person,1796.2,1246.25,375.99,652.71
635,1439,person,2598.76,1476.93,422.99,455.2
635,1571,person,2336.75,1130.76,280.39,853.27
635,1302,person,3389.02,1094.78,236.2,867.7
635,1580,sports ball,3561.58,620.45,138.59,93.4
635,1576,person,345.88,1385.38,397.47,380.46
636,1248,person,1255.96,1211.49,503.1,811.03
636,1250,person,3577.97,1100.49,353.05,879.25
636,1259,person,3147.33,1100.56,354.39,900.42
636,1338,person,2626.99,1124.58,483.45,802.65
636,1265,person,2107.29,1176.84,305.11,830.53
636,1254,person,1517.75,1015.61,363.9,1025.54
636,1539,person,1795.25,1245.27,376.48,652.92
636,1439,person,2600.58,1476.47,417.22,453.22
636,1571,person,2345.74,1138.91,284.83,863.52
636,1302,person,3388.56,1097.15,236.25,868.14
636,1580,sports ball,3562.99,620.27,141.44,95.48
636,1576,person,347.91,1385.07,397.37,380.53
636,1544,person,3226.33,725.21,201.48,310.91
637,1248,person,1257.73,1212.34,502.18,810.05
637,1250,person,3578.14,1099.96,352.98,879.22
637,1259,person,3144.02,1101.79,352.37,901.84
637,1338,person,2629.5,1159.17,511.6,867.33
637,1265,person,2106.39,1178.01,307.73,833.92
637,1254,person,1517.74,1017.38,363.71,1029.67
637,1539,person,1796.27,1242.94,375.0,650.54
637,1439,person,2603.09,1479.13,415.8,455.9
637,1571,person,2349.51,1139.09,285.11,863.06
637,1302,person,3389.07,1095.77,235.67,866.06
637,1576,person,346.27,1387.41,398.3,381.46
638,1248,person,1259.85,1215.39,500.51,807.41
638,1250,person,3578.32,1100.0,352.49,878.78
638,1259,person,3140.82,1103.3,347.11,889.03
638,1338,person,2638.23,1118.49,461.45,782.1
638,1265,person,2105.69,1177.92,308.86,833.55
638,1254,person,1516.85,1019.3,362.86,1031.86
638,1539,person,1794.14,1244.04,377.08,653.25
638,1439,person,2602.81,1483.61,417.16,461.97
638,1571,person,2347.47,1137.68,289.22,870.57
638,1302,person,3391.83,1096.15,236.33,870.21
638,1576,person,345.91,1392.81,405.36,389.58
639,1248,person,1261.24,1216.36,499.28,805.18
639,1250,person,3579.22,1099.49,352.54,879.33
639,1259,person,3142.67,1100.81,342.71,871.87
639,1338,person,2648.98,1096.73,437.95,742.98
639,1265,person,2098.96,1176.59,314.19,839.84
639,1254,person,1516.67,1016.58,359.79,1026.83
639,1539,person,1795.62,1242.35,374.95,650.23
639,1439,person,2602.37,1481.78,410.08,456.81
639,1571,person,2355.29,1130.62,284.65,853.92
639,1302,person,3392.49,1093.54,236.05,868.85
639,1576,person,346.54,1393.53,405.71,391.75
639,1544,person,3227.32,739.55,216.57,342.33
640,1248,person,1259.99,1218.6,496.44,800.84
640,1250,person,3578.82,1099.3,352.27,878.49
640,1259,person,3143.49,1104.05,342.67,866.64
640,1338,person,2661.4,1100.71,440.58,747.24
640,1265,person,2097.39,1176.08,317.74,842.6
640,1254,person,1517.72,1016.04,358.06,1025.74
640,1539,person,1798.5,1242.28,374.91,649.23
640,1439,person,2604.58,1483.26,406.72,454.94
640,1571,person,2356.84,1130.97,285.07,852.02
640,1302,person,3392.54,1089.9,234.68,864.87
640,1576,person,345.83,1396.3,409.78,398.03
640,1544,person,3225.52,731.95,204.38,326.25
641,1248,person,1260.04,1220.52,494.32,797.3
641,1250,person,3578.41,1099.71,352.01,877.56
641,1259,person,3142.34,1106.92,340.99,854.76
641,1338,person,2667.09,1114.83,455.62,776.25
641,1265,person,2097.16,1176.6,321.32,847.3
641,1254,person,1519.23,1017.66,357.74,1028.6
641,1539,person,1798.65,1242.24,374.13,646.75
641,1439,person,2602.71,1480.1,400.07,448.68
641,1571,person,2355.83,1133.38,286.69,854.87
641,1302,person,3392.38,1089.55,235.95,868.06
641,1576,person,346.64,1396.25,407.84,398.19
641,1544,person,3221.69,726.74,196.32,314.27
642,1248,person,1260.46,1224.09,493.49,795.6
642,1250,person,3578.94,1100.1,351.73,876.78
642,1259,person,3136.76,1111.12,344.7,857.19
642,1338,person,2664.67,1095.25,433.23,741.42
642,1265,person,2092.62,1178.14,325.73,851.05
642,1254,person,1518.71,1017.54,356.69,1028.39
642,1539,person,1800.02,1242.05,373.78,645.18
642,1439,person,2606.67,1475.8,390.99,436.12
642,1571,person,2355.76,1135.89,288.91,858.16
642,1302,person,3395.35,1088.55,233.52,862.76
642,1576,person,347.27,1396.97,406.68,398.72
642,1544,person,3220.83,727.86,194.64,314.94
643,1248,person,1260.23,1226.52,493.67,795.68
643,1250,person,3578.68,1100.34,351.21,875.53
643,1259,person,3133.48,1114.91,344.2,846.82
643,1338,person,2664.94,1079.98,416.38,713.53
643,1265,person,2089.94,1178.68,328.01,849.97
643,1254,person,1517.1,1017.55,355.44,1026.78
643,1539,person,1798.2,1242.43,373.53,643.28
643,1439,person,2641.45,1481.64,410.19,447.18
643,1571,person,2356.2,1137.53,290.51,859.93
643,1302,person,3395.72,1088.52,233.39,866.6
643,1576,person,348.2,1395.98,403.62,396.98
643,1544,person,3220.7,742.96,208.77,343.4
644,1248,person,1258.09,1226.38,492.26,792.86
644,1250,person,3578.82,1100.0,350.61,874.05
644,1259,person,3132.99,1119.47,345.0,840.02
644,1338,person,2673.95,1068.98,410.57,700.02
644,1265,person,2089.7,1177.77,329.73,848.82
644,1254,person,1515.94,1018.0,355.76,1029.14
644,1539,person,1796.78,1242.0,374.44,645.22
644,1439,person,2640.96,1482.15,415.18,447.15
644,1571,person,2358.64,1135.92,291.24,857.32
644,1302,person,3395.2,1086.67,231.73,862.8
644,1576,person,348.93,1394.83,400.63,395.09
644,1544,person,3219.61,754.1,221.56,371.87
644,1580,sports ball,3576.67,612.64,154.99,106.76
645,1248,person,1259.02,1225.88,489.65,787.23
645,1250,person,3578.97,1100.97,351.05,875.49
645,1259,person,3132.22,1124.42,342.91,826.14
645,1338,person,2676.48,1065.35,411.39,700.9
645,1265,person,2087.94,1177.24,330.98,846.72
645,1254,person,1515.39,1021.47,357.05,1034.91
645,1539,person,1792.45,1245.38,375.95,647.68
645,1439,person,2647.25,1480.08,416.08,440.96
645,1571,person,2361.31,1136.93,293.35,857.54
645,1302,person,3394.01,1080.31,226.89,845.02
645,1576,person,346.36,1396.64,402.36,397.15
645,1544,person,3209.48,768.72,237.38,403.29
645,1580,sports ball,3578.02,613.02,153.52,107.54
646,1248,person,1257.67,1224.12,491.63,790.02
646,1250,person,3576.3,1098.32,350.31,873.23
646,1259,person,3130.39,1131.49,339.89,810.17
646,1338,person,2676.18,1052.6,402.76,685.7
646,1265,person,2087.44,1177.98,333.24,847.48
646,1254,person,1515.09,1020.56,356.55,1035.17
646,1539,person,1792.03,1245.7,375.43,646.99
646,1439,person,2616.37,1474.12,405.88,430.78
646,1571,person,2364.05,1133.34,293.55,851.22
646,1302,person,3394.12,1075.09,223.16,831.36
646,1576,person,345.07,1396.77,402.42,397.36
646,1544,person,3203.23,765.37,232.98,398.03
646,1580,sports ball,3580.03,611.64,150.04,106.19
647,1248,person,1256.9,1226.43,490.68,787.33
647,1250,person,3578.28,1099.74,351.38,876.78
647,1259,person,3128.83,1139.03,337.12,793.58
647,1338,person,2673.58,1051.5,400.17,681.59
647,1265,person,2088.96,1177.27,333.11,845.3
647,1254,person,1514.28,1021.43,356.31,1036.15
647,1539,person,1790.42,1244.17,373.87,643.59
647,1439,person,2663.33,1478.58,423.39,436.4
647,1571,person,2364.37,1137.99,298.24,858.55
647,1302,person,3392.14,1087.28,227.95,853.84
647,1576,person,344.64,1397.3,403.16,398.25
647,1544,person,3205.27,766.1,231.11,400.43
647,1580,sports ball,3582.18,611.32,147.3,105.06
648,1248,person,1258.12,1227.79,487.99,780.88
648,1250,person,3578.81,1099.93,350.95,875.96
648,1259,person,3124.81,1146.26,336.68,778.76
648,1338,person,2668.09,1044.97,393.69,673.24
648,1265,person,2085.53,1177.52,332.01,843.65
648,1254,person,1514.34,1021.18,355.72,1036.45
648,1539,person,1791.82,1242.57,373.43,642.92
648,1439,person,2680.38,1481.02,436.95,439.73
648,1571,person,2364.35,1138.71,300.71,858.76
648,1302,person,3391.52,1086.51,226.72,851.28
648,1576,person,345.51,1396.61,401.64,396.94
648,1544,person,3207.06,765.23,227.98,400.65
648,1580,sports ball,3582.47,610.6,149.26,107.05
649,1248,person,1259.66,1231.16,489.46,780.96
649,1250,person,3578.86,1100.52,349.93,873.25
649,1259,person,3100.36,1148.68,341.19,759.6
649,1338,person,2668.21,1043.42,389.14,666.88
649,1265,person,2082.3,1178.24,332.4,845.64
649,1254,person,1514.48,1022.06,355.53,1037.29
649,1539,person,1791.56,1242.16,373.23,642.63
649,1439,person,2690.71,1482.0,451.9,443.53
649,1571,person,2366.52,1134.17,299.6,848.91
649,1302,person,3390.02,1084.07,224.7,843.65
649,1576,person,346.84,1395.27,400.51,396.55
649,1544,person,3206.63,768.97,230.16,409.83
649,1580,sports ball,3582.72,609.61,150.47,108.1
650,1248,person,1257.41,1229.79,488.77,777.3
650,1250,person,3578.57,1101.05,349.76,872.54
650,1259,person,3113.56,1159.11,344.19,747.33
650,1338,person,2670.92,1042.3,387.81,665.94
650,1265,person,2087.54,1175.44,328.38,840.53
650,1254,person,1514.7,1022.52,355.56,1038.73
650,1539,person,1791.27,1242.12,372.24,642.53
650,1439,person,2701.85,1481.75,464.17,444.37
650,1571,person,2367.09,1132.15,300.07,843.98
650,1302,person,3384.97,1089.4,226.89,848.99
650,1576,person,349.12,1395.84,400.68,398.17
650,1544,person,3206.72,770.06,228.5,412.33
651,1248,person,1257.08,1232.36,491.89,779.9
651,1250,person,3578.01,1101.31,349.52,871.7
651,1259,person,3116.38,1170.51,335.58,706.95
651,1265,person,2090.44,1176.92,323.6,833.41
651,1254,person,1515.21,1020.1,353.73,1033.83
651,1539,person,1789.81,1242.57,371.1,642.54
651,1439,person,2705.32,1482.66,477.47,446.87
651,1571,person,2366.82,1135.49,303.86,849.3
651,1302,person,3379.4,1089.32,228.22,846.1
651,1576,person,350.1,1397.44,399.27,397.92
651,1544,person,3202.38,770.79,228.22,416.07
651,1583,person,2739.05,1177.77,566.25,932.47
651,1580,sports ball,3582.06,607.09,147.12,105.03
652,1248,person,1256.22,1229.59,491.12,776.46
652,1250,person,3577.89,1101.81,349.43,871.41
652,1259,person,3118.94,1184.99,334.81,689.55
652,1265,person,2084.17,1185.25,316.43,820.29
652,1254,person,1514.73,1019.79,353.39,1033.78
652,1539,person,1788.02,1245.36,370.99,644.51
652,1439,person,2709.1,1483.21,488.12,447.08
652,1571,person,2360.63,1139.15,310.32,859.69
652,1302,person,3375.22,1090.04,230.58,847.4
652,1576,person,348.47,1397.27,398.33,397.42
652,1544,person,3205.7,774.32,229.11,424.45
652,1583,person,2774.47,1186.27,582.6,959.03
653,1248,person,1254.78,1227.88,492.69,777.43
653,1250,person,3577.16,1101.3,349.48,871.64
653,1259,person,3118.23,1196.22,333.39,671.28
653,1265,person,2075.28,1188.27,310.48,814.81
653,1254,person,1514.65,1020.37,353.3,1034.71
653,1539,person,1785.22,1245.33,368.72,644.11
653,1439,person,2714.65,1483.65,500.41,448.8
653,1571,person,2365.82,1137.74,309.45,853.35
653,1302,person,3373.1,1078.13,227.31,823.79
653,1576,person,347.26,1398.27,401.48,401.32
653,1544,person,3205.09,779.02,232.31,436.12
653,1583,person,2774.17,1182.84,582.82,960.24
653,1580,sports ball,3582.54,606.01,145.47,103.37
654,1248,person,1253.54,1225.12,495.54,780.49
654,1250,person,3576.01,1101.29,349.63,871.18
654,1259,person,3115.73,1206.56,333.75,655.78
654,1265,person,2067.87,1189.28,304.98,812.14
654,1254,person,1514.97,1021.09,353.27,1035.51
654,1539,person,1784.05,1246.48,367.9,644.92
654,1439,person,2716.48,1485.15,509.15,447.85
654,1571,person,2368.72,1138.67,310.49,852.44
654,1302,person,3370.85,1065.18,223.6,796.84
654,1576,person,345.86,1397.61,399.61,399.27
654,1544,person,3205.71,797.54,247.23,472.2
654,1583,person,2779.33,1197.36,599.38,990.05
654,1580,sports ball,3584.05,606.45,144.45,102.41
655,1248,person,1251.69,1223.81,498.35,784.22
655,1250,person,3573.91,1100.04,349.31,869.84
655,1259,person,3116.28,1202.12,328.91,629.78
655,1265,person,2061.51,1188.78,299.37,809.8
655,1254,person,1514.93,1019.4,351.93,1032.43
655,1539,person,1782.94,1245.52,365.62,645.24
655,1439,person,2716.05,1484.61,516.05,445.91
655,1571,person,2369.88,1136.45,309.45,845.48
655,1302,person,3367.4,1059.67,225.82,791.13
655,1576,person,346.99,1396.52,398.99,398.8
655,1544,person,3205.72,800.95,246.89,478.3
655,1580,sports ball,3581.76,607.31,143.98,101.82
655,1338,person,2673.93,1042.15,387.45,677.36
656,1248,person,1249.7,1222.51,500.63,787.71
656,1250,person,3575.27,1100.08,349.96,871.2
656,1259,person,3116.79,1193.16,341.38,641.82
656,1265,person,2056.91,1181.07,300.06,824.58
656,1254,person,1514.93,1018.31,350.82,1030.09
656,1539,person,1780.47,1246.14,365.04,648.5
656,1439,person,2719.69,1487.63,524.39,446.08
656,1571,person,2372.38,1137.26,311.36,847.23
656,1302,person,3360.72,1060.83,231.21,796.84
656,1576,person,346.74,1395.13,395.87,395.04
656,1544,person,3202.0,802.92,245.2,480.96
656,1338,person,2675.46,1041.44,381.71,676.91
657,1248,person,1248.31,1221.73,502.08,790.54
657,1250,person,3575.7,1099.49,349.7,870.41
657,1259,person,3114.71,1167.39,378.03,707.81
657,1265,person,2053.1,1186.7,293.52,816.86
657,1254,person,1514.28,1015.85,348.92,1024.69
657,1539,person,1778.4,1246.2,363.11,650.07
657,1439,person,2723.15,1489.25,535.51,448.61
657,1571,person,2374.45,1136.62,311.85,843.93
657,1302,person,3357.46,1063.13,236.93,802.9
657,1576,person,347.82,1393.0,392.88,391.34
657,1544,person,3200.5,797.86,237.34,470.25
657,1338,person,2683.84,1041.0,378.58,678.93
658,1248,person,1246.81,1221.48,503.83,793.9
658,1250,person,3576.34,1100.32,349.59,870.59
658,1259,person,3120.21,1201.32,353.55,647.66
658,1265,person,2050.48,1187.18,289.49,815.95
658,1254,person,1514.4,1013.31,347.25,1019.4
658,1539,person,1777.35,1248.29,360.76,648.87
658,1439,person,2726.46,1490.57,540.69,445.8
658,1571,person,2375.94,1136.34,312.89,842.21
658,1302,person,3353.87,1072.18,244.66,820.17
658,1576,person,349.06,1394.0,392.39,390.79
658,1544,person,3202.64,795.78,233.23,466.58
658,1338,person,2727.92,1046.15,392.89,690.13
659,1248,person,1244.96,1219.98,505.55,797.17
659,1250,person,3576.95,1100.63,349.72,871.83
659,1259,person,3122.78,1201.85,363.14,656.22
659,1265,person,2046.73,1187.45,285.81,814.5
659,1254,person,1514.28,1012.91,347.25,1019.27
659,1539,person,1776.07,1248.7,357.93,648.13
659,1439,person,2727.97,1489.29,549.06,446.19
659,1571,person,2377.18,1134.91,313.35,838.84
659,1302,person,3350.03,1071.38,247.58,820.39
659,1576,person,357.98,1393.47,388.84,389.69
659,1544,person,3203.99,793.3,229.09,461.27
659,1338,person,2748.45,1044.03,398.02,685.67
660,1248,person,1243.39,1219.37,506.62,799.4
660,1250,person,3577.1,1100.02,349.63,872.82
660,1259,person,3132.96,1191.64,378.19,682.62
660,1265,person,2043.59,1181.56,286.86,825.46
660,1254,person,1514.52,1013.0,347.55,1019.91
660,1539,person,1773.87,1247.37,354.98,648.58
660,1571,person,2378.23,1136.0,316.21,841.0
660,1302,person,3347.49,1069.97,249.83,818.24
660,1576,person,364.96,1395.31,391.71,396.65
660,1544,person,3204.53,789.22,223.86,452.98
660,1338,person,2738.02,1044.33,394.23,680.29
660,1583,person,2747.58,1212.07,616.42,1021.9
661,1248,person,1241.38,1218.28,506.94,801.05
661,1250,person,3577.09,1098.7,350.01,875.42
661,1259,person,3140.22,1179.71,389.6,703.44
661,1265,person,2038.56,1180.05,285.66,828.55
661,1254,person,1515.05,1014.39,348.77,1022.61
661,1539,person,1772.02,1246.66,351.79,648.71
661,1571,person,2375.39,1136.17,320.49,844.97
661,1302,person,3344.59,1066.08,249.7,808.68
661,1544,person,3205.39,788.14,221.15,450.0
661,1583,person,2747.12,1214.18,615.43,1020.47
662,1248,person,1240.48,1217.41,506.56,800.92
662,1250,person,3576.89,1098.5,350.3,877.69
662,1259,person,3146.73,1209.61,363.71,645.33
662,1265,person,2032.65,1180.92,285.43,833.22
662,1254,person,1515.34,1014.03,349.11,1022.38
662,1539,person,1770.11,1246.27,348.42,648.42
662,1571,person,2374.07,1136.62,323.96,847.95
662,1302,person,3342.91,1056.41,245.6,780.77
662,1544,person,3202.06,786.67,217.93,444.76
662,1583,person,2790.26,1206.18,595.62,996.58
662,1587,sports ball,2717.74,1342.6,126.98,147.72
662,1439,person,2734.34,1498.39,574.2,460.59
662,1576,person,363.49,1395.66,393.08,401.97
663,1248,person,1238.98,1217.22,506.6,801.27
663,1250,person,3575.91,1097.16,350.91,879.87
663,1259,person,3148.75,1207.75,376.38,657.89
663,1265,person,2026.37,1181.21,284.42,834.24
663,1254,person,1515.42,1015.18,350.24,1024.72
663,1539,person,1768.56,1247.16,346.25,650.92
663,1571,person,2372.57,1137.88,326.99,850.82
663,1302,person,3340.39,1054.43,246.06,771.67
663,1544,person,3198.57,784.05,215.54,441.71
663,1439,person,2734.49,1499.54,583.91,462.47
663,1576,person,363.7,1395.41,388.67,400.89
663,1338,person,2800.69,1077.73,435.42,734.42
664,1248,person,1238.2,1217.01,507.0,801.92
664,1250,person,3576.59,1096.62,350.62,879.81
664,1259,person,3154.76,1204.8,379.23,658.6
664,1265,person,2018.83,1181.73,282.23,832.14
664,1254,person,1515.19,1014.81,350.2,1024.18
664,1539,person,1767.32,1246.92,341.71,648.51
664,1571,person,2374.1,1135.3,326.03,844.87
664,1302,person,3337.67,1071.81,256.89,804.09
664,1544,person,3197.19,779.25,210.79,432.99
664,1439,person,2735.52,1498.6,587.51,459.85
664,1576,person,363.03,1397.24,387.63,402.59
664,1588,person,2578.88,970.48,164.35,434.64
664,1338,person,2815.66,1094.78,457.12,761.72
665,1248,person,1237.61,1216.19,506.76,800.81
665,1250,person,3576.82,1096.86,350.4,880.11
665,1259,person,3157.51,1222.66,362.97,623.47
665,1265,person,2016.13,1183.4,280.61,829.1
665,1254,person,1515.15,1015.89,351.19,1027.14
665,1539,person,1765.58,1248.13,339.21,650.89
665,1571,person,2378.49,1131.43,322.23,834.18
665,1302,person,3328.77,1076.71,261.66,814.14
665,1544,person,3197.0,774.64,206.22,424.33
665,1439,person,2735.74,1496.63,587.2,454.69
665,1588,person,2580.11,1027.69,208.38,554.68
665,1338,person,2804.74,1089.29,443.93,740.77
666,1248,person,1237.73,1216.2,507.9,802.46
666,1250,person,3576.27,1096.49,349.37,878.4
666,1259,person,3160.82,1220.53,363.96,620.6
666,1265,person,2012.38,1182.38,281.02,832.46
666,1254,person,1514.69,1015.95,351.26,1027.49
666,1539,person,1761.45,1245.55,333.94,649.08
666,1571,person,2371.53,1135.1,327.86,844.0
666,1302,person,3328.89,1074.97,262.57,812.39
666,1544,person,3192.71,772.07,203.98,419.31
666,1439,person,2738.68,1495.71,590.34,452.54
666,1588,person,2583.27,1046.21,221.4,594.13
666,1338,person,2782.58,1080.3,420.69,710.62
666,1583,person,2783.33,1231.39,585.0,982.94
666,1576,person,367.11,1394.45,381.64,399.16
667,1248,person,1237.16,1215.56,507.93,801.89
667,1250,person,3576.55,1096.6,348.73,878.13
667,1259,person,3120.77,1229.18,373.75,611.83
667,1265,person,2002.77,1181.64,279.72,834.98
667,1254,person,1515.4,1013.37,349.78,1023.61
667,1539,person,1756.71,1245.57,330.61,649.62
667,1571,person,2373.42,1138.9,329.77,850.25
667,1302,person,3328.67,1062.8,260.5,799.28
667,1544,person,3187.04,763.91,197.3,403.99
667,1439,person,2739.96,1499.7,602.15,459.19
667,1588,person,2589.64,1062.8,232.19,629.54
667,1338,person,2782.88,1104.31,433.62,749.46
667,1576,person,367.25,1395.15,378.33,398.12
668,1248,person,1235.62,1215.62,508.05,800.51
668,1250,person,3576.74,1099.03,348.73,879.63
668,1259,person,3127.98,1228.27,383.32,615.71
668,1265,person,1996.17,1182.92,279.02,836.42
668,1254,person,1516.03,1014.22,350.35,1026.29
668,1539,person,1754.98,1246.77,328.23,649.72
668,1571,person,2371.38,1140.73,331.22,852.28
668,1302,person,3327.05,1061.03,261.95,798.1
668,1544,person,3186.84,766.14,198.41,407.8
668,1439,person,2741.87,1496.08,600.29,453.72
668,1588,person,2594.01,1068.86,234.57,643.33
668,1338,person,2788.83,1120.97,436.98,775.42
668,1576,person,366.57,1395.28,373.18,393.95
669,1248,person,1234.28,1216.5,509.85,802.04
669,1250,person,3576.02,1098.25,348.04,878.51
669,1259,person,3162.04,1145.24,475.06,785.32
669,1265,person,1990.8,1182.11,277.4,837.14
669,1254,person,1516.11,1013.41,350.14,1026.58
669,1539,person,1753.85,1244.1,325.38,651.06
669,1571,person,2372.07,1140.52,332.77,854.37
669,1302,person,3325.99,1054.05,259.19,782.39
669,1544,person,3174.78,770.0,204.71,416.73
669,1439,person,2745.1,1494.16,604.12,452.3
669,1588,person,2598.03,1067.08,230.26,638.94
669,1338,person,2805.1,1130.16,435.61,788.93
669,1576,person,367.97,1395.12,371.71,394.44
670,1248,person,1232.64,1215.81,510.36,800.99
670,1250,person,3576.68,1098.98,348.58,881.45
670,1259,person,3179.1,1113.18,498.47,847.7
670,1265,person,1986.83,1181.1,276.51,839.25
670,1254,person,1516.57,1012.17,349.18,1024.6
670,1539,person,1751.35,1243.35,320.93,649.94
670,1571,person,2373.88,1140.21,332.8,853.2
670,1302,person,3324.17,1059.0,264.67,795.45
670,1544,person,3175.6,776.51,213.06,435.0
670,1588,person,2600.31,1066.32,226.72,635.84
670,1338,person,2815.9,1134.88,434.48,801.95
670,1576,person,367.92,1395.24,374.85,399.84
671,1248,person,1229.91,1217.51,512.36,801.59
671,1250,person,3575.3,1095.98,348.25,881.84
671,1259,person,3172.48,1198.12,404.44,679.66
671,1265,person,1983.29,1181.71,275.84,839.67
671,1254,person,1514.92,1008.02,343.67,1009.92
671,1539,person,1746.21,1245.2,317.19,651.46
671,1571,person,2373.1,1142.4,333.81,853.79
671,1302,person,3319.83,1061.63,267.75,800.5
671,1544,person,3164.2,786.06,220.87,447.4
671,1588,person,2600.09,1066.56,225.91,641.01
671,1338,person,2826.35,1141.57,435.93,817.59
671,1576,person,371.43,1393.49,370.0,396.61
671,1439,person,2647.11,1492.16,574.1,445.79
672,1248,person,1224.03,1218.83,513.19,797.96
672,1250,person,3574.65,1095.7,348.1,882.33
672,1259,person,3170.41,1233.46,372.15,618.72
672,1265,person,1982.23,1183.11,275.62,840.25
672,1254,person,1517.04,1011.01,345.33,1015.75
672,1539,person,1740.49,1247.37,311.86,649.1
672,1571,person,2376.66,1143.39,334.76,855.5
672,1302,person,3317.98,1057.66,266.07,791.96
672,1588,person,2602.74,1064.11,222.16,636.53
672,1338,person,2835.34,1151.92,439.48,837.36
672,1439,person,2710.01,1494.54,583.11,448.07
673,1248,person,1219.08,1216.11,517.18,797.81
673,1250,person,3578.88,1094.41,349.64,885.79
673,1259,person,3169.33,1244.86,357.56,590.9
673,1265,person,1986.58,1180.96,278.44,846.21
673,1254,person,1517.26,1002.26,342.14,1004.38
673,1539,person,1740.07,1243.38,310.17,652.33
673,1571,person,2374.71,1141.3,337.7,860.42
673,1302,person,3315.74,1059.29,272.87,810.12
673,1588,person,2606.42,1056.89,216.05,621.85
673,1338,person,2847.03,1147.81,435.34,837.19
673,1544,person,3163.87,781.26,219.87,441.64
674,1248,person,1213.39,1218.92,523.1,799.87
674,1250,person,3577.8,1095.04,348.09,882.95
674,1259,person,3170.14,1252.23,348.16,568.14
674,1265,person,1978.58,1178.91,276.14,839.15
674,1254,person,1515.57,1012.95,348.2,1026.1
674,1539,person,1738.93,1245.19,306.97,652.37
674,1571,person,2372.82,1145.34,338.92,858.01
674,1302,person,3312.77,1056.3,269.78,794.03
674,1588,person,2609.39,1054.61,212.29,613.18
674,1338,person,2845.52,1149.67,428.05,837.02
674,1544,person,3161.39,787.93,223.9,446.19
674,1587,sports ball,2730.91,1349.13,133.0,155.0
674,1439,person,2729.92,1493.17,590.88,449.48
675,1248,person,1208.73,1217.82,527.13,798.7
675,1250,person,3579.85,1094.71,346.93,880.07
675,1259,person,3166.14,1252.39,350.65,563.77
675,1265,person,1980.92,1177.26,278.16,841.14
675,1254,person,1515.85,1010.76,346.21,1021.25
675,1539,person,1735.99,1244.14,303.58,653.07
675,1571,person,2372.29,1144.66,340.96,858.94
675,1302,person,3312.26,1053.34,269.96,789.25
675,1588,person,2611.43,1046.91,206.19,592.34
675,1338,person,2856.62,1138.88,419.25,825.03
675,1544,person,3159.47,788.38,229.0,450.36
675,1439,person,2732.59,1490.92,603.14,456.39
676,1248,person,1208.35,1220.76,533.01,802.04
676,1250,person,3580.1,1097.27,344.98,876.26
676,1259,person,3165.48,1253.9,353.44,560.37
676,1265,person,1978.58,1178.69,277.9,838.74
676,1254,person,1516.58,1015.67,345.79,1021.42
676,1539,person,1738.42,1247.69,298.09,649.23
676,1571,person,2375.64,1146.33,339.4,853.32
676,1302,person,3313.3,1049.8,267.06,776.86
676,1588,person,2614.04,1050.88,206.24,591.44
676,1338,person,2858.79,1135.39,408.88,812.72
676,1544,person,3151.6,792.49,232.01,444.25
676,1439,person,2734.77,1489.46,599.04,449.82
677,1248,person,1214.36,1216.8,538.35,808.75
677,1250,person,3579.7,1096.3,346.23,880.8
677,1259,person,3173.12,1250.56,356.3,561.21
677,1265,person,1975.21,1175.84,278.75,840.34
677,1254,person,1516.21,1013.88,346.4,1025.14
677,1539,person,1734.97,1247.67,294.81,649.79
677,1571,person,2375.42,1146.22,342.2,859.36
677,1302,person,3314.0,1057.9,268.42,777.57
677,1588,person,2613.76,1047.71,204.85,586.24
677,1338,person,2858.56,1131.26,404.19,812.69
677,1544,person,3149.58,790.36,238.88,447.31
677,1439,person,2731.53,1489.62,606.48,454.82
678,1248,person,1224.71,1216.0,537.66,809.21
678,1250,person,3579.85,1096.28,345.66,880.91
678,1259,person,3183.62,1250.06,356.99,558.81
678,1265,person,1975.83,1175.6,278.83,837.28
678,1254,person,1515.9,1011.67,343.48,1015.85
678,1539,person,1731.1,1247.08,292.84,650.57
678,1571,person,2376.47,1146.09,340.81,854.68
678,1302,person,3311.35,1065.92,271.91,780.58
678,1588,person,2614.02,1052.96,202.19,576.08
678,1338,person,2861.6,1127.57,393.7,798.78
678,1544,person,3150.72,788.04,240.12,439.49
678,1439,person,2730.01,1492.25,612.31,459.6
678,1603,person,3474.67,743.38,172.36,322.12
678,1576,person,363.43,1403.38,381.73,412.03
679,1248,person,1231.41,1212.05,539.07,815.21
679,1250,person,3580.59,1095.71,344.97,879.47
679,1259,person,3189.51,1249.59,360.8,560.5
679,1265,person,1976.41,1174.57,282.42,844.52
679,1254,person,1516.67,1008.03,343.19,1015.18
679,1539,person,1735.23,1244.65,290.82,655.45
679,1571,person,2375.98,1144.92,342.26,856.52
679,1302,person,3307.59,1068.46,274.1,781.51
679,1588,person,2613.01,1048.18,207.67,590.52
679,1338,person,2861.92,1125.49,390.43,798.86
679,1544,person,3153.29,786.84,245.35,442.99
679,1439,person,2727.06,1492.22,618.97,465.85
679,1603,person,3469.53,754.95,183.0,341.75
679,1576,person,369.04,1401.05,378.23,410.08
680,1248,person,1235.89,1211.42,536.76,816.71
680,1250,person,3579.53,1095.09,345.59,882.61
680,1259,person,3192.28,1247.42,363.94,562.3
680,1265,person,1975.79,1174.17,281.84,840.37
680,1254,person,1516.62,1006.49,340.37,1005.5
680,1539,person,1732.06,1243.46,285.69,649.06
680,1571,person,2376.15,1142.06,338.33,844.25
680,1302,person,3308.18,1072.45,277.31,789.17
680,1588,person,2613.11,1053.29,202.19,571.27
680,1338,person,2864.06,1126.72,385.71,795.12
680,1544,person,3159.01,785.1,245.23,436.51
680,1439,person,2723.88,1488.83,614.77,462.76
680,1603,person,3460.1,769.92,190.88,355.29
680,1576,person,369.88,1399.56,375.73,409.75
681,1248,person,1235.81,1210.16,533.87,817.03
681,1250,person,3579.63,1094.7,346.71,886.67
681,1259,person,3199.55,1247.99,370.29,568.67
681,1265,person,1974.59,1175.81,283.29,843.21
681,1254,person,1516.04,1008.89,342.86,1013.05
681,1539,person,1725.84,1245.27,286.04,653.75
681,1571,person,2375.56,1146.33,342.46,853.09
681,1302,person,3307.29,1081.21,283.72,808.41
681,1588,person,2613.67,1059.02,198.61,555.97
681,1338,person,2868.15,1125.65,382.76,792.26
681,1439,person,2717.84,1494.44,626.91,475.31
681,1603,person,3454.85,779.32,195.37,362.99
681,1576,person,369.63,1400.23,370.5,405.37
682,1248,person,1235.52,1211.79,533.46,821.27
682,1250,person,3578.64,1093.7,346.36,887.14
682,1259,person,3203.73,1242.83,377.31,577.53
682,1265,person,1975.99,1174.73,283.65,841.38
682,1254,person,1516.05,1006.89,341.02,1006.5
682,1539,person,1730.96,1242.57,281.88,652.14
682,1571,person,2376.87,1141.49,339.16,843.11
682,1302,person,3309.49,1059.11,274.99,772.69
682,1588,person,2611.29,1063.36,194.83,540.74
682,1338,person,2870.1,1128.27,382.35,795.52
682,1439,person,2712.06,1489.54,620.6,473.03
682,1603,person,3444.98,784.45,195.95,363.46
682,1576,person,372.65,1397.06,370.86,407.96
683,1248,person,1236.16,1210.32,529.89,819.47
683,1250,person,3579.8,1094.69,346.32,888.22
683,1259,person,3218.6,1229.85,401.39,612.76
683,1265,person,1975.18,1170.76,281.49,832.03
683,1254,person,1515.58,1009.85,343.68,1014.22
683,1539,person,1730.44,1243.04,279.52,653.64
683,1571,person,2376.68,1145.74,343.24,851.47
683,1302,person,3313.15,1057.57,275.07,762.87
683,1588,person,2611.7,1065.05,190.37,522.3
683,1338,person,2868.98,1129.58,382.16,798.45
683,1439,person,2712.67,1494.52,629.58,484.23
683,1603,person,3434.45,781.99,195.09,361.86
684,1248,person,1235.94,1210.18,527.59,819.31
684,1250,person,3581.3,1097.89,346.44,890.16
684,1259,person,3232.35,1222.07,413.95,630.64
684,1265,person,1971.97,1169.87,280.52,828.78
684,1254,person,1515.67,1008.02,342.52,1009.41
684,1539,person,1733.37,1241.49,275.12,651.55
684,1571,person,2380.06,1140.17,338.7,838.07
684,1302,person,3306.88,1012.95,258.6,692.49
684,1588,person,2612.72,1062.71,187.66,507.34
684,1338,person,2868.58,1130.62,381.05,799.19
684,1439,person,2708.86,1499.75,639.86,497.23
684,1603,person,3420.45,775.76,187.6,347.38
684,1576,person,375.61,1398.3,365.97,404.69
685,1248,person,1236.12,1209.27,524.54,816.89
685,1250,person,3581.32,1099.13,346.14,890.6
685,1259,person,3239.05,1211.41,420.82,640.14
685,1265,person,1968.33,1167.5,278.02,822.22
685,1254,person,1515.86,1008.56,343.53,1011.33
685,1539,person,1731.31,1242.25,273.25,651.51
685,1571,person,2377.94,1145.63,342.92,848.03
685,1588,person,2613.72,1058.84,190.26,508.43
685,1338,person,2871.38,1130.34,379.74,797.69
685,1439,person,2706.83,1492.88,619.39,483.91
685,1603,person,3406.92,774.45,184.95,342.01
686,1248,person,1235.22,1209.74,523.72,818.23
686,1250,person,3580.38,1095.45,344.19,884.76
686,1259,person,3251.9,1211.57,417.06,629.17
686,1265,person,1960.82,1168.96,277.96,828.76
686,1254,person,1514.41,1007.74,343.39,1010.49
686,1539,person,1735.51,1240.23,270.21,651.69
686,1571,person,2380.16,1140.47,339.2,838.44
686,1588,person,2612.77,1062.43,193.81,514.57
686,1338,person,2881.42,1129.71,382.8,799.18
686,1439,person,2703.35,1485.18,601.78,471.16
686,1603,person,3396.43,781.07,196.0,363.33
687,1248,person,1235.77,1211.6,523.93,821.07
687,1250,person,3580.59,1093.71,342.11,879.23
687,1259,person,3258.57,1221.89,413.94,618.62
687,1265,person,1956.72,1170.43,275.94,829.81
687,1254,person,1514.43,1008.55,343.95,1010.7
687,1539,person,1736.84,1240.32,267.83,652.52
687,1571,person,2376.34,1145.11,342.5,846.26
687,1588,person,2611.99,1061.23,196.03,516.45
687,1338,person,2884.03,1131.15,386.01,802.98
687,1439,person,2701.48,1485.99,600.38,472.14
687,1603,person,3387.16,783.56,205.39,382.01
688,1248,person,1237.4,1211.95,521.47,819.49
688,1250,person,3581.45,1093.22,341.69,878.5
688,1259,person,3267.34,1205.65,436.68,653.65
688,1265,person,1953.58,1172.84,274.54,833.74
688,1254,person,1515.73,1008.99,343.79,1010.0
688,1539,person,1742.73,1240.51,263.56,651.72
688,1571,person,2375.44,1144.64,341.69,844.42
688,1588,person,2611.69,1059.99,198.14,518.57
688,1338,person,2881.87,1132.03,387.31,804.51
688,1439,person,2697.57,1482.75,591.46,466.69
688,1603,person,3381.37,786.93,212.03,397.02
689,1248,person,1238.72,1214.29,519.05,816.92
689,1250,person,3581.87,1093.18,341.01,876.78
689,1259,person,3279.4,1218.31,427.76,636.29
689,1265,person,1953.36,1170.58,270.71,828.64
689,1254,person,1515.88,1012.48,345.27,1014.24
689,1539,person,1741.86,1239.98,260.28,649.49
689,1571,person,2376.15,1146.88,342.52,846.82
689,1588,person,2611.22,1058.02,202.0,526.85
689,1338,person,2886.1,1137.28,393.71,813.42
689,1439,person,2694.83,1481.26,586.27,465.02
689,1603,person,3377.02,787.93,212.01,398.05
690,1248,person,1239.73,1216.12,517.08,815.5
690,1250,person,3581.01,1092.13,341.31,877.36
690,1259,person,3287.48,1231.06,415.42,611.6
690,1265,person,1953.67,1170.67,269.92,832.42
690,1254,person,1518.16,1016.44,347.76,1025.8
690,1539,person,1742.9,1239.17,257.9,650.15
690,1571,person,2376.18,1146.8,342.15,845.8
690,1588,person,2611.9,1049.24,202.39,524.63
690,1338,person,2886.95,1136.77,396.94,816.82
690,1439,person,2689.89,1478.2,584.62,467.19
691,1248,person,1240.24,1217.8,514.24,812.19
691,1250,person,3581.35,1092.9,341.38,877.21
691,1259,person,3290.3,1223.07,425.43,626.95
691,1265,person,1953.7,1172.37,268.26,833.36
691,1254,person,1518.89,1019.07,348.4,1030.07
691,1539,person,1741.43,1239.79,256.2,650.7
691,1571,person,2375.75,1146.63,341.13,842.66
691,1588,person,2610.45,1032.36,205.97,532.72
691,1338,person,2885.21,1135.81,397.29,814.86
691,1439,person,2687.15,1477.6,580.53,467.18
692,1248,person,1239.6,1219.18,511.14,808.06
692,1250,person,3581.23,1094.16,342.43,880.3
692,1259,person,3298.81,1236.12,409.4,601.41
692,1265,person,1954.12,1169.53,265.09,828.07
692,1254,person,1518.73,1019.44,348.35,1032.29
692,1539,person,1741.71,1239.14,254.85,651.65
692,1571,person,2377.14,1147.46,340.77,842.07
692,1588,person,2608.92,1029.99,213.91,556.06
692,1338,person,2887.8,1135.5,399.22,815.03
692,1439,person,2684.41,1476.37,574.33,465.04
693,1248,person,1240.4,1220.61,509.34,806.01
693,1250,person,3582.07,1095.09,342.3,880.79
693,1259,person,3306.42,1247.44,396.18,580.83
693,1265,person,1954.56,1169.88,263.86,828.74
693,1254,person,1518.77,1017.3,345.73,1025.81
693,1539,person,1744.52,1238.83,253.52,652.21
693,1571,person,2378.58,1147.63,338.77,837.09
693,1588,person,2606.32,1027.64,209.48,545.92
693,1338,person,2879.31,1135.37,394.47,806.93
693,1439,person,2682.45,1475.79,576.2,470.54
693,1544,person,3242.95,818.66,308.02,493.22
694,1248,person,1240.28,1221.1,505.29,800.18
694,1250,person,3581.49,1095.43,342.81,882.61
694,1259,person,3311.94,1256.39,384.94,563.29
694,1265,person,1954.45,1171.5,263.15,830.94
694,1254,person,1518.35,1016.78,345.19,1024.7
694,1539,person,1752.53,1239.12,251.58,653.5
694,1571,person,2379.37,1150.64,339.19,838.34
694,1588,person,2603.87,1029.75,202.08,526.86
694,1338,person,2881.5,1135.0,396.11,807.73
694,1439,person,2682.76,1476.4,573.35,471.61
694,1613,person,3258.89,1063.77,477.82,980.22
694,1544,person,3249.47,823.13,332.86,502.02
695,1248,person,1242.46,1223.35,505.85,800.85
695,1250,person,3582.61,1097.12,342.63,881.93
695,1259,person,3319.43,1257.24,384.89,563.73
695,1265,person,1955.25,1172.32,262.73,833.63
695,1254,person,1517.94,1020.34,347.01,1031.63
695,1539,person,1759.21,1239.43,250.62,657.62
695,1571,person,2379.68,1148.71,336.34,830.95
695,1588,person,2603.13,1027.16,204.29,535.47
695,1338,person,2882.59,1135.14,397.7,806.7
695,1439,person,2680.97,1474.39,565.16,467.86
695,1544,person,3240.58,836.03,361.95,519.38
696,1248,person,1242.38,1225.69,504.75,799.13
696,1250,person,3581.78,1097.8,342.42,881.5
696,1259,person,3315.45,1224.57,428.24,633.25
696,1265,person,1953.96,1171.53,260.52,830.27
696,1254,person,1518.12,1020.98,347.79,1034.45
696,1539,person,1762.36,1240.34,248.87,657.91
696,1571,person,2377.55,1152.53,337.57,833.9
696,1588,person,2601.76,1024.54,205.51,542.54
696,1338,person,2879.29,1136.26,399.45,807.23
696,1439,person,2679.76,1475.72,562.4,467.9
696,1544,person,3261.1,867.85,350.54,489.44
697,1248,person,1242.41,1226.63,502.94,795.63
697,1250,person,3581.9,1098.45,342.35,882.24
697,1259,person,3317.72,1208.33,446.16,662.59
697,1265,person,1953.04,1172.45,259.49,831.33
697,1254,person,1518.32,1021.27,349.39,1040.47
697,1539,person,1771.49,1246.11,247.71,664.71
697,1571,person,2375.49,1153.38,336.82,831.14
697,1588,person,2599.97,1028.5,208.89,557.76
697,1338,person,2850.73,1135.78,392.27,803.72
697,1439,person,2677.27,1476.59,566.32,473.91
697,1544,person,3282.05,887.92,345.34,478.01
698,1248,person,1243.75,1229.15,501.71,792.28
698,1250,person,3583.0,1099.07,342.67,884.66
698,1259,person,3316.97,1198.65,460.89,683.43
698,1265,person,1953.6,1172.11,257.57,828.0
698,1254,person,1518.08,1019.63,347.38,1034.04
698,1539,person,1768.55,1243.39,244.96,660.91
698,1571,person,2374.79,1155.82,337.76,830.5
698,1588,person,2598.03,1027.68,205.9,555.49
698,1338,person,2863.91,1133.35,395.76,803.97
698,1439,person,2674.39,1476.57,565.39,475.44
698,1544,person,3296.84,900.06,349.66,485.27
699,1248,person,1244.19,1230.99,501.42,789.84
699,1250,person,3583.22,1100.06,342.3,884.79
699,1259,person,3314.29,1197.31,465.8,686.25
699,1265,person,1952.27,1172.33,255.85,825.83
699,1254,person,1518.05,1019.24,346.64,1031.43
699,1539,person,1764.51,1241.36,241.54,656.59
699,1571,person,2374.26,1158.28,339.0,830.67
699,1588,person,2597.83,1015.72,195.92,530.89
699,1338,person,2832.16,1134.85,388.82,803.93
699,1439,person,2669.19,1474.26,560.39,473.4
699,1544,person,3310.17,901.99,346.84,486.12
700,1248,person,1244.86,1231.85,501.88,789.4
700,1250,person,3584.63,1100.98,341.99,885.04
700,1259,person,3300.46,1208.42,453.38,664.42
700,1265,person,1950.36,1173.3,254.88,826.73
700,1254,person,1517.96,1018.92,346.8,1031.68
700,1539,person,1760.12,1240.15,239.2,653.61
700,1571,person,2374.16,1159.66,339.79,830.58
700,1588,person,2597.42,1015.59,193.64,529.06
700,1338,person,2838.35,1130.08,387.67,801.09
700,1439,person,2665.05,1471.99,558.1,474.01
700,1544,person,3338.82,872.11,301.9,428.47
701,1248,person,1243.99,1233.63,502.01,787.9
701,1250,person,3585.21,1102.26,342.69,887.82
701,1259,person,3305.09,1247.2,407.59,587.45
701,1265,person,1948.87,1173.2,253.71,826.3
701,1254,person,1516.85,1024.91,351.44,1048.59
701,1539,person,1754.58,1243.87,237.11,645.35
701,1571,person,2370.94,1160.39,340.88,826.97
701,1588,person,2597.33,1011.63,189.59,521.83
701,1338,person,2813.06,1130.05,379.51,796.17
701,1439,person,2658.16,1473.98,555.4,474.18
701,1544,person,3359.95,857.1,277.02,401.78
701,1613,person,3157.5,1023.42,408.86,862.84
702,1248,person,1243.48,1234.36,501.86,786.34
702,1250,person,3585.05,1101.45,342.12,887.29
702,1259,person,3303.73,1261.47,389.25,551.8
702,1265,person,1944.53,1173.26,252.57,827.29
702,1254,person,1517.2,1023.15,350.52,1046.85
702,1539,person,1762.07,1243.4,236.64,650.31
702,1571,person,2367.88,1160.97,343.52,825.74
702,1588,person,2595.77,1015.87,190.92,532.57
702,1338,person,2799.64,1129.45,369.6,785.99
702,1439,person,2649.91,1472.2,553.43,475.71
702,1544,person,3358.6,852.92,270.05,393.39
702,1613,person,3148.72,1025.95,404.14,874.75
703,1248,person,1242.67,1235.81,502.22,785.49
703,1250,person,3586.07,1102.01,342.11,887.3
703,1259,person,3305.1,1265.54,390.91,547.02
703,1265,person,1942.18,1178.83,253.85,836.25
703,1254,person,1517.71,1022.87,349.91,1045.82
703,1539,person,1767.21,1246.29,234.04,650.53
703,1571,person,2370.87,1161.02,346.32,824.22
703,1588,person,2591.74,1000.67,177.08,498.97
703,1338,person,2787.25,1125.14,359.89,776.14
703,1439,person,2647.29,1472.95,553.15,477.69
703,1544,person,3351.99,860.66,280.34,408.23
703,1613,person,3141.72,1033.7,393.26,870.16
704,1248,person,1242.74,1233.53,501.52,783.18
704,1250,person,3586.23,1097.92,341.16,885.69
704,1259,person,3313.77,1265.95,392.1,542.56
704,1265,person,1937.61,1179.59,252.58,839.04
704,1254,person,1517.66,1021.32,349.11,1044.31
704,1539,person,1766.41,1247.82,234.19,656.07
704,1571,person,2373.74,1161.16,348.62,822.18
704,1588,person,2586.46,991.74,168.42,480.25
704,1338,person,2780.52,1127.92,359.1,782.72
704,1439,person,2647.94,1471.62,552.65,480.24
704,1544,person,3358.46,853.55,271.0,396.45
704,1613,person,3134.96,1039.23,383.11,863.97
704,1616,person,3237.5,693.06,128.21,252.08
705,1248,person,1243.36,1232.29,503.11,785.22
705,1250,person,3586.65,1098.3,340.93,886.08
705,1259,person,3318.02,1257.35,402.43,549.76
705,1265,person,1935.51,1184.37,252.24,846.26
705,1254,person,1518.3,1021.57,348.7,1043.39
705,1539,person,1765.45,1246.68,232.99,659.81
705,1571,person,2378.48,1160.02,353.08,823.8
705,1588,person,2581.24,1025.36,182.24,533.07
705,1338,person,2769.35,1126.92,354.14,780.24
705,1439,person,2647.9,1470.68,551.91,482.78
705,1544,person,3365.19,857.43,273.23,401.52
705,1613,person,3126.8,1048.4,377.57,864.89
705,1616,person,3235.75,708.73,143.14,280.9
705,1576,person,373.93,1402.82,370.25,415.65
706,1248,person,1242.92,1231.05,504.41,786.92
706,1250,person,3585.91,1100.93,342.09,890.19
706,1259,person,3324.42,1146.91,546.97,770.97
706,1265,person,1933.17,1185.57,249.86,848.32
706,1254,person,1517.28,1027.64,352.31,1056.46
706,1539,person,1762.73,1244.57,230.64,659.43
706,1571,person,2382.99,1158.11,355.42,821.84
706,1338,person,2763.02,1127.58,352.13,783.5
706,1439,person,2646.66,1469.52,545.39,480.4
706,1544,person,3361.14,859.79,279.02,408.28
706,1613,person,3114.0,1056.82,372.71,865.55
706,1616,person,3235.08,713.35,149.81,293.09
706,1576,person,372.78,1403.01,368.48,417.8
707,1248,person,1242.36,1227.97,506.17,789.44
707,1250,person,3586.93,1099.17,339.59,885.0
707,1259,person,3324.47,1203.15,468.1,647.39
707,1265,person,1931.9,1186.34,247.31,850.32
707,1254,person,1518.56,1020.16,346.65,1037.98
707,1539,person,1762.61,1246.01,231.22,665.4
707,1571,person,2387.84,1155.3,359.42,822.5
707,1338,person,2758.21,1127.61,350.29,785.54
707,1439,person,2620.04,1467.48,539.99,486.26
707,1544,person,3365.48,858.63,279.43,408.93
707,1613,person,3100.46,1054.14,363.94,857.32
707,1616,person,3235.5,718.62,155.89,304.18
707,1576,person,371.94,1402.66,371.56,424.59
708,1248,person,1242.06,1225.6,508.19,792.64
708,1250,person,3588.38,1099.76,338.12,882.22
708,1259,person,3330.62,1231.92,426.75,581.46
708,1265,person,1934.13,1188.94,246.29,858.93
708,1254,person,1518.34,1018.56,346.16,1037.09
708,1539,person,1764.16,1246.26,228.77,659.69
708,1571,person,2393.58,1154.62,360.74,818.09
708,1338,person,2747.5,1126.36,346.02,784.66
708,1439,person,2636.73,1471.16,546.15,495.57
708,1544,person,3370.7,858.26,279.41,408.72
708,1613,person,3092.32,1054.77,360.19,860.0
708,1616,person,3237.04,728.82,164.35,320.56
708,1576,person,358.8,1401.07,369.55,415.77
709,1248,person,1238.87,1224.5,509.39,795.13
709,1250,person,3587.6,1098.52,337.96,882.23
709,1259,person,3337.44,1125.38,549.39,776.13
709,1265,person,1931.84,1187.31,242.49,854.14
709,1254,person,1519.24,1017.97,346.21,1037.25
709,1539,person,1765.78,1248.34,228.0,663.23
709,1571,person,2393.78,1152.14,361.51,814.49
709,1338,person,2741.98,1125.6,344.28,787.93
709,1439,person,2615.85,1468.99,537.88,500.64
709,1544,person,3377.11,858.23,279.87,409.4
709,1613,person,3086.22,1050.46,359.7,868.49
709,1616,person,3242.45,733.64,169.81,330.58
709,1576,person,361.92,1399.08,368.95,414.45
709,1621,person,2575.79,961.94,111.5,290.84
710,1248,person,1236.94,1224.71,509.54,795.6
710,1250,person,3585.47,1097.63,336.7,879.39
710,1259,person,3336.46,1200.04,466.79,646.24
710,1265,person,1932.16,1195.6,243.94,868.0
710,1254,person,1518.12,1008.55,340.67,1019.18
710,1539,person,1771.35,1252.32,224.78,660.38
710,1571,person,2394.68,1154.56,363.45,814.43
710,1338,person,2733.58,1130.84,339.98,789.17
710,1439,person,2609.23,1467.01,524.9,498.9
710,1544,person,3381.09,861.03,282.15,414.3
710,1613,person,3078.95,1056.04,362.58,882.31
710,1616,person,3242.75,790.94,222.27,440.47
710,1576,person,356.68,1401.58,366.44,406.48
710,1621,person,2575.51,957.59,110.53,288.43
711,1248,person,1236.6,1224.41,511.94,799.66
711,1250,person,3587.87,1098.35,338.15,883.76
711,1259,person,3332.08,1234.28,421.04,569.43
711,1265,person,1930.24,1196.46,242.46,870.75
711,1254,person,1517.3,1009.58,341.36,1018.73
711,1539,person,1772.12,1253.6,223.78,661.05
711,1571,person,2395.89,1157.61,366.63,819.61
711,1338,person,2725.82,1130.53,334.41,787.23
711,1439,person,2604.88,1463.45,511.04,496.52
711,1544,person,3377.15,854.84,278.66,408.43
711,1613,person,3073.09,1049.37,361.22,881.56
711,1616,person,3241.99,818.32,245.74,496.38
711,1576,person,353.47,1398.22,372.02,409.09
711,1621,person,2574.45,951.81,108.58,283.6
711,1622,person,3381.18,1062.62,286.73,829.59
712,1248,person,1235.59,1222.93,512.78,800.29
712,1250,person,3586.8,1098.71,337.95,884.53
712,1259,person,3337.74,1248.82,406.77,538.89
712,1265,person,1929.93,1199.01,241.7,875.43
712,1254,person,1517.63,1004.4,338.77,1010.05
712,1539,person,1773.13,1256.55,221.98,659.17
712,1571,person,2395.97,1156.51,365.79,815.46
712,1338,person,2721.69,1132.57,330.65,788.55
712,1439,person,2605.38,1465.35,503.15,498.95
712,1544,person,3380.49,853.79,277.2,406.17
712,1613,person,3065.35,1047.01,360.76,883.05
712,1616,person,3244.5,831.39,252.22,519.56
712,1576,person,349.05,1399.11,370.42,401.29
712,1621,person,2574.51,949.8,111.06,290.82
712,1622,person,3382.55,1060.84,284.81,823.49
712,1623,skateboard,3251.85,1439.01,346.89,205.59
713,1248,person,1235.45,1220.99,512.87,799.84
713,1250,person,3585.39,1089.93,333.26,869.16
713,1259,person,3341.92,1254.02,413.0,538.43
713,1265,person,1929.63,1190.36,235.63,857.73
713,1254,person,1517.76,1007.81,341.1,1014.73
713,1539,person,1774.71,1255.26,219.6,653.78
713,1571,person,2388.73,1157.46,369.62,820.84
713,1338,person,2716.2,1125.0,320.15,772.0
713,1439,person,2605.33,1464.21,492.77,498.81
713,1544,person,3389.51,850.03,275.44,404.32
713,1613,person,3058.33,1045.79,361.71,884.86
713,1616,person,3241.61,839.65,254.91,536.44
713,1576,person,348.87,1396.58,374.06,401.33
713,1621,person,2572.91,978.76,128.67,341.18
713,1622,person,3389.22,1062.26,285.93,826.43
713,1623,skateboard,3264.83,1437.83,350.9,208.52
714,1248,person,1235.99,1219.96,513.87,801.06
714,1250,person,3585.92,1093.92,335.61,875.9
714,1259,person,3343.4,1257.13,420.88,540.59
714,1265,person,1930.83,1185.12,231.53,846.19
714,1254,person,1517.51,1002.6,338.66,1006.3
714,1539,person,1769.95,1252.24,218.47,648.1
714,1571,person,2382.17,1160.93,376.16,826.67
714,1338,person,2715.84,1110.13,306.45,742.7
714,1439,person,2604.26,1463.19,482.74,498.74
714,1544,person,3401.84,848.99,273.4,401.5
714,1613,person,3054.65,1047.03,362.71,886.74
714,1616,person,3241.7,838.27,247.78,533.03
714,1623,skateboard,3269.62,1438.52,346.8,207.07
715,1248,person,1235.38,1218.04,513.61,800.34
715,1250,person,3584.19,1094.33,336.37,876.89
715,1259,person,3349.32,1262.12,424.65,537.9
715,1265,person,1932.02,1182.04,229.59,840.46
715,1254,person,1517.84,1004.64,339.86,1006.89
715,1539,person,1773.95,1246.65,215.36,642.14
715,1571,person,2381.56,1161.45,380.4,829.27
715,1338,person,2716.0,1075.51,279.58,671.9
715,1439,person,2604.94,1465.17,477.58,501.84
715,1544,person,3408.89,846.44,269.74,397.5
715,1613,person,3051.12,1047.63,363.75,891.26
715,1616,person,3241.79,835.0,239.6,526.31
715,1623,skateboard,3267.47,1438.79,345.49,207.36
716,1248,person,1235.02,1217.29,514.02,800.61
716,1250,person,3584.4,1094.08,335.77,874.57
716,1259,person,3351.83,1262.25,429.02,538.09
716,1265,person,1933.08,1180.14,228.87,836.84
716,1254,person,1518.41,1005.71,341.07,1007.28
716,1539,person,1779.92,1249.23,215.35,648.71
716,1571,person,2381.41,1160.32,381.12,827.01
716,1338,person,2716.82,1065.24,272.28,649.59
716,1439,person,2605.41,1464.92,469.33,499.46
716,1544,person,3411.08,845.13,268.83,396.35
716,1613,person,3048.56,1047.28,362.75,889.88
716,1616,person,3239.62,835.38,234.59,526.9
716,1623,skateboard,3247.1,1439.59,346.97,207.98
716,1621,person,2569.27,984.92,122.92,330.44
717,1248,person,1234.3,1216.14,513.96,799.69
717,1250,person,3585.13,1094.55,335.89,875.1
717,1259,person,3356.85,1260.42,430.87,535.62
717,1265,person,1933.95,1179.99,229.67,836.07
717,1254,person,1518.81,1007.17,342.67,1009.68
717,1539,person,1782.85,1254.1,214.16,652.18
717,1571,person,2379.27,1159.34,380.51,824.72
717,1338,person,2718.81,1055.8,265.63,626.89
717,1439,person,2605.26,1464.25,462.14,496.78
717,1544,person,3415.43,845.29,266.35,393.16
717,1613,person,3045.5,1042.14,358.93,880.46
717,1616,person,3239.99,837.25,231.45,531.11
717,1623,skateboard,3238.8,1441.46,344.48,205.71
717,1621,person,2568.53,988.49,123.51,336.62
718,1248,person,1233.17,1215.58,514.39,799.64
718,1250,person,3585.08,1097.85,337.75,879.62
718,1259,person,3356.86,1252.16,423.62,521.98
718,1265,person,1935.07,1178.72,230.4,833.55
718,1254,person,1518.92,1008.87,344.14,1012.51
718,1539,person,1783.91,1255.48,212.14,651.14
718,1571,person,2385.27,1156.89,377.97,819.02
718,1338,person,2723.18,1054.19,264.9,616.8
718,1439,person,2604.04,1463.8,458.42,497.66
718,1544,person,3417.53,844.67,267.0,393.51
718,1613,person,3045.17,1042.17,358.76,880.7
718,1616,person,3240.43,836.46,225.56,527.89
718,1623,skateboard,3240.47,1442.67,337.07,199.71
718,1621,person,2566.62,987.63,123.13,340.26
719,1248,person,1232.57,1214.66,514.74,799.46
719,1250,person,3584.79,1101.39,339.82,885.36
719,1259,person,3357.53,1249.75,419.75,513.83
719,1265,person,1935.92,1179.46,232.35,833.59
719,1254,person,1518.1,1003.11,341.5,1005.06
719,1539,person,1782.79,1257.45,210.85,648.93
719,1571,person,2388.96,1154.49,376.83,816.72
719,1338,person,2727.04,1062.74,270.22,622.45
719,1439,person,2610.5,1464.12,456.3,498.58
719,1544,person,3419.13,847.4,261.58,385.57
719,1613,person,3045.24,1044.92,359.88,884.74
719,1616,person,3241.52,837.67,222.7,531.09
719,1621,person,2566.24,984.38,119.63,334.03
720,1248,person,1231.93,1214.78,516.04,800.66
720,1250,person,3585.52,1102.14,340.42,887.92
720,1259,person,3357.19,1252.04,434.73,531.98
720,1265,person,1936.3,1179.61,235.07,835.32
720,1254,person,1518.67,1005.2,343.47,1010.54
720,1571,person,2390.13,1152.95,375.15,816.08
720,1338,person,2730.82,1087.35,288.72,663.97
720,1439,person,2614.48,1463.94,452.24,497.15
720,1544,person,3419.61,846.46,263.1,387.19
720,1613,person,3047.92,1046.26,360.41,886.96
720,1616,person,3241.87,838.7,219.59,533.48
720,1621,person,2564.7,980.21,119.68,338.05
721,1248,person,1231.21,1215.74,517.82,802.81
721,1250,person,3586.32,1104.05,340.6,890.17
721,1259,person,3360.64,1251.61,437.46,535.89
721,1265,person,1936.45,1181.12,237.68,835.68
721,1254,person,1518.22,1000.49,340.67,1002.51
721,1571,person,2386.66,1149.03,374.65,820.14
721,1338,person,2732.8,1097.0,296.2,678.75
721,1439,person,2616.35,1465.47,451.86,501.79
721,1544,person,3420.35,846.55,266.82,392.93
721,1613,person,3048.21,1046.18,357.97,880.72
721,1616,person,3241.75,841.07,218.17,539.58
721,1621,person,2563.31,977.6,117.81,335.47
722,1248,person,1230.16,1216.04,519.43,804.82
722,1250,person,3586.51,1102.84,340.32,890.75
722,1259,person,3356.29,1254.77,447.33,551.67
722,1265,person,1933.92,1182.13,241.41,838.95
722,1254,person,1517.23,998.63,339.67,999.45
722,1571,person,2378.84,1146.84,376.84,830.29
722,1338,person,2733.62,1100.02,299.31,681.3
722,1439,person,2631.25,1464.78,451.22,500.93
722,1544,person,3421.5,843.45,264.92,389.26
722,1613,person,3050.55,1046.64,357.35,879.58
722,1616,person,3240.81,844.32,216.91,545.96
722,1621,person,2560.06,977.69,115.5,331.73
722,1623,skateboard,3230.72,1442.76,346.34,201.69
723,1248,person,1229.19,1217.46,521.59,807.34
723,1250,person,3586.15,1102.63,339.91,891.1
723,1259,person,3353.88,1257.7,450.82,560.23
723,1265,person,1936.01,1181.83,244.0,836.31
723,1254,person,1517.43,999.43,340.03,1001.15
723,1571,person,2370.86,1146.37,377.03,837.43
723,1338,person,2726.95,1087.07,291.11,650.85
723,1439,person,2630.34,1464.47,450.65,501.19
723,1544,person,3425.36,842.61,262.18,385.14
723,1613,person,3053.97,1044.88,355.85,874.51
723,1616,person,3239.72,844.11,213.24,545.25
724,1248,person,1228.93,1217.61,519.56,802.72
724,1250,person,3589.41,1102.01,338.7,888.73
724,1259,person,3350.61,1256.51,451.77,567.11
724,1265,person,1935.46,1186.03,248.87,843.2
724,1254,person,1517.92,999.97,340.47,1002.57
724,1571,person,2365.14,1144.73,375.94,842.7
724,1338,person,2720.32,1070.53,280.21,610.26
724,1439,person,2639.45,1464.3,451.86,498.29
724,1544,person,3428.68,843.68,261.35,384.74
724,1613,person,3058.72,1046.91,356.48,875.08
724,1616,person,3240.05,845.34,210.95,547.69
724,1623,skateboard,3134.97,1452.11,371.29,200.64
725,1248,person,1228.31,1220.81,519.95,801.62
725,1250,person,3589.86,1102.27,338.27,888.41
725,1259,person,3346.96,1257.04,445.22,564.31
725,1265,person,1932.81,1181.9,249.56,834.29
725,1254,person,1516.68,1002.49,341.21,1005.95
725,1571,person,2363.75,1136.3,367.43,831.93
725,1338,person,2717.22,1069.77,282.21,602.62
725,1439,person,2645.58,1460.5,451.77,491.62
725,1544,person,3431.52,843.04,258.84,382.3
725,1613,person,3066.28,1047.59,356.14,874.27
725,1616,person,3242.16,842.48,207.34,543.93
725,1623,skateboard,3122.47,1451.27,389.74,196.76
726,1248,person,1222.92,1222.49,522.9,803.13
726,1250,person,3590.76,1101.89,338.48,888.6
726,1259,person,3343.52,1252.47,440.86,565.51
726,1265,person,1928.42,1183.01,253.82,837.55
726,1254,person,1514.7,1004.3,341.23,1004.43
726,1571,person,2360.13,1134.14,361.62,826.87
726,1338,person,2714.04,1063.81,277.84,582.07
726,1439,person,2645.26,1461.41,443.75,474.9
726,1544,person,3433.55,838.17,255.16,377.96
726,1613,person,3070.34,1048.91,356.23,873.77
726,1616,person,3244.87,840.51,203.57,540.15
726,1622,person,3409.88,1087.67,303.55,882.98
727,1248,person,1214.24,1224.11,527.77,804.87
727,1250,person,3587.71,1101.79,339.7,889.95
727,1259,person,3336.19,1253.9,426.23,553.64
727,1265,person,1926.69,1183.13,256.89,837.22
727,1254,person,1513.87,1010.47,344.84,1014.84
727,1571,person,2356.15,1133.87,360.93,830.28
727,1338,person,2709.42,1098.88,310.28,649.45
727,1439,person,2646.53,1456.61,431.88,452.1
727,1544,person,3434.64,836.44,253.59,376.03
727,1613,person,3077.33,1050.67,357.3,877.02
727,1616,person,3247.18,822.27,190.49,506.79
728,1248,person,1203.9,1225.18,533.44,804.99
728,1250,person,3590.0,1100.01,338.36,889.93
728,1259,person,3330.27,1242.03,417.31,549.3
728,1265,person,1925.51,1183.61,260.38,838.14
728,1254,person,1514.09,1014.46,347.23,1021.55
728,1571,person,2351.12,1131.7,355.59,824.09
728,1338,person,2709.09,1126.62,332.05,698.35
728,1439,person,2645.91,1453.51,423.79,433.35
728,1544,person,3437.39,834.69,246.73,365.74
728,1613,person,3085.62,1053.26,359.47,882.65
728,1616,person,3248.25,799.5,174.84,462.21
728,1623,skateboard,3114.9,1459.08,398.18,185.98
729,1248,person,1191.26,1225.43,542.79,807.78
729,1250,person,3596.05,1099.98,334.64,886.28
729,1259,person,3326.26,1230.64,424.7,568.16
729,1265,person,1923.65,1183.41,263.21,839.01
729,1254,person,1514.06,1016.38,348.45,1025.09
729,1571,person,2345.17,1130.71,351.33,819.38
729,1338,person,2706.75,1132.6,335.19,707.1
729,1439,person,2642.24,1440.8,404.96,404.41
729,1544,person,3440.75,833.46,242.67,360.33
729,1613,person,3095.72,1057.69,359.38,884.21
729,1616,person,3249.78,784.68,165.39,432.92
730,1248,person,1188.61,1225.44,547.64,805.17
730,1250,person,3595.42,1099.83,332.66,884.32
730,1259,person,3319.88,1203.35,451.13,617.09
730,1265,person,1923.33,1183.71,264.12,835.99
730,1254,person,1514.47,1016.4,348.57,1025.05
730,1571,person,2340.55,1129.36,349.23,819.2
730,1338,person,2702.86,1141.27,340.69,721.84
730,1439,person,2633.73,1435.85,398.1,389.82
730,1544,person,3446.05,823.87,230.57,342.06
730,1613,person,3099.51,1064.16,359.44,887.8
730,1616,person,3250.72,778.44,161.84,418.89
731,1248,person,1193.35,1225.14,554.53,810.02
731,1250,person,3589.02,1099.28,332.94,884.37
731,1259,person,3307.8,1192.6,450.59,631.0
731,1265,person,1923.44,1187.38,263.25,828.76
731,1254,person,1514.37,1015.8,348.09,1023.36
731,1571,person,2334.63,1128.45,348.81,823.41
731,1338,person,2699.9,1142.71,341.34,722.73
731,1439,person,2647.01,1433.22,402.83,385.12
731,1544,person,3453.34,879.07,291.46,447.18
731,1613,person,3105.79,1064.13,358.28,890.69
731,1616,person,3249.31,769.78,155.65,396.55
732,1248,person,1201.35,1220.38,556.88,811.32
732,1250,person,3586.58,1098.05,333.37,884.41
732,1259,person,3296.35,1179.26,443.92,635.59
732,1265,person,1922.66,1191.53,264.94,830.97
732,1254,person,1514.35,1015.22,347.73,1021.61
732,1571,person,2331.88,1128.08,344.41,816.27
732,1338,person,2692.04,1142.19,342.23,720.24
732,1439,person,2641.64,1436.99,414.87,391.76
732,1544,person,3459.86,912.34,321.7,514.21
732,1613,person,3108.05,1065.76,356.29,892.31
732,1616,person,3250.34,754.39,147.16,367.55
732,1576,person,390.7,1403.06,405.98,417.6
733,1248,person,1210.0,1217.03,561.06,818.33
733,1250,person,3585.03,1097.13,333.7,883.86
733,1259,person,3279.83,1183.89,438.24,640.63
733,1265,person,1920.38,1191.51,265.77,829.96
733,1254,person,1513.7,1013.18,346.47,1017.41
733,1571,person,2330.47,1126.99,341.32,810.25
733,1338,person,2689.01,1122.62,327.08,678.48
733,1439,person,2652.27,1436.78,425.08,393.36
733,1544,person,3462.68,934.72,336.56,560.13
733,1613,person,3109.88,1063.76,352.77,890.83
733,1616,person,3251.66,745.05,142.76,345.38
733,1576,person,364.64,1396.95,392.83,402.12
734,1248,person,1222.38,1213.09,562.43,826.4
734,1250,person,3583.58,1097.56,334.87,885.28
734,1259,person,3266.04,1173.12,418.17,619.23
734,1265,person,1918.04,1190.5,266.61,828.48
734,1254,person,1513.45,1010.72,345.16,1012.91
734,1571,person,2327.02,1132.81,344.04,819.64
734,1338,person,2682.13,1106.11,319.25,647.57
734,1439,person,2653.26,1434.64,429.59,389.68
734,1544,person,3461.95,964.15,356.84,619.58
734,1613,person,3110.78,1064.15,349.53,890.21
734,1616,person,3252.4,731.93,136.86,317.48
734,1576,person,354.74,1399.56,391.59,402.18
735,1248,person,1232.67,1211.1,560.39,831.37
735,1250,person,3582.42,1097.33,335.54,885.1
735,1259,person,3223.43,1171.78,430.03,636.93
735,1265,person,1917.32,1190.08,267.03,825.76
735,1254,person,1514.02,1009.21,344.06,1008.25
735,1571,person,2321.88,1134.35,343.62,821.13
735,1338,person,2677.73,1100.72,320.73,638.3
735,1439,person,2653.81,1439.86,444.59,398.0
735,1544,person,3455.08,990.68,372.78,673.91
735,1613,person,3108.86,1066.27,347.14,894.24
735,1616,person,3252.64,735.65,143.56,323.72
735,1576,person,352.12,1401.3,391.91,403.1
736,1248,person,1237.15,1208.74,555.5,833.05
736,1250,person,3581.18,1098.27,336.71,886.86
736,1259,person,3204.63,1165.85,437.89,649.1
736,1265,person,1915.91,1187.83,269.07,827.96
736,1254,person,1514.02,1007.49,343.61,1005.7
736,1571,person,2316.56,1140.75,347.0,830.35
736,1338,person,2675.57,1094.99,322.94,631.35
736,1439,person,2664.84,1448.37,470.02,415.29
736,1616,person,3252.9,740.54,151.87,335.75
736,1576,person,349.79,1399.65,388.61,398.52
736,1622,person,3447.41,1029.65,254.75,751.14
737,1248,person,1238.92,1206.81,552.68,837.9
737,1250,person,3579.2,1098.33,337.32,885.9
737,1259,person,3213.78,1163.37,436.13,656.48
737,1265,person,1916.09,1187.2,270.16,827.31
737,1254,person,1514.53,1007.86,343.96,1005.9
737,1571,person,2312.1,1141.27,345.98,825.21
737,1338,person,2675.68,1093.19,327.06,631.0
737,1439,person,2666.27,1456.94,490.37,429.93
737,1616,person,3253.9,741.66,156.5,339.73
737,1576,person,351.14,1400.43,388.72,398.57
737,1622,person,3446.91,1039.97,258.09,770.69
737,1613,person,3130.47,1062.03,339.42,878.14
738,1248,person,1240.16,1202.54,549.01,840.79
738,1250,person,3577.29,1098.84,338.36,885.77
738,1259,person,3217.65,1161.5,426.95,651.76
738,1265,person,1916.98,1187.25,272.09,828.78
738,1254,person,1514.34,1006.53,343.39,1002.53
738,1571,person,2307.57,1148.02,349.8,831.71
738,1338,person,2674.14,1096.84,335.49,641.15
738,1439,person,2675.09,1464.7,510.29,443.63
738,1616,person,3254.54,749.46,164.22,352.2
738,1576,person,354.1,1401.49,389.26,400.21
738,1622,person,3447.31,1046.18,259.32,784.0
738,1613,person,3136.53,1058.34,334.98,867.03
739,1248,person,1241.15,1199.61,546.2,845.04
739,1250,person,3575.57,1098.47,339.7,885.36
739,1259,person,3222.09,1154.32,416.5,645.54
739,1265,person,1916.83,1188.25,271.72,824.03
739,1254,person,1513.31,1006.42,343.91,1002.54
739,1571,person,2308.11,1154.65,352.22,831.88
739,1338,person,2673.48,1089.54,334.32,631.54
739,1439,person,2677.02,1470.81,516.83,446.55
739,1616,person,3253.61,756.53,172.54,365.87
739,1576,person,354.87,1400.82,388.99,400.42
739,1622,person,3448.23,1039.9,254.73,774.7
739,1613,person,3132.68,1042.96,324.54,842.5
740,1248,person,1243.13,1196.95,545.13,852.52
740,1250,person,3574.05,1099.04,341.21,885.59
740,1259,person,3223.32,1151.4,403.77,633.19
740,1265,person,1917.27,1188.5,273.24,825.86
740,1254,person,1512.54,1009.43,345.83,1007.04
740,1571,person,2307.17,1158.75,352.94,825.55
740,1338,person,2673.01,1079.41,330.3,616.23
740,1439,person,2680.81,1473.28,524.04,450.53
740,1616,person,3254.0,756.86,173.13,363.6
740,1576,person,358.52,1400.41,387.99,399.97
740,1622,person,3448.68,1039.23,253.44,773.63
740,1613,person,3131.41,988.82,285.66,731.41
741,1248,person,1244.84,1191.42,543.08,859.11
741,1250,person,3574.55,1099.41,342.31,885.68
741,1259,person,3224.97,1152.08,390.43,617.03
741,1265,person,1918.58,1190.51,272.78,823.35
741,1254,person,1512.77,1010.48,346.78,1009.88
741,1571,person,2306.55,1162.49,356.11,825.01
741,1338,person,2673.25,1075.08,332.35,613.96
741,1439,person,2682.35,1478.96,543.11,467.14
741,1616,person,3252.31,761.18,178.59,371.87
741,1576,person,359.1,1400.16,388.96,401.38
741,1622,person,3447.24,1039.27,253.12,774.45
741,1613,person,3137.93,1017.1,306.71,782.4
741,1636,skateboard,3307.99,1448.6,282.15,168.1
742,1248,person,1247.33,1187.05,540.53,866.08
742,1250,person,3574.1,1099.9,343.33,886.11
742,1259,person,3229.6,1151.37,385.58,615.37
742,1265,person,1919.39,1190.0,271.86,819.97
742,1254,person,1514.21,1007.88,345.63,1005.56
742,1571,person,2306.73,1162.44,357.04,819.91
742,1338,person,2673.66,1070.9,332.83,609.09
742,1439,person,2683.17,1480.59,539.23,462.65
742,1616,person,3251.52,757.59,175.4,362.12
742,1622,person,3446.49,1041.03,253.6,777.33
742,1613,person,3148.59,1028.93,319.57,805.75
742,1636,skateboard,3310.27,1448.15,276.58,164.9
743,1248,person,1250.66,1183.27,535.07,868.84
743,1250,person,3574.18,1100.29,343.81,886.0
743,1259,person,3229.96,1162.39,381.74,614.23
743,1265,person,1918.83,1190.05,274.06,825.42
743,1254,person,1515.28,1007.39,345.48,1005.04
743,1571,person,2306.8,1157.92,354.09,803.22
743,1338,person,2673.4,1066.91,333.34,604.76
743,1439,person,2684.43,1482.62,544.67,467.37
743,1616,person,3249.33,766.46,183.24,378.02
743,1622,person,3445.59,1044.1,254.6,782.07
743,1613,person,3150.48,1036.76,327.88,818.61
743,1636,skateboard,3308.07,1444.26,282.53,168.8
744,1248,person,1256.25,1181.82,532.6,877.67
744,1250,person,3575.96,1099.56,343.5,884.37
744,1259,person,3239.32,1174.47,366.52,593.3
744,1265,person,1918.05,1190.24,275.01,826.91
744,1254,person,1516.84,1007.26,345.35,1005.68
744,1571,person,2307.01,1157.81,355.53,797.79
744,1338,person,2673.55,1063.72,335.19,603.72
744,1439,person,2687.84,1490.06,555.6,478.11
744,1616,person,3248.35,769.54,185.69,382.76
744,1622,person,3444.89,1043.67,253.84,780.38
744,1613,person,3150.15,1030.54,323.75,796.68
745,1248,person,1260.98,1176.12,530.44,888.87
745,1250,person,3576.49,1099.44,344.21,885.34
745,1259,person,3246.41,1196.59,356.27,578.21
745,1265,person,1919.06,1190.32,275.32,827.38
745,1254,person,1517.61,1006.96,345.54,1007.15
745,1571,person,2308.41,1163.88,364.2,810.93
745,1338,person,2674.18,1060.56,338.23,606.04
745,1439,person,2690.68,1488.74,554.09,477.13
745,1616,person,3248.21,766.18,183.15,375.84
745,1622,person,3442.76,1047.38,256.79,791.08
745,1613,person,3148.91,1034.48,331.2,806.03
746,1248,person,1267.2,1171.76,524.98,896.51
746,1250,person,3575.61,1099.74,345.39,885.88
746,1259,person,3250.76,1200.2,333.07,535.73
746,1265,person,1918.39,1191.48,275.42,828.57
746,1254,person,1518.42,1008.01,346.26,1010.46
746,1571,person,2311.5,1166.91,370.42,818.29
746,1338,person,2674.42,1057.34,338.38,602.87
746,1439,person,2693.29,1489.61,556.86,480.18
746,1616,person,3249.86,773.35,185.98,381.77
746,1622,person,3445.79,931.63,194.61,561.43
746,1613,person,3146.82,1031.98,332.15,797.33
746,1636,skateboard,3247.38,1451.54,308.76,182.36
747,1248,person,1272.39,1167.85,518.82,904.96
747,1250,person,3575.27,1100.23,346.68,886.71
747,1259,person,3259.54,1205.37,321.41,512.4
747,1265,person,1918.76,1191.0,274.83,827.79
747,1254,person,1517.58,1008.54,345.78,1009.5
747,1571,person,2313.81,1170.7,372.1,817.31
747,1338,person,2674.67,1055.16,339.18,601.38
747,1439,person,2695.77,1487.33,552.95,476.51
747,1616,person,3248.8,775.68,190.17,391.7
747,1622,person,3446.57,881.28,167.51,457.15
747,1613,person,3140.57,1044.92,341.91,813.68
748,1248,person,1278.83,1164.58,509.71,909.39
748,1250,person,3574.62,1100.26,347.42,886.52
748,1259,person,3271.97,1216.35,311.68,494.99
748,1265,person,1919.26,1190.54,274.11,826.38
748,1254,person,1516.03,1009.69,346.66,1012.07
748,1571,person,2314.64,1170.4,374.15,816.08
748,1338,person,2674.6,1054.7,342.02,604.49
748,1439,person,2696.21,1484.61,549.52,473.16
748,1616,person,3248.64,781.16,194.6,403.74
748,1622,person,3446.24,873.06,167.07,436.58
748,1613,person,3136.52,1052.52,346.82,819.15
749,1248,person,1284.01,1161.3,501.4,915.56
749,1250,person,3574.27,1100.05,348.38,886.56
749,1259,person,3277.85,1221.58,304.61,482.01
749,1265,person,1916.67,1189.75,272.8,824.6
749,1254,person,1516.59,1010.83,347.17,1014.61
749,1571,person,2316.69,1174.44,376.61,817.48
749,1338,person,2674.48,1051.86,343.21,604.31
749,1439,person,2696.43,1485.02,544.49,468.15
749,1616,person,3249.6,779.4,192.0,400.68
749,1622,person,3444.93,864.64,165.78,416.28
749,1613,person,3131.28,1061.59,351.77,825.46
749,1576,person,378.29,1401.71,392.89,414.88
750,1248,person,1287.45,1159.08,496.07,927.15
750,1250,person,3574.15,1099.07,348.95,886.42
750,1259,person,3280.51,1228.36,302.22,474.14
750,1265,person,1915.88,1189.9,271.77,824.3
750,1254,person,1517.79,1011.16,347.36,1016.19
750,1571,person,2317.2,1173.65,379.75,819.65
750,1338,person,2674.98,1049.56,343.59,602.8
750,1439,person,2695.68,1487.45,545.04,468.87
750,1616,person,3250.32,776.17,188.19,394.63
750,1622,person,3443.25,864.55,170.27,414.3
750,1613,person,3127.68,1061.39,351.13,816.05
751,1248,person,1289.2,1158.13,487.93,931.17
751,1250,person,3574.88,1098.48,349.53,886.62
751,1259,person,3286.54,1233.52,299.14,465.12
751,1265,person,1914.8,1189.2,270.0,821.84
751,1254,person,1519.18,1012.73,347.89,1019.94
751,1571,person,2320.49,1177.43,379.15,815.45
751,1338,person,2674.93,1048.16,344.05,602.05
751,1439,person,2694.14,1495.85,564.61,488.52
751,1616,person,3250.12,777.05,187.6,396.02
751,1622,person,3442.16,864.28,173.96,411.25
751,1613,person,3123.92,1063.38,351.91,808.71
752,1248,person,1289.22,1157.06,480.32,934.15
752,1250,person,3576.63,1098.05,349.91,887.24
752,1259,person,3291.61,1237.32,301.07,464.54
752,1265,person,1914.44,1189.41,269.0,821.7
752,1254,person,1520.96,1012.5,346.79,1019.94
752,1571,person,2319.09,1175.49,382.54,818.4
752,1338,person,2675.04,1050.82,348.87,610.34
752,1439,person,2689.72,1501.9,571.23,497.81
752,1616,person,3249.88,783.08,194.52,414.14
752,1622,person,3441.05,866.75,181.13,415.72
752,1613,person,3114.78,1067.9,354.7,808.19
752,1639,person,3342.04,1074.98,415.72,842.5
753,1248,person,1289.59,1155.01,473.41,936.3
753,1250,person,3577.35,1097.97,349.85,887.68
753,1259,person,3294.95,1237.8,304.03,466.22
753,1265,person,1915.92,1189.91,268.28,823.49
753,1254,person,1523.82,1012.41,345.78,1021.12
753,1571,person,2322.12,1178.94,381.76,814.83
753,1338,person,2675.53,1052.04,350.73,613.71
753,1439,person,2685.24,1503.2,569.82,500.24
753,1616,person,3249.05,780.89,191.94,409.79
753,1622,person,3440.05,868.93,186.71,418.43
753,1613,person,3107.04,1073.19,361.15,814.61
753,1639,person,3337.68,1074.83,413.82,837.84
754,1248,person,1285.62,1151.77,469.37,939.81
754,1250,person,3578.63,1098.18,349.83,887.73
754,1259,person,3295.93,1236.76,311.88,476.32
754,1265,person,1917.32,1190.15,267.06,824.74
754,1254,person,1526.83,1012.69,343.97,1021.63
754,1571,person,2321.07,1173.41,385.44,819.05
754,1338,person,2676.76,1051.21,350.46,613.28
754,1439,person,2683.96,1498.82,554.82,487.88
754,1616,person,3249.89,785.12,194.9,419.18
754,1622,person,3439.15,871.66,190.48,418.54
754,1613,person,3101.49,1082.58,370.29,822.11
754,1639,person,3331.6,1077.6,414.86,839.7
754,1636,skateboard,3170.91,1457.13,336.45,182.76
755,1248,person,1282.44,1151.06,465.19,940.96
755,1250,person,3578.83,1099.29,348.64,884.25
755,1259,person,3294.13,1238.76,320.86,489.6
755,1265,person,1917.75,1190.14,265.79,826.66
755,1254,person,1527.25,1013.27,340.99,1019.06
755,1571,person,2318.83,1156.8,376.83,795.15
755,1338,person,2677.67,1060.85,360.38,633.34
755,1439,person,2680.22,1499.31,549.67,484.99
755,1616,person,3251.08,787.52,194.36,421.64
755,1622,person,3438.54,871.3,192.38,417.32
755,1613,person,3090.09,1090.03,373.75,823.8
755,1639,person,3321.65,1082.82,417.8,846.88
756,1248,person,1283.47,1150.48,460.69,941.82
756,1250,person,3579.53,1099.73,348.1,882.86
756,1259,person,3294.4,1220.2,331.02,508.08
756,1265,person,1918.91,1189.04,264.78,828.64
756,1254,person,1526.26,1012.75,338.4,1016.49
756,1571,person,2315.96,1139.48,365.68,766.64
756,1338,person,2677.37,1057.42,356.6,627.26
756,1439,person,2677.56,1497.73,543.77,481.23
756,1616,person,3252.56,788.26,192.33,421.48
756,1622,person,3437.82,871.14,191.83,410.36
756,1613,person,3078.53,1097.72,378.45,829.35
757,1248,person,1288.01,1151.63,454.95,941.62
757,1250,person,3578.98,1101.34,348.74,884.6
757,1259,person,3292.5,1210.61,350.86,543.71
757,1265,person,1921.61,1188.34,263.2,828.01
757,1254,person,1526.22,1012.23,336.09,1014.03
757,1571,person,2316.12,1140.15,369.63,772.65
757,1338,person,2676.15,1056.0,354.62,624.53
757,1439,person,2675.73,1496.49,539.7,479.2
757,1616,person,3252.73,788.82,190.76,421.76
757,1622,person,3437.24,868.73,191.78,404.92
757,1613,person,3064.32,1107.91,386.26,844.84
757,1640,skateboard,3336.41,1465.67,220.53,145.29
758,1248,person,1296.17,1151.34,449.42,944.6
758,1250,person,3579.98,1101.28,348.74,884.1
758,1259,person,3293.38,1186.88,366.74,576.76
758,1265,person,1921.95,1188.51,261.53,828.22
758,1254,person,1526.71,1011.42,334.29,1012.75
758,1571,person,2317.8,1148.81,379.08,794.24
758,1338,person,2674.98,1054.1,352.96,622.36
758,1439,person,2673.84,1495.51,538.36,479.77
758,1616,person,3251.36,788.62,189.81,421.62
758,1622,person,3435.95,871.98,195.79,410.08
758,1613,person,3046.1,1117.62,391.41,851.63
758,1640,skateboard,3322.25,1466.26,215.87,141.43
759,1248,person,1301.63,1147.1,442.05,943.91
759,1250,person,3579.63,1101.5,348.6,883.61
759,1259,person,3294.35,1190.76,387.05,621.54
759,1265,person,1923.38,1187.78,259.31,825.71
759,1254,person,1527.32,1013.53,333.98,1016.56
759,1571,person,2315.71,1160.06,387.51,818.27
759,1338,person,2673.59,1051.85,350.75,618.99
759,1439,person,2672.83,1495.9,538.52,481.91
759,1616,person,3248.9,790.64,188.94,421.64
759,1622,person,3436.5,882.15,205.73,430.61
759,1613,person,3031.85,1122.1,393.63,857.92
760,1248,person,1312.79,1147.78,435.26,948.88
760,1250,person,3580.82,1101.92,348.69,884.18
760,1259,person,3293.79,1173.51,389.62,635.52
760,1265,person,1925.05,1189.94,259.31,829.63
760,1254,person,1527.91,1014.86,333.66,1019.83
760,1571,person,2316.67,1165.61,389.61,828.77
760,1338,person,2672.81,1054.75,353.98,626.46
760,1439,person,2672.89,1501.05,547.39,492.52
760,1616,person,3246.33,789.97,187.83,419.11
760,1622,person,3436.19,933.56,248.37,533.43
760,1613,person,3019.26,1123.31,391.78,857.09
761,1248,person,1319.02,1147.85,426.4,950.89
761,1250,person,3581.66,1101.81,348.82,885.05
761,1259,person,3296.33,1181.52,388.52,643.82
761,1265,person,1925.29,1189.84,257.6,827.44
761,1254,person,1527.43,1016.12,333.28,1022.86
761,1571,person,2315.87,1164.51,389.85,836.45
761,1338,person,2672.14,1055.37,354.03,628.53
761,1439,person,2673.66,1500.08,544.29,491.79
761,1616,person,3245.31,790.65,189.94,424.9
761,1622,person,3435.15,1019.94,312.67,702.77
761,1613,person,3009.92,1123.89,389.46,859.22
762,1248,person,1325.62,1148.63,417.22,952.25
762,1250,person,3584.04,1101.61,348.68,885.42
762,1259,person,3294.56,1194.22,386.62,649.01
762,1265,person,1926.81,1190.18,256.47,826.36
762,1254,person,1528.09,1017.97,332.72,1025.92
762,1571,person,2315.05,1163.42,388.11,840.32
762,1338,person,2671.55,1054.87,352.27,627.06
762,1439,person,2672.81,1493.92,541.56,490.91
762,1616,person,3245.0,791.4,191.32,427.68
762,1622,person,3435.05,1057.48,329.36,773.21
762,1613,person,3010.6,1123.09,389.27,859.03
762,1641,person,3431.59,861.42,192.42,351.45
763,1248,person,1333.11,1147.84,407.05,951.26
763,1250,person,3584.2,1101.21,348.32,885.11
763,1259,person,3292.08,1206.23,383.77,652.5
763,1265,person,1926.57,1189.26,255.2,825.74
763,1254,person,1528.64,1019.12,331.56,1026.78
763,1571,person,2315.44,1162.24,385.45,840.56
763,1338,person,2671.8,1053.79,350.76,627.22
763,1439,person,2669.19,1485.86,529.14,479.63
763,1616,person,3241.16,808.99,204.95,461.07
763,1622,person,3435.69,1073.83,328.01,802.82
763,1613,person,3003.01,1121.14,391.16,861.29
763,1641,person,3432.5,857.87,180.75,329.54
764,1248,person,1340.99,1148.38,397.91,952.46
764,1250,person,3585.6,1101.62,347.77,884.8
764,1259,person,3291.91,1206.71,382.3,658.98
764,1265,person,1926.29,1188.55,254.22,824.54
764,1254,person,1528.35,1020.43,330.71,1029.28
764,1571,person,2317.82,1161.05,382.07,839.23
764,1338,person,2671.52,1053.61,349.28,625.84
764,1439,person,2665.86,1483.37,524.0,475.62
764,1616,person,3238.95,814.16,208.61,470.92
764,1613,person,3001.68,1119.15,394.14,856.99
764,1641,person,3433.27,856.14,174.1,316.55
765,1248,person,1349.36,1147.98,388.38,953.47
765,1250,person,3587.76,1099.48,346.8,884.43
765,1259,person,3293.99,1206.39,381.72,665.67
765,1265,person,1926.0,1187.81,253.64,824.55
765,1254,person,1529.79,1022.46,330.41,1034.14
765,1571,person,2318.54,1157.63,383.96,848.7
765,1338,person,2669.0,1056.47,350.56,630.01
765,1439,person,2662.59,1483.13,522.48,476.31
765,1616,person,3239.56,809.51,205.11,462.33
765,1613,person,2997.14,1118.71,394.67,854.01
765,1641,person,3432.98,851.53,166.68,301.3
765,1642,person,3439.13,1067.27,190.86,790.76
766,1248,person,1352.8,1146.85,379.46,952.76
766,1250,person,3589.82,1098.56,346.47,884.51
766,1259,person,3298.28,1200.33,384.16,678.14
766,1265,person,1926.33,1187.2,253.28,823.72
766,1254,person,1529.64,1025.0,329.81,1038.17
766,1571,person,2329.63,1167.78,372.32,830.36
766,1338,person,2662.5,1061.44,353.51,641.13
766,1439,person,2658.23,1481.65,516.09,472.81
766,1616,person,3240.53,806.49,203.07,457.24
766,1613,person,2987.29,1119.09,396.9,856.16
766,1641,person,3439.2,837.47,178.64,322.3
766,1642,person,3442.78,1069.2,192.0,796.14
766,1576,person,360.06,1410.29,382.65,404.97
767,1248,person,1355.9,1146.48,371.11,951.48
767,1250,person,3591.73,1096.83,345.17,883.96
767,1259,person,3306.0,1192.42,389.71,692.45
767,1265,person,1924.73,1186.73,254.36,827.31
767,1254,person,1530.19,1025.87,328.37,1039.32
767,1571,person,2324.28,1157.67,376.95,845.5
767,1338,person,2665.22,1070.36,361.55,659.99
767,1439,person,2656.9,1480.98,514.34,474.24
767,1616,person,3240.59,803.98,202.12,452.41
767,1613,person,2985.68,1112.88,400.62,857.79
767,1641,person,3443.35,828.04,181.38,327.0
767,1642,person,3446.73,1066.33,192.5,799.73
768,1248,person,1359.75,1144.65,362.59,948.18
768,1250,person,3592.41,1096.06,343.82,882.97
768,1259,person,3311.21,1186.33,395.89,707.76
768,1265,person,1925.42,1185.76,254.14,827.54
768,1254,person,1532.12,1024.82,324.2,1031.99
768,1571,person,2321.9,1153.81,375.87,848.39
768,1338,person,2660.24,1064.04,353.56,649.0
768,1439,person,2655.34,1480.44,513.06,475.92
768,1616,person,3232.12,807.07,206.44,457.8
768,1613,person,2990.97,1106.11,408.14,858.02
768,1641,person,3447.36,820.23,178.7,321.36
768,1642,person,3450.35,1064.02,191.92,799.42
768,1576,person,358.82,1411.43,384.39,408.91
769,1248,person,1361.16,1145.16,356.73,950.48
769,1250,person,3591.15,1094.34,342.31,881.98
769,1259,person,3311.87,1180.61,399.53,719.56
769,1265,person,1924.37,1185.13,253.87,827.34
769,1254,person,1531.81,1022.76,321.93,1030.48
769,1571,person,2319.59,1151.46,374.6,851.93
769,1338,person,2648.3,1057.38,341.72,634.85
769,1439,person,2656.43,1477.14,509.28,474.75
769,1616,person,3232.21,809.82,211.32,465.3
769,1613,person,2963.78,1103.12,410.23,858.08
769,1641,person,3453.62,814.07,176.03,316.21
770,1248,person,1362.87,1144.33,348.94,946.39
770,1250,person,3592.03,1094.42,341.12,881.97
770,1259,person,3314.65,1175.01,402.3,728.83
770,1265,person,1926.06,1185.46,254.55,830.3
770,1254,person,1531.45,1023.29,320.7,1032.39
770,1571,person,2313.27,1148.65,371.89,853.91
770,1338,person,2637.66,1068.08,329.25,621.12
770,1439,person,2657.36,1474.91,506.55,474.02
770,1613,person,2947.75,1095.9,411.68,856.3
770,1641,person,3457.97,808.54,171.73,308.12
770,1576,person,354.22,1409.0,392.08,417.28
771,1248,person,1365.43,1139.04,340.89,939.58
771,1250,person,3592.52,1093.64,340.09,882.79
771,1259,person,3317.07,1165.49,407.08,741.11
771,1265,person,1925.77,1185.88,254.14,828.48
771,1254,person,1532.74,1022.78,318.19,1029.71
771,1571,person,2312.04,1142.6,367.94,853.26
771,1338,person,2635.82,1072.39,321.78,612.0
771,1439,person,2658.36,1473.61,503.94,473.68
771,1613,person,2938.01,1087.65,412.99,851.13
771,1641,person,3461.73,804.38,169.14,304.75
771,1576,person,363.85,1403.83,384.75,414.35
772,1248,person,1367.52,1136.61,334.02,935.07
772,1250,person,3593.66,1093.34,338.67,882.08
772,1259,person,3322.57,1158.58,411.65,751.11
772,1265,person,1924.2,1186.34,254.76,830.64
772,1254,person,1533.57,1022.69,316.08,1027.7
772,1571,person,2311.77,1101.75,334.32,776.43
772,1338,person,2632.13,1074.77,312.02,597.41
772,1439,person,2658.01,1473.95,501.02,473.16
772,1613,person,2926.31,1084.4,415.19,850.8
772,1641,person,3463.56,803.23,165.91,299.8
772,1576,person,367.12,1402.37,376.98,409.19
773,1248,person,1368.25,1137.17,329.97,936.71
773,1250,person,3595.53,1094.02,337.91,882.92
773,1259,person,3325.75,1154.23,414.3,757.04
773,1265,person,1920.05,1187.68,255.85,835.44
773,1254,person,1533.95,1022.75,314.53,1027.49
773,1571,person,2308.85,1062.63,304.6,708.51
773,1338,person,2623.59,1079.47,308.06,596.07
773,1439,person,2655.99,1475.04,504.58,478.49
773,1613,person,2854.17,1081.36,442.21,857.07
773,1641,person,3470.92,798.4,161.43,291.58
773,1576,person,359.67,1400.4,377.71,408.51
774,1248,person,1367.19,1138.64,327.38,940.4
774,1250,person,3595.57,1093.94,337.1,882.83
774,1259,person,3325.12,1149.98,417.83,765.19
774,1265,person,1916.19,1187.32,255.57,834.81
774,1254,person,1534.17,1021.86,313.35,1030.89
774,1571,person,2309.26,1053.48,298.82,697.89
774,1439,person,2656.43,1476.56,505.38,482.73
774,1613,person,2821.15,1081.49,466.18,866.46
774,1641,person,3472.89,796.3,160.56,290.39
775,1248,person,1364.17,1139.48,325.59,942.01
775,1250,person,3591.1,1093.54,336.25,881.93
775,1259,person,3326.78,1147.87,418.39,768.82
775,1265,person,1911.65,1188.52,257.07,836.46
775,1254,person,1532.46,1024.26,312.24,1031.54
775,1571,person,2310.07,1050.3,294.55,694.37
775,1439,person,2652.54,1477.24,502.78,483.13
775,1613,person,2809.34,1080.81,484.37,867.71
775,1641,person,3474.38,794.91,159.39,288.75
775,1616,person,3205.89,876.36,272.4,610.18
776,1248,person,1364.24,1139.87,324.1,943.1
776,1250,person,3585.79,1093.64,336.38,881.5
776,1259,person,3333.34,1147.73,416.39,768.45
776,1265,person,1912.2,1188.12,257.96,837.71
776,1254,person,1531.61,1024.9,311.13,1031.6
776,1571,person,2312.58,1040.76,285.83,678.1
776,1439,person,2637.11,1475.4,491.91,478.79
776,1613,person,2795.46,1080.99,499.91,869.87
776,1641,person,3479.11,793.93,158.77,287.35
776,1616,person,3204.07,889.09,278.73,636.46
776,1338,person,2604.91,1113.41,281.97,554.17
777,1248,person,1363.21,1143.31,321.14,937.98
777,1250,person,3585.9,1095.31,335.94,881.59
777,1259,person,3346.02,1152.87,414.96,765.93
777,1265,person,1915.54,1189.22,258.82,838.61
777,1254,person,1530.29,1025.64,311.71,1035.44
777,1571,person,2313.31,1043.98,283.6,678.75
777,1439,person,2622.99,1479.29,484.54,479.95
777,1613,person,2851.14,1085.7,496.91,875.37
777,1641,person,3484.36,795.65,157.83,285.69
777,1616,person,3204.28,868.61,258.72,590.58
778,1248,person,1366.65,1143.04,318.36,933.67
778,1250,person,3589.22,1096.15,335.07,883.21
778,1259,person,3355.89,1155.41,413.0,760.67
778,1265,person,1916.0,1188.87,259.11,837.72
778,1254,person,1531.01,1023.77,311.29,1035.04
778,1571,person,2318.38,1054.22,287.95,695.3
778,1439,person,2621.73,1476.88,478.92,481.92
778,1613,person,2825.75,1081.62,515.14,877.36
778,1641,person,3491.74,796.67,157.41,284.3
778,1616,person,3216.46,879.12,263.8,615.63
779,1248,person,1366.37,1145.08,316.88,932.95
779,1250,person,3591.7,1097.4,333.09,883.29
779,1259,person,3366.18,1155.19,414.53,758.02
779,1265,person,1917.11,1189.14,259.71,838.09
779,1254,person,1531.37,1024.84,310.0,1031.15
779,1571,person,2315.43,1105.33,322.13,792.98
779,1439,person,2620.6,1476.33,473.38,483.32
779,1613,person,2857.25,1079.97,518.89,873.67
779,1641,person,3498.29,799.4,154.01,277.15
779,1616,person,3215.17,870.44,253.29,593.87
779,1338,person,2596.39,1133.26,262.29,520.63
780,1248,person,1363.23,1146.51,316.6,933.51
780,1250,person,3590.55,1097.83,331.28,882.98
780,1259,person,3373.97,1157.08,414.91,754.23
780,1265,person,1917.48,1188.2,259.96,837.65
780,1254,person,1532.23,1025.06,309.71,1030.39
780,1571,person,2315.14,1118.37,324.42,810.56
780,1439,person,2619.08,1477.2,467.51,483.45
780,1613,person,2852.91,1077.94,509.32,877.25
780,1641,person,3505.25,806.3,161.44,292.05
780,1616,person,3215.35,874.28,254.79,602.8
780,1338,person,2594.41,1130.64,259.38,520.21
781,1248,person,1362.6,1146.01,314.29,927.72
781,1250,person,3591.92,1100.71,329.24,882.99
781,1259,person,3379.58,1161.0,413.52,746.64
781,1265,person,1917.69,1187.77,260.19,838.6
781,1254,person,1533.04,1025.65,310.24,1031.79
781,1571,person,2321.02,1120.82,323.44,813.02
781,1439,person,2631.64,1476.06,464.39,482.02
781,1613,person,2830.11,1082.94,498.52,887.75
781,1616,person,3213.55,882.75,259.46,617.64
781,1338,person,2593.87,1135.89,256.12,516.75
782,1248,person,1361.36,1145.91,313.28,925.78
782,1250,person,3593.35,1101.58,327.28,882.8
782,1259,person,3387.43,1164.8,413.28,740.56
782,1265,person,1917.76,1187.43,260.08,838.09
782,1254,person,1532.8,1025.72,310.62,1031.44
782,1571,person,2314.04,1122.5,318.53,811.36
782,1439,person,2638.94,1475.81,467.04,485.16
782,1613,person,2815.67,1086.37,488.81,898.51
782,1616,person,3212.97,868.32,247.04,584.95
782,1338,person,2592.79,1137.76,254.39,515.52
783,1248,person,1361.53,1146.12,312.44,924.69
783,1250,person,3593.05,1100.01,325.73,882.61
783,1259,person,3393.21,1172.09,410.59,730.86
783,1265,person,1914.66,1188.44,260.89,840.41
783,1254,person,1529.22,1029.15,314.34,1043.3
783,1571,person,2309.85,1126.9,315.51,817.21
783,1439,person,2638.4,1474.8,466.21,485.44
783,1613,person,2768.69,1081.87,480.69,888.36
783,1616,person,3210.3,862.23,244.04,574.41
784,1248,person,1362.02,1146.0,310.78,922.92
784,1250,person,3595.83,1099.87,324.52,881.95
784,1259,person,3399.44,1178.0,407.14,716.91
784,1265,person,1912.44,1189.1,261.05,841.42
784,1254,person,1527.68,1027.59,314.33,1041.75
784,1571,person,2307.43,1111.41,298.05,783.49
784,1439,person,2628.72,1476.81,465.49,489.72
784,1613,person,2737.26,1073.88,471.38,872.49
784,1616,person,3207.71,958.13,315.47,765.08
785,1248,person,1359.13,1148.45,310.27,924.04
785,1250,person,3604.94,1099.27,321.71,878.84
785,1259,person,3409.3,1184.59,404.84,700.69
785,1265,person,1910.61,1189.49,261.52,840.88
785,1254,person,1526.4,1026.58,314.5,1040.9
785,1571,person,2303.98,1108.68,291.46,775.8
785,1439,person,2623.54,1475.56,457.8,484.69
785,1613,person,2719.85,1075.47,472.46,875.07
785,1616,person,3209.96,908.92,276.69,664.97
786,1248,person,1356.0,1152.35,311.88,929.46
786,1250,person,3612.63,1098.5,319.3,878.28
786,1259,person,3412.42,1194.03,400.34,680.41
786,1265,person,1908.21,1190.16,262.0,840.99
786,1254,person,1526.86,1017.08,309.83,1022.15
786,1571,person,2301.45,1100.08,280.27,755.43
786,1439,person,2618.92,1472.16,451.16,481.82
786,1613,person,2809.89,1076.72,472.45,876.68
786,1616,person,3210.99,885.1,260.75,622.14
786,1338,person,2587.07,1092.94,272.55,567.46
787,1248,person,1353.37,1152.53,310.16,925.99
787,1250,person,3616.54,1090.62,311.96,860.67
787,1259,person,3415.97,1203.31,399.95,665.01
787,1265,person,1908.76,1191.72,262.53,842.82
787,1254,person,1525.61,1020.0,311.94,1027.27
787,1571,person,2299.45,1100.71,274.17,749.55
787,1439,person,2620.33,1474.75,452.55,488.37
787,1613,person,2842.79,1078.83,473.88,876.79
787,1616,person,3210.99,877.35,253.39,600.35
787,1338,person,2586.78,1084.43,273.31,583.81
788,1248,person,1347.46,1154.56,310.17,923.73
788,1250,person,3620.92,1087.1,309.32,855.79
788,1259,person,3421.29,1210.47,400.31,653.44
788,1265,person,1906.84,1191.39,262.57,841.22
788,1254,person,1525.02,1017.73,311.43,1023.48
788,1571,person,2298.53,1089.46,261.65,722.91
788,1439,person,2613.73,1471.09,446.74,489.39
788,1613,person,2851.93,1082.57,478.19,881.93
788,1616,person,3209.86,881.78,260.08,615.05
788,1338,person,2585.79,1082.91,268.15,585.93
789,1248,person,1343.15,1156.66,310.88,922.93
789,1250,person,3621.8,1085.85,308.02,854.74
789,1259,person,3419.78,1219.16,395.39,630.68
789,1265,person,1909.09,1192.27,262.14,841.76
789,1254,person,1524.93,1018.11,311.84,1022.93
789,1571,person,2300.61,1091.83,257.92,718.93
789,1613,person,2733.85,1148.42,539.3,1009.19
789,1616,person,3209.27,881.73,260.86,615.45
789,1338,person,2583.76,1086.95,259.59,581.22
790,1248,person,1338.27,1156.81,311.61,919.89
790,1250,person,3623.08,1080.65,305.49,847.68
790,1259,person,3433.18,1224.89,398.66,623.72
790,1265,person,1912.67,1191.25,261.18,843.77
790,1254,person,1525.59,1021.47,314.08,1030.1
790,1571,person,2296.1,1089.79,251.33,711.1
790,1613,person,2738.84,1116.23,484.28,935.87
790,1616,person,3210.36,875.68,258.04,605.67
790,1338,person,2580.27,1090.52,249.92,568.88
790,1439,person,2610.76,1471.21,444.82,494.81
791,1248,person,1335.29,1156.97,312.61,917.92
791,1250,person,3621.7,1083.65,307.73,855.18
791,1259,person,3428.7,1228.32,396.29,613.51
791,1265,person,1912.97,1191.86,259.76,841.86
791,1254,person,1525.86,1023.99,315.26,1035.13
791,1571,person,2295.17,1088.16,242.47,694.79
791,1613,person,2737.83,1101.28,454.61,903.33
791,1616,person,3209.89,874.32,257.87,602.48
791,1338,person,2568.88,1096.71,247.03,568.98
791,1439,person,2608.0,1469.14,434.75,488.72
792,1248,person,1331.39,1160.28,315.48,921.83
792,1250,person,3620.83,1082.33,307.21,852.15
792,1259,person,3435.73,1232.53,399.31,606.81
792,1265,person,1914.25,1191.76,259.44,845.13
792,1254,person,1525.88,1021.18,313.31,1029.45
792,1571,person,2295.64,1091.09,238.34,691.62
792,1613,person,2735.67,1102.02,441.24,896.89
792,1616,person,3209.6,871.8,256.07,596.72
792,1439,person,2613.67,1465.91,433.55,491.76
793,1248,person,1330.43,1161.24,315.88,919.08
793,1250,person,3616.74,1083.43,307.57,853.72
793,1259,person,3441.69,1236.7,400.56,597.58
793,1265,person,1915.53,1191.86,258.17,845.86
793,1254,person,1526.52,1017.24,310.89,1021.1
793,1571,person,2335.49,1106.22,253.93,715.85
793,1613,person,2735.02,1098.98,426.55,885.01
793,1616,person,3209.81,870.04,254.9,592.06
793,1439,person,2614.86,1463.59,428.26,489.27
793,1338,person,2562.79,1095.4,241.59,567.81
794,1248,person,1327.38,1164.41,318.57,923.07
794,1250,person,3615.16,1079.03,305.16,844.84
794,1259,person,3446.08,1241.77,403.77,590.72
794,1265,person,1914.32,1191.94,257.72,846.76
794,1254,person,1526.88,1014.3,309.36,1015.62
794,1571,person,2344.99,1122.6,268.44,743.81
794,1613,person,2735.96,1094.94,412.06,867.19
794,1616,person,3210.87,866.37,252.55,584.75
794,1439,person,2623.67,1467.38,426.23,488.33
794,1338,person,2561.72,1089.97,235.47,568.58
795,1248,person,1322.81,1164.81,320.85,922.93
795,1250,person,3614.66,1079.13,307.89,845.44
795,1259,person,3445.76,1245.45,404.61,580.92
795,1265,person,1916.06,1190.82,256.18,844.93
795,1254,person,1527.08,1007.81,305.95,1001.98
795,1571,person,2342.39,1137.1,282.14,769.89
795,1616,person,3211.22,864.31,251.45,580.6
795,1439,person,2625.02,1465.53,423.66,485.77
796,1248,person,1319.13,1166.08,322.88,923.19
796,1250,person,3607.95,1081.95,309.82,849.53
796,1259,person,3440.87,1251.03,404.48,572.42
796,1265,person,1916.7,1192.74,255.9,845.76
796,1254,person,1526.75,1003.46,303.83,993.6
796,1571,person,2340.82,1126.15,278.35,744.62
796,1616,person,3211.89,865.46,252.13,582.05
796,1439,person,2623.32,1465.29,426.45,492.01
796,1613,person,2641.84,1167.23,466.18,997.34
797,1248,person,1316.26,1164.79,323.8,921.62
797,1250,person,3602.27,1089.78,314.13,860.95
797,1259,person,3441.48,1255.59,407.77,568.5
797,1265,person,1915.85,1191.94,255.58,844.61
797,1254,person,1526.99,1001.72,303.37,989.37
797,1571,person,2333.19,1125.14,280.74,736.0
797,1616,person,3211.22,865.7,253.51,584.74
797,1439,person,2615.78,1461.19,428.3,500.04
797,1654,person,3750.25,826.27,167.95,340.31
797,1613,person,2614.88,1180.44,471.11,1020.89
798,1248,person,1311.67,1165.12,325.9,924.64
798,1250,person,3599.49,1094.11,318.05,867.5
798,1259,person,3429.65,1257.43,405.09,561.92
798,1265,person,1916.4,1192.24,255.41,843.85
798,1254,person,1526.62,999.89,302.97,985.86
798,1571,person,2322.28,1103.6,267.25,680.11
798,1616,person,3210.38,866.47,254.36,586.49
798,1439,person,2611.88,1459.1,425.98,502.97
798,1654,person,3752.16,826.02,167.7,339.89
798,1613,person,2581.17,1176.11,465.22,1000.18
799,1248,person,1307.94,1163.62,327.28,926.79
799,1250,person,3598.46,1096.09,321.08,871.01
799,1259,person,3430.66,1255.21,405.87,555.96
799,1265,person,1914.87,1192.13,256.67,844.99
799,1254,person,1525.14,999.28,303.54,984.9
799,1571,person,2306.54,1111.48,275.63,688.39
799,1616,person,3209.3,867.42,255.93,589.99
799,1654,person,3754.87,826.04,167.39,339.55
799,1613,person,2591.01,1187.75,463.59,1010.05
800,1248,person,1305.49,1161.5,327.24,926.21
800,1250,person,3599.75,1096.16,323.69,871.98
800,1259,person,3425.44,1257.05,405.05,551.93
800,1265,person,1909.1,1186.98,256.1,837.1
800,1254,person,1522.33,997.75,303.58,980.04
800,1571,person,2311.47,1118.2,286.32,693.74
800,1616,person,3208.24,868.16,258.05,593.74
800,1613,person,2593.81,1195.28,463.23,1023.12
801,1248,person,1292.63,1160.73,328.49,928.22
801,1250,person,3592.68,1092.56,323.65,866.2
801,1259,person,3422.98,1256.51,404.02,544.63
801,1265,person,1909.79,1186.39,257.42,840.83
801,1254,person,1519.73,1000.54,306.72,987.25
801,1571,person,2292.01,1130.38,294.93,702.14
801,1616,person,3205.46,864.95,255.76,587.3
801,1613,person,2561.78,1142.08,407.0,899.14
801,1439,person,2607.55,1463.27,416.89,493.15
801,1654,person,3754.63,829.2,170.74,350.68
802,1248,person,1278.87,1152.46,329.52,929.85
802,1250,person,3579.54,1080.35,320.01,855.37
802,1259,person,3413.45,1249.16,405.89,538.67
802,1265,person,1899.88,1179.4,255.75,838.28
802,1254,person,1505.72,993.21,307.13,987.18
802,1571,person,2271.5,1150.4,316.71,746.71
802,1616,person,3197.89,880.93,271.61,628.99
802,1613,person,2517.16,1134.56,397.92,886.07
802,1439,person,2596.01,1452.79,399.33,475.04
802,1654,person,3746.94,818.78,168.38,341.76
803,1248,person,1272.67,1146.55,330.16,929.63
803,1250,person,3575.38,1070.49,320.76,857.38
803,1259,person,3409.91,1242.63,410.33,535.79
803,1265,person,1896.32,1174.5,256.72,844.29
803,1254,person,1502.65,982.87,306.19,982.11
803,1571,person,2245.37,1140.37,310.0,728.59
803,1616,person,3195.31,888.83,281.69,661.02
803,1613,person,2496.97,1113.8,382.95,860.21
803,1439,person,2599.93,1447.77,392.81,468.12
803,1654,person,3745.21,807.45,168.53,341.12
803,1656,person,2750.12,1170.55,206.59,629.07
803,1576,person,324.43,1374.31,365.1,378.85
804,1248,person,1270.22,1141.0,333.67,935.71
804,1250,person,3574.42,1067.03,321.4,859.73
804,1259,person,3394.97,1242.31,412.21,533.54
804,1265,person,1889.91,1172.34,256.38,845.84
804,1254,person,1497.47,976.64,305.34,975.53
804,1571,person,2217.7,1140.98,306.96,720.02
804,1616,person,3191.86,880.92,278.4,656.51
804,1613,person,2491.3,1107.21,374.23,857.07
804,1439,person,2596.5,1443.75,385.78,460.11
804,1654,person,3741.63,803.12,171.89,348.5
804,1656,person,2742.79,1169.66,207.41,630.05
805,1248,person,1267.6,1138.44,335.77,936.86
805,1250,person,3570.7,1061.82,320.88,856.53
805,1259,person,3390.73,1241.78,415.14,531.95
805,1265,person,1883.42,1167.67,255.82,841.41
805,1254,person,1495.21,971.9,306.56,976.45
805,1571,person,2207.98,1146.78,306.05,706.47
805,1616,person,3187.05,866.77,267.31,631.26
805,1613,person,2479.24,1103.49,366.06,854.94
805,1439,person,2586.04,1421.87,348.2,406.02
805,1654,person,3737.45,802.59,171.91,350.35
806,1248,person,1268.15,1137.76,339.05,939.46
806,1250,person,3567.65,1060.81,323.09,861.35
806,1259,person,3378.44,1245.2,414.43,529.08
806,1265,person,1882.07,1167.77,256.68,845.26
806,1254,person,1494.33,970.29,309.16,983.15
806,1571,person,2208.88,1169.87,325.2,739.24
806,1616,person,3183.62,864.17,265.45,629.45
806,1613,person,2452.57,1104.95,363.92,862.43
806,1439,person,2579.71,1430.57,360.68,419.26
806,1576,car,319.84,1397.39,335.53,323.39
806,1656,person,2707.7,1153.25,192.75,576.7
807,1248,person,1266.05,1135.0,341.03,939.72
807,1250,person,3559.28,1060.55,323.91,861.62
807,1259,person,3369.14,1243.73,415.18,527.13
807,1265,person,1872.23,1165.4,257.68,843.4
807,1254,person,1488.95,968.54,309.9,981.6
807,1571,person,2184.21,1177.94,324.98,736.87
807,1616,person,3179.2,850.52,255.99,605.43
807,1613,person,2426.22,1099.81,361.27,864.1
807,1439,person,2578.34,1420.64,351.25,402.1
807,1654,person,3729.1,802.75,168.12,344.79
808,1248,person,1264.32,1133.35,342.95,939.85
808,1250,person,3559.75,1059.34,325.52,864.32
808,1259,person,3367.07,1245.07,421.3,532.4
808,1265,person,1867.67,1167.95,260.51,851.96
808,1254,person,1485.52,970.29,311.58,985.83
808,1571,person,2161.46,1188.75,319.96,723.42
808,1616,person,3177.01,842.94,253.2,596.24
808,1613,person,2409.58,1095.46,360.77,874.28
808,1439,person,2578.65,1425.88,362.43,410.11
809,1248,person,1261.9,1131.29,343.98,939.47
809,1250,person,3561.47,1058.88,328.36,864.78
809,1259,person,3360.8,1248.31,419.84,528.82
809,1265,person,1864.31,1162.83,260.29,844.7
809,1254,person,1482.08,966.44,310.48,978.89
809,1571,person,2165.78,1198.34,314.76,703.69
809,1616,person,3173.96,836.79,249.63,585.21
809,1613,person,2401.9,1093.37,357.91,884.53
809,1439,person,2593.3,1434.05,387.99,434.39
809,1656,person,2647.71,1048.25,214.48,621.9
810,1248,person,1258.91,1129.12,345.0,939.55
810,1250,person,3557.9,1057.58,331.47,865.58
810,1259,person,3356.28,1250.29,417.63,524.3
810,1265,person,1856.68,1158.99,260.97,837.62
810,1254,person,1473.3,967.08,314.38,989.03
810,1571,person,2160.78,1206.02,316.36,686.63
810,1616,person,3171.23,835.54,248.35,581.2
810,1613,person,2345.34,1094.48,369.55,900.6
810,1439,person,2601.72,1439.45,406.96,449.41
810,1656,person,2638.62,1030.54,218.72,616.84
811,1248,person,1256.69,1127.7,344.37,937.17
811,1250,person,3559.37,1057.92,335.76,868.43
811,1259,person,3353.01,1252.05,416.67,522.05
811,1265,person,1851.15,1157.46,262.64,834.37
811,1254,person,1471.9,964.89,313.87,988.08
811,1571,person,2168.76,1210.43,310.96,661.29
811,1616,person,3172.2,834.66,246.85,578.65
811,1613,person,2352.26,1090.27,364.61,903.64
811,1439,person,2603.42,1442.37,414.73,451.93
811,1656,person,2624.78,1066.3,197.08,525.8
812,1248,person,1253.25,1126.61,343.62,932.62
812,1250,person,3559.51,1060.85,340.65,874.44
812,1259,person,3350.02,1253.51,414.75,519.22
812,1265,person,1841.43,1151.73,264.27,825.14
812,1254,person,1468.16,965.96,313.87,986.27
812,1571,person,2150.96,1214.48,308.82,639.93
812,1616,person,3163.67,834.23,249.62,582.38
812,1613,person,2336.42,1086.43,366.11,911.03
812,1439,person,2604.78,1446.19,418.44,450.56
812,1656,person,2603.4,1083.66,190.95,467.49
813,1248,person,1250.94,1126.56,344.61,932.12
813,1250,person,3558.56,1061.72,344.83,878.7
813,1259,person,3348.94,1255.13,412.06,515.21
813,1265,person,1830.65,1150.79,270.02,824.89
813,1254,person,1467.35,966.01,314.43,989.04
813,1571,person,2148.41,1214.13,308.56,629.03
813,1616,person,3159.98,834.02,251.71,583.94
813,1613,person,2335.48,1081.91,363.61,915.99
813,1439,person,2607.78,1448.94,421.6,449.18
813,1656,person,2594.97,1087.72,195.49,446.33
814,1248,person,1247.68,1127.82,343.16,929.01
814,1250,person,3556.6,1058.5,346.14,872.61
814,1259,person,3349.12,1256.43,409.66,510.7
814,1265,person,1832.98,1149.78,272.49,824.1
814,1254,person,1463.17,962.13,309.4,970.49
814,1571,person,2137.37,1212.26,305.94,620.4
814,1616,person,3158.46,838.08,254.8,591.44
814,1613,person,2305.15,1081.85,370.44,928.12
814,1439,person,2601.78,1447.42,420.9,442.87
814,1338,person,2582.35,1100.11,225.5,430.32
815,1248,person,1248.52,1126.46,342.39,929.3
815,1250,person,3555.67,1056.09,347.92,870.1
815,1259,person,3348.96,1256.13,406.93,505.26
815,1265,person,1826.86,1148.27,276.69,821.75
815,1254,person,1459.23,962.39,311.08,975.92
815,1571,person,2119.96,1211.35,308.07,621.83
815,1616,person,3151.24,834.45,253.75,586.7
815,1613,person,2288.98,1077.16,376.13,943.04
815,1439,person,2608.15,1449.53,430.18,447.23
815,1338,person,2575.62,1108.87,251.62,429.64
816,1248,person,1246.85,1127.7,342.13,931.82
816,1250,person,3548.55,1055.73,348.7,868.87
816,1259,person,3346.82,1258.93,403.21,498.51
816,1265,person,1828.36,1148.86,279.8,823.64
816,1254,person,1456.16,962.3,310.92,974.42
816,1571,person,2101.26,1210.02,304.58,623.52
816,1616,person,3152.35,837.92,256.76,594.45
816,1613,person,2276.55,1080.23,375.67,942.26
816,1439,person,2612.03,1453.26,438.09,449.98
816,1338,person,2569.23,1139.76,304.49,503.15
817,1248,person,1245.64,1129.63,341.63,934.66
817,1250,person,3546.12,1053.41,349.08,865.29
817,1259,person,3345.89,1261.3,402.67,495.35
817,1265,person,1829.4,1149.79,282.38,824.73
817,1254,person,1452.97,969.46,315.07,988.89
817,1571,person,2087.73,1208.92,303.94,627.22
817,1616,person,3146.94,835.26,255.5,589.24
817,1613,person,2271.85,1079.72,371.22,931.18
817,1439,person,2613.01,1456.15,446.22,453.26
817,1338,person,2563.21,1165.57,330.87,537.9
818,1248,person,1242.48,1129.01,338.87,931.65
818,1250,person,3546.88,1058.09,355.71,877.75
818,1259,person,3340.05,1262.58,400.83,491.62
818,1265,person,1826.71,1150.05,285.6,830.24
818,1254,person,1449.74,966.45,314.08,985.23
818,1571,person,2076.06,1208.6,302.83,634.04
818,1616,person,3140.97,832.98,254.96,586.12
818,1613,person,2270.36,1076.86,368.53,929.84
818,1439,person,2610.64,1457.97,454.47,455.27
818,1338,person,2553.81,1175.8,352.51,566.1
819,1248,person,1240.85,1127.63,337.05,929.84
819,1250,person,3546.05,1059.62,359.36,882.6
819,1259,person,3336.31,1263.66,397.93,486.81
819,1265,person,1832.09,1148.27,285.16,828.69
819,1254,person,1447.75,966.1,313.82,986.48
819,1571,person,2064.48,1209.94,298.56,638.32
819,1616,person,3139.2,831.82,256.18,586.71
819,1613,person,2279.68,1072.51,360.94,923.76
819,1439,person,2610.39,1459.29,461.78,457.31
819,1338,person,2554.09,1154.59,341.63,540.75
820,1248,person,1237.62,1127.94,336.91,930.5
820,1250,person,3543.48,1058.55,361.87,886.5
820,1259,person,3335.09,1264.92,396.58,483.8
820,1265,person,1835.62,1145.23,284.16,825.24
820,1254,person,1446.48,964.67,313.43,986.17
820,1571,person,2060.6,1208.45,293.05,638.09
820,1616,person,3137.02,830.68,256.43,585.84
820,1613,person,2272.37,1073.94,361.02,931.64
820,1439,person,2609.87,1460.19,466.86,456.83
820,1338,person,2557.9,1121.34,353.45,563.23
821,1248,person,1239.07,1126.42,334.78,929.17
821,1250,person,3536.98,1056.15,360.06,884.3
821,1259,person,3332.46,1265.34,394.43,479.77
821,1265,person,1832.13,1147.75,285.48,826.52
821,1254,person,1442.2,967.49,314.92,990.54
821,1571,person,2063.56,1208.12,287.55,635.02
821,1616,person,3132.65,827.45,254.66,579.84
821,1613,person,2262.48,1075.8,360.23,936.42
821,1439,person,2610.35,1458.54,467.7,451.27
821,1338,person,2561.85,1121.17,312.48,487.58
822,1248,person,1238.82,1123.74,333.37,928.34
822,1250,person,3528.95,1052.46,358.29,885.78
822,1259,person,3333.17,1264.52,391.66,474.62
822,1265,person,1825.36,1148.08,288.06,826.72
822,1254,person,1442.53,967.33,315.14,992.27
822,1571,person,2064.61,1201.19,278.01,619.69
822,1616,person,3132.39,828.71,256.19,583.3
822,1613,person,2256.65,1073.53,356.81,934.16
822,1439,person,2617.92,1455.73,473.05,449.85
822,1338,person,2557.43,1138.15,303.3,463.41
823,1248,person,1236.1,1123.52,332.96,928.19
823,1250,person,3518.47,1049.0,354.83,886.78
823,1259,person,3332.01,1264.98,394.7,476.86
823,1265,person,1812.38,1148.4,293.08,828.21
823,1254,person,1442.99,965.81,314.13,990.07
823,1616,person,3131.54,827.75,256.05,582.72
823,1613,person,2250.14,1071.89,353.28,932.5
823,1439,person,2620.39,1454.05,477.2,447.63
823,1338,person,2559.54,1123.58,315.28,480.7
823,1666,person,2067.19,1033.14,249.19,284.26
824,1248,person,1234.74,1121.79,332.66,929.61
824,1250,person,3512.75,1045.87,352.09,889.49
824,1259,person,3329.65,1266.64,385.66,463.45
824,1265,person,1818.04,1145.71,293.47,823.57
824,1254,person,1441.59,966.74,315.28,996.17
824,1616,person,3130.28,824.09,256.65,583.76
824,1613,person,2246.36,1068.84,348.52,930.82
824,1439,person,2621.95,1454.25,484.61,449.11
824,1338,person,2559.94,1111.72,323.86,493.63
824,1571,person,2064.74,1199.09,271.88,609.18
825,1248,person,1234.42,1126.28,337.64,947.29
825,1250,person,3507.85,1043.74,349.32,891.24
825,1259,person,3327.82,1260.57,393.26,471.98
825,1265,person,1827.52,1145.79,293.6,825.31
825,1254,person,1439.9,957.99,311.35,981.98
825,1616,person,3130.23,824.45,258.68,587.85
825,1613,person,2238.52,1073.04,346.39,938.55
825,1439,person,2624.66,1453.15,490.63,449.64
825,1338,person,2559.95,1116.68,317.18,481.13
825,1571,person,2066.76,1201.72,270.7,610.57
826,1248,person,1233.37,1125.17,339.77,955.12
826,1250,person,3504.27,1042.43,345.14,887.75
826,1259,person,3326.33,1256.65,387.95,464.09
826,1265,person,1832.12,1146.12,292.1,825.87
826,1254,person,1438.55,956.05,310.73,980.46
826,1616,person,3129.48,821.02,257.2,583.87
826,1613,person,2235.8,1072.42,339.53,936.27
826,1439,person,2626.18,1450.89,495.98,448.57
826,1338,person,2554.21,1065.43,380.58,589.01
826,1571,person,2069.38,1210.29,271.21,623.14
826,1666,person,2079.49,1038.97,244.96,280.21
827,1248,person,1232.7,1125.54,338.63,954.91
827,1250,person,3499.88,1040.37,343.34,886.23
827,1259,person,3323.8,1255.04,387.89,462.71
827,1265,person,1830.9,1146.6,291.14,829.02
827,1254,person,1438.36,958.16,311.55,985.48
827,1616,person,3128.46,820.93,257.35,583.49
827,1613,person,2235.13,1072.46,332.25,933.01
827,1439,person,2628.17,1450.11,501.09,448.05
827,1338,person,2557.41,1052.95,380.83,599.46
827,1571,person,2067.2,1210.01,262.65,613.45
828,1248,person,1234.44,1123.71,337.11,953.16
828,1250,person,3497.18,1040.18,344.62,890.54
828,1259,person,3322.99,1254.45,387.94,461.68
828,1265,person,1830.47,1147.88,289.97,832.23
828,1254,person,1433.81,955.02,310.09,980.57
828,1616,person,3122.34,818.68,257.42,582.89
828,1613,person,2231.81,1073.74,325.77,930.92
828,1439,person,2628.95,1452.07,508.59,450.88
828,1338,person,2556.29,1058.25,363.94,577.82
828,1571,person,2061.67,1216.37,254.57,603.68
829,1248,person,1234.97,1122.0,336.06,952.8
829,1250,person,3496.42,1039.92,344.83,892.17
829,1259,person,3323.38,1251.83,392.05,466.31
829,1265,person,1831.54,1145.84,288.29,831.76
829,1254,person,1431.7,954.43,310.1,980.19
829,1616,person,3120.85,816.98,257.32,581.84
829,1613,person,2224.19,1075.09,319.71,925.43
829,1439,person,2627.9,1455.64,517.15,454.99
829,1338,person,2555.25,1086.45,328.97,518.81
829,1571,person,2055.9,1219.19,243.18,587.36
830,1248,person,1233.97,1122.04,336.68,958.54
830,1250,person,3497.85,1038.29,344.67,889.64
830,1259,person,3321.66,1248.2,393.78,469.01
830,1265,person,1829.17,1146.8,288.12,832.94
830,1254,person,1429.33,957.07,311.59,987.25
830,1616,person,3118.25,815.1,254.12,577.46
830,1613,person,2219.3,1076.39,316.86,928.12
830,1439,person,2629.87,1455.08,522.55,456.23
830,1338,person,2553.04,1069.31,349.46,556.94
830,1571,person,2051.92,1225.64,231.93,571.51
831,1248,person,1233.96,1120.97,336.94,965.39
831,1250,person,3495.5,1038.02,343.6,886.35
831,1259,person,3320.95,1247.17,396.59,472.24
831,1265,person,1829.24,1146.16,289.27,836.98
831,1254,person,1428.77,956.59,311.0,987.07
831,1616,person,3117.59,813.42,253.19,578.3
831,1613,person,2211.41,1078.33,313.54,925.95
831,1439,person,2630.63,1454.12,523.9,452.88
831,1338,person,2554.12,1084.3,329.88,525.2
831,1571,person,2047.02,1233.84,222.88,564.75
832,1248,person,1232.92,1118.9,336.2,968.35
832,1250,person,3491.67,1038.36,342.89,885.89
832,1259,person,3319.51,1248.01,395.81,470.93
832,1265,person,1826.9,1146.18,289.95,839.06
832,1254,person,1427.97,956.69,310.45,987.14
832,1616,person,3110.43,813.82,253.21,579.52
832,1613,person,2209.33,1078.93,312.17,932.94
832,1439,person,2630.13,1452.9,526.54,450.11
832,1338,person,2549.72,1057.17,365.32,591.74
832,1571,person,2033.47,1243.58,214.67,557.8
833,1248,person,1234.85,1115.71,336.16,973.87
833,1250,person,3489.66,1039.77,342.26,885.29
833,1259,person,3318.54,1248.61,396.12,471.65
833,1265,person,1826.43,1146.35,290.75,838.94
833,1254,person,1427.57,957.85,310.36,988.74
833,1616,person,3109.01,815.15,253.85,582.37
833,1613,person,2202.29,1079.91,311.43,936.49
833,1439,person,2634.97,1452.52,527.85,445.17
833,1338,person,2548.83,1049.12,372.72,612.64
834,1248,person,1230.41,1111.25,336.62,980.77
834,1250,person,3486.37,1038.72,341.44,882.73
834,1259,person,3316.74,1247.88,393.91,469.07
834,1265,person,1824.64,1145.33,290.96,839.63
834,1254,person,1432.98,964.48,311.09,1000.44
834,1616,person,3108.58,815.57,253.53,581.88
834,1613,person,2190.38,1080.41,313.94,944.76
834,1439,person,2635.46,1451.35,532.0,442.77
834,1338,person,2543.24,1044.25,370.1,615.45
835,1248,person,1230.42,1107.49,335.99,985.59
835,1250,person,3485.27,1038.32,341.86,884.28
835,1259,person,3315.51,1247.25,396.23,472.2
835,1265,person,1827.46,1143.96,291.75,838.69
835,1254,person,1434.86,964.09,308.19,999.12
835,1616,person,3109.51,886.22,308.18,727.01
835,1613,person,2179.24,1080.51,314.45,944.14
835,1439,person,2634.07,1450.74,533.29,437.93
835,1338,person,2496.95,1066.13,407.0,670.7
836,1248,person,1226.7,1101.6,332.43,981.76
836,1250,person,3483.35,1038.95,342.62,885.31
836,1259,person,3313.31,1245.79,397.28,473.88
836,1265,person,1827.48,1141.9,290.21,833.77
836,1254,person,1436.53,970.88,309.12,1012.61
836,1616,person,3108.02,844.65,271.83,638.85
836,1613,person,2172.72,1079.02,312.73,938.08
836,1439,person,2629.23,1449.01,535.51,434.27
836,1338,person,2473.96,1077.7,429.74,701.86
837,1248,person,1224.41,1098.21,329.78,982.26
837,1250,person,3472.38,1038.54,341.61,883.54
837,1259,person,3307.79,1241.39,397.79,475.2
837,1265,person,1819.84,1144.14,291.49,838.89
837,1254,person,1434.62,970.42,305.84,1011.61
837,1616,person,3103.52,822.39,254.59,594.4
837,1613,person,2164.06,1076.69,313.26,940.22
837,1439,person,2625.09,1451.82,544.51,437.88
837,1338,person,2457.75,1081.94,441.03,713.7
838,1248,person,1226.42,1096.36,327.02,982.94
838,1250,person,3468.77,1038.13,341.41,882.44
838,1259,person,3306.21,1239.48,398.63,476.82
838,1265,person,1815.21,1144.65,290.15,839.0
838,1254,person,1436.53,968.98,301.32,1007.54
838,1616,person,3103.5,822.5,255.19,594.83
838,1613,person,2154.34,1074.33,313.83,940.31
838,1439,person,2625.05,1451.97,549.93,438.81
838,1338,person,2449.69,1082.21,447.02,716.68
839,1248,person,1222.68,1097.76,324.42,983.87
839,1250,person,3469.93,1037.53,342.12,879.94
839,1259,person,3302.03,1239.96,399.68,478.54
839,1265,person,1812.59,1145.32,289.56,844.17
839,1254,person,1430.6,963.76,296.15,996.84
839,1616,person,3096.89,817.06,250.46,581.91
839,1613,person,2141.03,1072.97,316.46,941.97
839,1439,person,2618.93,1453.61,553.61,438.7
839,1338,person,2445.78,1063.45,434.37,688.2
840,1248,person,1228.53,1095.74,323.68,992.1
840,1250,person,3466.42,1035.38,341.71,877.7
840,1259,person,3302.41,1237.79,398.61,478.26
840,1265,person,1810.33,1145.28,288.34,845.6
840,1254,person,1429.47,963.38,294.86,998.55
840,1616,person,3093.77,811.89,249.48,575.0
840,1613,person,2130.47,1063.13,316.44,931.79
840,1439,person,2617.13,1452.01,554.89,436.17
840,1338,person,2496.69,1068.79,377.84,600.97
841,1248,person,1224.48,1099.74,321.1,994.28
841,1250,person,3460.93,1035.25,341.94,879.09
841,1259,person,3300.7,1238.71,401.67,482.21
841,1265,person,1802.1,1148.74,287.99,850.53
841,1254,person,1426.11,961.88,292.56,993.45
841,1616,person,3088.9,811.47,248.42,569.97
841,1613,person,2123.01,1072.22,324.45,946.83
841,1439,person,2613.07,1456.02,557.97,435.39
842,1248,person,1221.38,1096.08,319.88,997.83
842,1250,person,3461.89,1033.34,342.78,880.34
842,1259,person,3301.44,1236.27,402.13,483.57
842,1265,person,1804.86,1147.07,284.95,849.83
842,1254,person,1424.69,954.66,288.99,981.18
842,1616,person,3087.5,809.02,250.46,570.43
842,1613,person,2118.83,1067.46,325.54,940.56
842,1439,person,2611.23,1452.72,570.58,443.15
842,1675,person,2386.98,1043.26,360.06,657.4
842,1338,person,2513.27,1063.76,354.33,559.69
843,1248,person,1214.8,1097.95,319.58,1001.91
843,1250,person,3458.43,1033.9,341.12,877.42
843,1259,person,3299.53,1237.17,404.73,487.38
843,1265,person,1799.59,1146.39,282.62,847.78
843,1254,person,1419.94,953.21,287.47,977.9
843,1616,person,3086.26,810.56,252.44,572.45
843,1613,person,2113.29,1068.83,329.77,943.16
843,1439,person,2606.84,1457.28,578.84,448.93
843,1675,person,2390.11,1052.49,369.0,673.49
844,1248,person,1217.07,1095.64,315.48,996.01
844,1250,person,3458.58,1032.34,339.42,871.92
844,1259,person,3301.89,1234.23,407.35,490.57
844,1265,person,1797.19,1145.68,282.32,850.73
844,1254,person,1419.27,950.37,285.62,972.89
844,1616,person,3085.27,807.87,252.53,569.35
844,1613,person,2108.81,1065.67,332.26,939.78
844,1439,person,2600.8,1453.34,582.3,451.51
844,1675,person,2388.23,1042.8,364.8,666.33
844,1338,person,2512.11,1033.0,380.65,607.42
845,1248,person,1217.27,1097.15,314.07,997.18
845,1250,person,3456.67,1033.22,339.58,871.57
845,1259,person,3301.06,1234.82,408.03,491.93
845,1265,person,1799.49,1144.5,279.43,848.31
845,1254,person,1417.61,948.99,284.87,970.74
845,1616,person,3084.39,806.55,253.32,567.29
845,1613,person,2104.16,1065.29,335.57,939.34
845,1439,person,2598.2,1453.77,584.73,453.91
845,1675,person,2401.54,1054.1,380.55,691.48
846,1248,person,1219.63,1095.48,310.16,992.47
846,1250,person,3453.21,1032.66,338.74,868.41
846,1259,person,3302.38,1233.51,409.05,493.35
846,1265,person,1792.32,1143.69,279.24,846.96
846,1254,person,1418.02,948.07,284.04,968.58
846,1616,person,3084.79,807.42,254.53,567.87
846,1613,person,2100.33,1062.79,337.14,936.61
846,1439,person,2593.78,1454.77,590.83,460.28
846,1675,person,2396.06,1055.34,385.8,699.91
847,1248,person,1217.92,1094.4,307.52,987.84
847,1250,person,3456.6,1031.79,339.54,868.16
847,1259,person,3303.49,1233.48,408.44,492.6
847,1265,person,1787.63,1143.96,279.2,845.87
847,1254,person,1421.29,954.12,285.89,979.47
847,1616,person,3084.29,805.76,255.9,567.76
847,1613,person,2100.57,1062.75,339.77,936.65
847,1439,person,2588.28,1450.59,585.04,457.37
847,1675,person,2412.34,1061.82,397.85,716.58
848,1248,person,1218.68,1095.19,302.24,980.61
848,1250,person,3455.72,1034.19,340.84,872.23
848,1259,person,3301.99,1233.89,408.08,492.58
848,1265,person,1785.93,1142.99,277.89,844.4
848,1254,person,1417.51,951.74,284.04,975.08
848,1616,person,3080.96,807.11,256.54,567.75
848,1613,person,2096.73,1061.43,340.64,933.19
848,1439,person,2585.62,1448.64,578.01,454.21
848,1675,person,2394.01,1069.36,402.34,725.38
849,1248,person,1217.53,1094.28,301.56,981.76
849,1250,person,3455.45,1033.84,340.38,867.81
849,1259,person,3300.37,1232.8,408.23,494.52
849,1265,person,1783.98,1142.01,276.77,841.09
849,1254,person,1421.01,954.9,284.85,983.05
849,1616,person,3082.65,806.43,258.39,569.62
849,1613,person,2097.58,1061.47,343.78,938.19
849,1439,person,2582.08,1446.45,574.21,452.7
849,1675,person,2433.78,1048.98,384.87,691.55
850,1248,person,1213.93,1095.01,300.28,982.97
850,1250,person,3451.28,1033.37,339.04,863.36
850,1259,person,3298.33,1233.43,407.97,495.39
850,1265,person,1775.7,1141.17,279.22,844.61
850,1254,person,1420.61,956.39,283.14,983.77
850,1616,person,3080.72,807.23,259.19,569.48
850,1613,person,2095.17,1061.91,343.03,933.9
850,1439,person,2575.92,1448.13,574.84,455.49
850,1675,person,2450.8,1035.78,371.05,665.49
850,1678,person,1288.37,957.28,535.6,1004.87
851,1248,person,1210.78,1095.06,299.07,980.99
851,1250,person,3452.33,1033.75,340.8,864.62
851,1259,person,3297.79,1232.47,406.23,494.82
851,1265,person,1781.26,1140.65,277.92,843.24
851,1254,person,1420.22,960.71,284.09,993.56
851,1616,person,3084.67,807.39,259.88,571.68
851,1613,person,2094.87,1060.88,343.28,934.73
851,1439,person,2575.66,1456.97,591.08,473.09
851,1675,person,2480.8,1025.42,356.42,644.91
851,1678,person,1287.14,961.49,540.99,1015.06
852,1248,person,1207.41,1096.51,299.74,984.56
852,1250,person,3450.98,1034.51,342.61,867.91
852,1259,person,3293.65,1234.18,403.92,493.95
852,1265,person,1782.4,1140.49,276.87,844.54
852,1254,person,1415.32,953.24,280.82,986.02
852,1616,person,3081.2,807.99,260.97,571.54
852,1613,person,2095.86,1062.24,343.0,934.59
852,1439,person,2571.86,1454.65,581.8,468.33
852,1675,person,2477.04,1026.7,355.7,644.59
852,1678,person,1283.48,954.59,535.39,1003.96
853,1248,person,1207.16,1096.83,298.71,982.59
853,1250,person,3448.59,1032.42,343.43,868.38
853,1259,person,3294.15,1232.38,401.92,493.22
853,1265,person,1780.57,1137.74,274.89,840.28
853,1254,person,1415.19,949.32,278.97,983.11
853,1616,person,3083.59,805.82,260.62,571.72
853,1613,person,2095.31,1061.83,343.27,935.65
853,1439,person,2569.4,1448.66,576.97,466.6
853,1675,person,2489.59,1021.47,348.09,637.09
853,1678,person,1281.62,954.59,537.72,1007.64
854,1248,person,1206.78,1098.53,298.62,984.17
854,1250,person,3449.76,1032.17,345.02,871.04
854,1259,person,3294.52,1233.14,405.6,499.89
854,1265,person,1780.89,1139.0,275.42,843.95
854,1254,person,1415.17,947.94,277.07,979.74
854,1616,person,3080.41,806.11,260.14,569.49
854,1613,person,2096.19,1062.88,342.95,935.93
854,1439,person,2588.44,1448.78,579.21,465.99
854,1678,person,1280.28,952.88,537.04,1005.38
855,1248,person,1204.5,1097.05,293.58,961.38
855,1250,person,3448.08,1031.05,345.79,871.36
855,1259,person,3295.42,1233.07,403.72,499.4
855,1265,person,1781.52,1138.3,273.88,841.82
855,1254,person,1418.41,952.33,277.28,985.85
855,1616,person,3080.91,807.48,260.98,571.91
855,1613,person,2097.35,1062.73,342.75,935.88
855,1439,person,2578.26,1443.41,571.49,460.44
855,1678,person,1277.01,952.96,539.19,1008.23
856,1248,person,1209.62,1099.87,290.73,952.02
856,1250,person,3447.3,1031.46,346.31,871.71
856,1259,person,3296.04,1234.29,402.82,499.83
856,1265,person,1781.05,1138.12,273.14,841.58
856,1254,person,1415.9,951.75,277.15,988.33
856,1616,person,3080.38,806.54,260.66,571.17
856,1613,person,2101.03,1061.99,341.56,936.25
856,1439,person,2573.9,1442.28,573.3,463.64
856,1678,person,1277.03,954.94,541.61,1011.72
856,1675,person,2482.17,1023.11,349.29,642.06
857,1248,person,1206.44,1101.83,296.85,974.27
857,1250,person,3445.87,1031.35,346.65,871.26
857,1259,person,3295.66,1235.52,401.07,498.63
857,1265,person,1778.39,1137.65,272.41,841.04
857,1254,person,1417.99,954.25,275.94,989.45
857,1616,person,3079.91,807.2,260.76,571.69
857,1613,person,2102.14,1064.7,341.88,941.36
857,1439,person,2530.08,1437.22,555.49,460.18
857,1678,person,1274.66,959.64,544.79,1017.29
858,1248,person,1203.1,1101.18,299.31,981.37
858,1250,person,3447.66,1029.61,347.3,871.68
858,1259,person,3300.6,1236.93,400.53,497.11
858,1265,person,1773.85,1137.05,272.92,841.31
858,1254,person,1420.27,955.33,275.22,991.67
858,1616,person,3079.4,807.35,261.37,572.62
858,1613,person,2104.18,1064.35,341.78,945.85
858,1439,person,2542.31,1435.89,551.23,459.43
858,1678,person,1274.74,959.05,546.27,1019.11
859,1248,person,1203.37,1102.64,300.09,984.75
859,1250,person,3446.6,1027.04,346.84,869.11
859,1259,person,3302.97,1238.69,400.34,495.27
859,1265,person,1776.59,1139.7,271.88,843.29
859,1254,person,1415.56,951.22,272.83,985.59
859,1616,person,3078.89,806.85,260.95,570.14
859,1613,person,2105.49,1065.48,340.05,944.83
859,1439,person,2546.71,1434.8,544.89,455.61
859,1678,person,1272.65,959.08,544.19,1014.09
859,1675,person,2487.26,1083.62,275.06,495.49
860,1248,person,1194.66,1100.28,303.87,989.15
860,1250,person,3449.04,1027.13,349.12,872.68
860,1259,person,3302.04,1238.13,397.83,491.38
860,1265,person,1772.36,1137.49,271.51,839.46
860,1254,person,1419.34,952.55,271.79,986.5
860,1616,person,3079.1,809.13,265.54,581.14
860,1613,person,2106.06,1062.94,338.75,944.11
860,1439,person,2529.75,1433.03,540.71,459.21
860,1678,person,1271.83,960.65,547.73,1020.59
861,1248,person,1188.35,1100.63,307.59,990.32
861,1250,person,3448.25,1028.33,351.2,878.16
861,1259,person,3300.47,1240.74,397.07,489.27
861,1265,person,1773.29,1139.95,271.84,842.75
861,1254,person,1419.64,955.36,270.91,989.31
861,1616,person,3078.39,808.4,262.85,574.32
861,1613,person,2105.34,1060.6,336.12,939.21
861,1439,person,2542.54,1433.31,536.4,457.34
861,1678,person,1270.94,960.25,546.66,1018.86
862,1248,person,1187.65,1098.95,312.18,994.25
862,1250,person,3449.33,1027.67,352.11,880.67
862,1259,person,3298.9,1240.56,394.72,485.37
862,1265,person,1772.96,1137.54,270.45,838.04
862,1254,person,1419.74,952.68,268.66,985.58
862,1616,person,3079.05,805.69,260.83,569.05
862,1613,person,2109.48,1056.77,334.44,939.18
862,1439,person,2541.98,1430.13,533.37,459.79
862,1678,person,1269.72,957.5,544.89,1015.13
863,1248,person,1187.48,1097.66,314.96,993.87
863,1250,person,3452.13,1026.31,351.86,877.91
863,1259,person,3298.72,1242.51,396.62,486.57
863,1265,person,1771.84,1138.31,271.49,840.94
863,1254,person,1420.42,955.65,268.54,991.54
863,1616,person,3078.63,807.12,261.49,570.14
863,1613,person,2110.87,1058.76,334.05,943.6
863,1439,person,2539.68,1431.24,531.72,462.85
863,1678,person,1268.62,957.99,545.76,1016.72
864,1248,person,1186.02,1097.83,318.64,995.14
864,1250,person,3455.99,1025.71,352.95,882.23
864,1259,person,3297.5,1242.56,396.49,485.24
864,1265,person,1774.32,1136.78,269.49,836.14
864,1254,person,1420.04,953.47,266.4,987.7
864,1616,person,3077.62,806.12,260.9,568.37
864,1613,person,2113.27,1057.76,331.0,941.63
864,1439,person,2529.72,1426.24,527.46,466.7
865,1248,person,1188.48,1098.89,319.89,992.91
865,1250,person,3455.26,1024.06,349.12,875.83
865,1259,person,3297.83,1243.71,396.58,483.89
865,1265,person,1775.46,1138.92,270.1,838.91
865,1254,person,1419.97,954.48,265.69,989.58
865,1616,person,3077.03,806.86,261.79,570.36
865,1613,person,2113.2,1056.56,328.07,938.35
865,1439,person,2526.47,1424.42,520.08,465.79
865,1678,person,1268.28,948.75,536.91,998.1
866,1248,person,1192.2,1100.11,319.88,990.02
866,1250,person,3460.75,1018.17,340.8,861.22
866,1259,person,3297.09,1243.49,396.3,482.13
866,1265,person,1777.56,1138.29,269.14,837.01
866,1254,person,1419.66,954.34,264.48,988.79
866,1616,person,3076.81,805.91,261.29,568.74
866,1613,person,2113.15,1058.73,327.69,942.1
866,1439,person,2517.0,1422.12,511.02,464.75
866,1678,person,1267.89,944.88,534.32,990.46
867,1248,person,1189.04,1099.58,322.57,991.43
867,1250,person,3468.35,1013.77,335.73,856.3
867,1259,person,3296.18,1243.61,397.26,482.3
867,1265,person,1774.88,1138.44,270.45,838.61
867,1254,person,1419.11,955.55,264.6,992.6
867,1616,person,3076.68,807.15,265.07,578.33
867,1613,person,2112.35,1058.84,326.74,944.25
867,1439,person,2519.06,1420.34,508.88,467.42
867,1678,person,1267.24,950.13,540.35,1000.7
868,1248,person,1194.83,1100.17,321.89,988.7
868,1250,person,3473.15,1012.57,330.84,852.1
868,1259,person,3295.51,1244.25,398.78,483.38
868,1265,person,1772.99,1138.84,270.8,838.78
868,1254,person,1417.74,954.08,263.05,988.45
868,1616,person,3076.51,805.48,262.39,571.36
868,1613,person,2112.01,1058.74,324.04,941.52
868,1439,person,2517.21,1417.76,506.88,470.52
868,1678,person,1266.63,948.77,540.14,997.86
869,1248,person,1189.09,1098.68,325.8,991.5
869,1250,person,3475.28,1018.55,332.54,867.34
869,1259,person,3294.24,1243.36,398.59,482.6
869,1265,person,1764.47,1137.39,272.74,835.92
869,1254,person,1418.49,956.22,263.44,993.76
869,1616,person,3076.7,803.98,263.07,572.48
869,1613,person,2113.27,1058.12,322.62,944.58
869,1439,person,2506.55,1416.98,497.27,468.14
870,1248,person,1207.21,1100.22,320.41,985.83
870,1250,person,3477.47,1024.96,331.64,874.84
870,1259,person,3295.46,1245.68,400.98,485.22
870,1265,person,1761.05,1139.74,275.84,839.15
870,1254,person,1414.92,955.84,262.73,991.18
870,1616,person,3076.27,803.81,261.73,570.31
870,1613,person,2112.69,1057.33,319.38,939.99
870,1439,person,2502.58,1416.56,493.8,473.35
870,1678,person,1273.03,951.77,541.16,1001.44
871,1248,person,1212.37,1099.99,318.2,985.82
871,1250,person,3483.67,1028.76,330.48,877.98
871,1259,person,3296.7,1245.06,397.72,480.14
871,1265,person,1762.52,1137.41,276.04,833.23
871,1254,person,1414.79,956.13,262.72,992.34
871,1616,person,3076.82,802.22,260.2,566.59
871,1613,person,2121.37,1057.31,314.92,941.01
871,1439,person,2489.69,1414.32,481.92,472.69
871,1696,person,2392.1,1109.36,416.9,723.08
871,1678,person,1271.57,954.25,543.62,1006.39
872,1248,person,1213.18,1100.89,316.21,985.25
872,1250,person,3486.19,1027.24,328.12,873.7
872,1259,person,3297.11,1247.73,398.88,480.99
872,1265,person,1750.2,1140.26,280.99,834.76
872,1254,person,1413.93,954.6,261.57,988.66
872,1616,person,3076.55,802.95,260.58,567.0
872,1613,person,2119.4,1054.19,307.08,933.48
872,1439,person,2487.1,1415.53,475.78,476.41
872,1678,person,1272.36,954.01,542.8,1005.92
873,1248,person,1214.46,1101.42,313.85,984.43
873,1250,person,3491.98,1022.61,325.94,867.17
873,1259,person,3296.1,1247.26,397.77,478.89
873,1265,person,1754.76,1138.51,282.36,833.17
873,1254,person,1414.09,954.22,260.97,986.64
873,1616,person,3077.42,803.02,260.9,567.54
873,1613,person,2121.72,1056.42,303.07,937.18
873,1439,person,2486.24,1411.63,464.22,472.61
873,1678,person,1271.69,954.26,543.28,1006.72
874,1248,person,1213.79,1101.12,312.41,983.97
874,1250,person,3493.38,1027.8,329.03,878.94
874,1259,person,3295.83,1248.55,398.95,479.96
874,1265,person,1757.63,1141.42,285.04,838.68
874,1254,person,1414.42,954.54,261.21,987.93
874,1616,person,3078.35,803.29,260.66,567.04
874,1613,person,2122.37,1053.63,295.58,930.29
874,1439,person,2486.01,1412.19,457.82,473.88
874,1678,person,1271.58,957.33,546.45,1013.68
875,1248,person,1211.75,1100.86,311.64,983.87
875,1250,person,3493.58,1029.53,327.52,879.94
875,1259,person,3294.29,1249.21,397.98,478.66
875,1265,person,1763.53,1140.58,283.93,835.57
875,1254,person,1414.5,953.09,261.04,986.99
875,1616,person,3078.24,802.64,260.15,566.17
875,1613,person,2122.21,1054.88,291.4,931.86
875,1439,person,2487.58,1411.14,452.04,474.91
875,1678,person,1270.83,956.48,546.15,1013.27
875,1699,person,2495.46,1123.2,292.43,397.66
876,1248,person,1210.78,1100.32,310.8,983.66
876,1250,person,3496.49,1031.34,327.78,884.45
876,1259,person,3293.2,1249.7,398.5,479.79
876,1265,person,1767.64,1140.52,283.23,835.17
876,1254,person,1415.81,953.58,261.08,987.83
876,1616,person,3078.34,801.61,260.02,565.31
876,1613,person,2122.03,1053.45,286.76,931.91
876,1439,person,2486.41,1409.74,446.83,476.28
876,1678,person,1271.34,956.73,545.89,1013.33
877,1248,person,1210.69,1099.3,309.71,982.26
877,1250,person,3505.79,1031.25,328.11,885.91
877,1259,person,3291.91,1249.91,397.24,478.52
877,1265,person,1766.21,1142.28,284.19,837.29
877,1254,person,1415.37,953.68,260.97,987.17
877,1616,person,3076.91,800.44,259.19,562.83
877,1613,person,2121.31,1053.44,282.58,930.49
877,1439,person,2486.0,1410.23,442.67,478.39
877,1678,person,1272.19,959.3,547.03,1016.46
877,1696,person,2379.83,1068.36,413.15,723.92
877,1699,person,2493.56,1120.48,293.28,398.71
878,1248,person,1216.42,1099.84,307.52,982.07
878,1250,person,3514.99,1028.57,327.37,885.74
878,1259,person,3292.42,1248.88,392.37,471.67
878,1265,person,1765.56,1140.27,284.27,835.34
878,1254,person,1415.69,955.17,261.67,991.0
878,1616,person,3078.77,798.74,260.61,565.36
878,1613,person,2123.4,1055.57,281.08,936.41
878,1439,person,2481.59,1411.49,437.83,480.16
878,1678,person,1270.84,957.44,545.39,1013.81
878,1696,person,2382.19,1061.51,405.81,717.19
878,1699,person,2495.84,1121.51,289.69,393.32
879,1248,person,1214.93,1099.64,306.12,980.06
879,1250,person,3509.97,1029.43,324.71,884.52
879,1259,person,3292.67,1248.76,395.16,475.09
879,1265,person,1764.82,1142.17,286.28,840.09
879,1254,person,1415.67,957.58,262.28,994.06
879,1616,person,3079.52,796.08,258.95,561.56
879,1613,person,2122.68,1055.93,277.06,933.27
879,1439,person,2479.64,1414.94,437.5,484.9
879,1678,person,1273.97,959.08,545.32,1015.2
880,1248,person,1215.92,1099.74,306.17,982.69
880,1250,person,3517.68,1030.39,324.38,887.87
880,1259,person,3293.6,1249.3,392.79,470.99
880,1265,person,1764.22,1138.62,285.31,834.2
880,1254,person,1417.32,957.47,261.81,993.47
880,1616,person,3081.82,795.79,260.24,562.43
880,1613,person,2124.92,1056.93,277.78,940.14
880,1439,person,2485.78,1329.25,566.61,650.64
880,1678,person,1272.75,956.57,543.98,1012.68
880,1696,person,2383.13,1065.87,402.45,718.07
881,1248,person,1219.49,1101.43,303.65,979.6
881,1250,person,3523.72,1035.45,324.99,895.65
881,1259,person,3294.82,1250.39,396.66,475.07
881,1265,person,1766.59,1138.57,285.01,833.49
881,1254,person,1415.91,957.54,261.04,990.5
881,1616,person,3063.31,797.71,267.19,565.46
881,1613,person,2119.17,1055.47,274.18,934.05
881,1439,person,2489.44,1298.77,597.53,706.57
882,1248,person,1218.85,1102.22,304.09,984.23
882,1250,person,3529.32,1034.57,322.83,895.04
882,1259,person,3297.23,1248.75,394.48,470.52
882,1265,person,1764.64,1136.14,285.09,831.17
882,1254,person,1416.45,955.16,259.75,985.92
882,1616,person,3044.01,795.63,275.1,562.12
882,1613,person,2120.96,1056.49,272.74,938.08
882,1439,person,2477.53,1277.66,609.29,745.0
882,1678,person,1273.42,954.97,540.74,1007.06
882,1696,person,2387.16,1074.53,406.62,732.0
883,1248,person,1215.69,1101.35,302.76,979.6
883,1250,person,3532.13,1035.19,319.91,892.61
883,1259,person,3297.44,1248.06,394.84,469.3
883,1265,person,1765.2,1137.9,285.57,833.69
883,1254,person,1415.78,955.83,259.88,986.27
883,1616,person,3029.83,795.8,285.21,561.42
883,1613,person,2121.03,1056.83,269.35,936.47
883,1696,person,2392.63,1080.59,405.81,733.49
884,1248,person,1218.07,1101.73,301.72,979.55
884,1250,person,3533.37,1031.79,313.91,883.88
884,1259,person,3298.89,1246.66,396.89,469.82
884,1265,person,1766.72,1137.58,284.98,833.72
884,1254,person,1413.85,950.72,257.91,978.38
884,1616,person,3028.4,792.89,292.17,558.3
884,1613,person,2120.48,1058.61,268.22,939.97
884,1696,person,2393.08,1078.67,405.6,737.03
884,1702,person,2466.34,1420.6,373.41,469.97
884,1678,person,1274.85,954.21,538.92,1004.3
885,1248,person,1218.62,1102.23,301.38,980.86
885,1250,person,3535.56,1028.56,311.41,883.45
885,1259,person,3298.78,1247.09,397.81,469.43
885,1265,person,1765.57,1137.31,284.86,833.63
885,1254,person,1413.25,950.44,257.74,978.1
885,1616,person,3044.67,793.11,294.5,555.87
885,1613,person,2118.95,1058.36,266.32,938.18
885,1696,person,2404.47,1074.59,392.13,705.68
885,1702,person,2470.44,1419.51,371.21,466.99
885,1678,person,1273.5,955.87,540.4,1007.27
886,1248,person,1214.94,1102.87,302.47,983.0
886,1250,person,3541.82,1028.94,309.38,885.81
886,1259,person,3297.44,1247.21,399.55,471.04
886,1265,person,1763.37,1137.17,285.2,834.29
886,1254,person,1415.65,954.61,258.91,983.58
886,1616,person,3010.5,794.27,311.43,561.46
886,1613,person,2119.95,1058.09,263.8,935.9
886,1696,person,2405.17,1076.82,378.84,675.16
886,1702,person,2471.93,1419.14,369.96,464.98
887,1248,person,1213.24,1102.63,303.37,983.58
887,1250,person,3547.19,1030.09,306.48,885.8
887,1259,person,3296.81,1248.0,399.2,470.03
887,1265,person,1764.44,1136.73,284.87,834.8
887,1254,person,1417.64,955.84,258.73,984.4
887,1616,person,2993.74,793.94,324.89,559.99
887,1613,person,2120.96,1058.73,262.3,937.16
887,1696,person,2403.44,1072.06,391.71,697.64
887,1702,person,2470.29,1417.55,367.97,462.0
887,1678,person,1272.07,957.19,541.88,1010.01
888,1248,person,1216.67,1103.52,302.05,981.54
888,1250,person,3554.39,1030.59,302.41,885.53
888,1259,person,3297.35,1249.05,398.58,468.49
888,1265,person,1765.3,1138.16,284.44,836.06
888,1254,person,1416.56,956.35,258.11,983.46
888,1616,person,2984.81,795.37,338.99,561.71
888,1613,person,2121.75,1059.49,260.52,937.69
888,1696,person,2399.95,1080.03,405.54,726.31
888,1702,person,2469.83,1415.94,366.45,459.41
889,1248,person,1213.69,1104.14,304.12,985.55
889,1250,person,3563.97,1034.83,301.29,892.72
889,1259,person,3296.8,1247.36,399.96,469.91
889,1265,person,1768.24,1137.96,282.9,835.65
889,1254,person,1412.19,949.23,255.29,974.05
889,1616,person,2977.08,794.24,352.41,560.94
889,1613,person,2124.75,1059.59,258.75,938.61
889,1696,person,2397.17,1071.18,402.31,721.93
889,1702,person,2469.86,1415.57,367.97,460.45
889,1678,person,1268.76,951.61,536.84,1000.52
890,1248,person,1209.46,1103.89,297.19,955.33
890,1250,person,3570.01,1035.56,298.56,891.42
890,1259,person,3296.74,1249.92,403.53,474.7
890,1265,person,1771.15,1138.77,280.91,836.12
890,1254,person,1409.24,945.59,253.81,967.02
890,1616,person,2971.24,794.84,364.31,560.47
890,1613,person,2120.91,1060.03,257.41,940.02
890,1696,person,2402.62,1078.53,413.0,744.03
890,1702,person,2472.91,1415.67,370.16,461.47
891,1248,person,1206.91,1102.72,297.22,946.31
891,1250,person,3572.92,1035.67,295.62,890.38
891,1259,person,3296.16,1249.31,407.59,480.62
891,1265,person,1770.28,1138.68,279.52,835.88
891,1254,person,1407.59,944.57,253.41,966.49
891,1616,person,2969.5,793.79,378.29,564.23
891,1613,person,2123.03,1060.83,256.64,941.97
891,1696,person,2398.4,1067.53,401.91,726.97
891,1702,person,2470.82,1417.39,373.53,464.9
892,1248,person,1197.63,1104.64,308.16,971.46
892,1250,person,3571.77,1035.92,292.56,890.51
892,1259,person,3294.25,1248.73,408.63,482.85
892,1265,person,1766.05,1136.28,278.34,831.44
892,1254,person,1409.08,952.9,257.05,980.69
892,1616,person,2968.96,792.73,389.0,565.02
892,1613,person,2119.54,1060.88,255.73,941.92
892,1696,person,2403.47,1057.94,393.42,709.49
892,1702,person,2473.81,1416.92,374.76,463.96
893,1248,person,1202.55,1103.23,302.99,948.15
893,1250,person,3568.61,1032.08,287.01,883.07
893,1259,person,3295.81,1244.93,404.87,478.49
893,1265,person,1768.68,1137.74,277.43,832.28
893,1254,person,1406.85,947.05,254.27,971.34
893,1616,person,2970.08,791.83,397.36,564.35
893,1613,person,2121.23,1059.48,254.54,940.1
893,1696,person,2406.01,1051.96,388.08,697.76
893,1702,person,2471.27,1416.71,376.92,464.87
894,1248,person,1204.0,1102.52,302.37,941.63
894,1250,person,3565.97,1029.76,283.1,880.91
894,1259,person,3295.52,1245.18,405.63,480.37
894,1265,person,1766.97,1135.04,276.59,828.82
894,1254,person,1402.98,948.33,254.04,974.18
894,1616,person,2974.31,791.14,403.82,564.1
894,1613,person,2120.86,1056.28,252.05,934.97
894,1696,person,2405.46,1050.89,387.9,696.12
894,1702,person,2470.46,1417.61,378.36,465.08
895,1248,person,1209.84,1103.32,301.43,939.36
895,1250,person,3564.41,1019.64,275.44,862.39
895,1259,person,3294.76,1244.88,404.89,480.63
895,1265,person,1771.15,1132.83,274.0,824.02
895,1254,person,1403.56,947.11,252.63,971.79
895,1616,person,2975.58,791.21,410.29,564.75
895,1613,person,2120.47,1055.64,249.84,932.05
895,1696,person,2410.77,1054.6,393.8,704.16
895,1702,person,2470.51,1417.62,380.21,464.99
896,1248,person,1219.16,1105.94,306.94,966.79
896,1250,person,3565.09,1009.6,268.27,841.99
896,1259,person,3293.51,1246.0,406.46,484.3
896,1265,person,1778.67,1133.9,272.56,826.42
896,1254,person,1403.16,944.85,251.43,969.41
896,1616,person,2971.52,793.89,420.11,569.97
896,1613,person,2121.2,1054.22,247.68,929.19
896,1696,person,2408.36,1052.09,389.96,695.26
896,1702,person,2475.31,1416.93,383.12,465.65
897,1248,person,1223.45,1108.94,304.58,968.75
897,1250,person,3565.81,1002.37,262.89,828.31
897,1259,person,3294.2,1244.49,404.15,482.29
897,1265,person,1783.97,1133.53,271.43,825.59
897,1254,person,1400.11,937.36,247.21,954.09
897,1616,person,2967.46,788.23,417.59,556.14
897,1613,person,2121.79,1054.23,246.6,929.18
897,1696,person,2419.74,1041.54,382.67,672.98
897,1702,person,2476.08,1416.54,383.99,463.88
898,1248,person,1227.34,1113.04,295.11,945.49
898,1250,person,3567.68,999.44,258.91,820.24
898,1259,person,3293.56,1242.75,400.88,479.18
898,1265,person,1788.2,1131.7,271.66,821.63
898,1254,person,1395.81,821.92,195.73,722.73
898,1616,person,2986.77,789.86,420.56,559.82
898,1613,person,2125.47,1053.02,245.68,926.14
898,1696,person,2434.73,1026.24,371.1,645.28
898,1702,person,2480.51,1411.56,376.72,451.35
