Frame,Tracking_ID,Class,X_Center,Y_Center,Width,Height
0,1,bus,200.25,2699.64,392.97,620.39
0,2,car,1671.25,2526.79,338.4,228.38
0,3,car,2067.46,2589.38,185.08,205.95
0,4,car,1556.63,2340.18,248.86,149.43
0,5,truck,1276.55,2527.6,271.91,307.15
0,6,motorcycle,1847.73,2822.33,125.51,128.72
0,7,car,254.43,3631.42,503.5,412.75
0,8,person,440.45,2170.15,47.18,107.63
0,9,car,1820.49,2024.4,106.53,65.98
0,10,bus,256.04,3632.24,497.57,412.79
0,11,car,714.46,2012.77,106.17,109.77
0,12,car,978.88,2092.85,124.12,115.27
0,13,car,383.77,1921.06,82.37,81.0
0,14,car,843.78,2000.66,117.69,116.07
0,15,car,1242.14,1942.64,96.83,68.82
0,16,person,879.48,2161.15,76.97,153.51
0,17,motorcycle,1834.98,2780.68,146.83,195.74
0,18,person,356.85,2155.98,60.03,124.29
0,19,truck,1283.63,2271.52,135.81,140.21
0,20,motorcycle,2047.52,3123.53,224.95,258.23
1,1,bus,209.75,2696.1,390.71,616.05
1,2,car,1656.87,2514.73,330.88,223.29
1,3,car,2063.92,2589.44,192.15,219.62
1,4,car,1549.16,2341.47,264.4,159.08
1,5,truck,1271.51,2523.59,271.72,306.98
1,6,motorcycle,1834.74,2814.1,118.51,121.41
1,7,car,253.19,3631.39,503.55,412.79
1,8,person,439.84,2172.07,46.4,105.78
1,9,car,1821.24,2023.91,104.42,64.67
1,10,bus,255.63,3632.2,497.76,412.95
1,11,car,714.77,2019.59,100.52,103.94
1,12,car,971.97,2090.8,122.8,113.93
1,13,car,381.96,1919.96,86.11,84.68
1,14,car,837.08,1998.65,115.26,113.47
1,15,car,1244.06,1943.77,102.19,72.63
1,17,motorcycle,1824.46,2774.14,141.96,189.07
1,18,person,357.32,2154.09,62.15,128.68
1,20,motorcycle,2023.27,3118.1,191.43,219.23
2,1,bus,220.29,2693.28,386.57,607.19
2,2,car,1640.43,2503.88,337.63,228.14
2,3,car,2056.94,2584.54,198.55,220.74
2,4,car,1539.4,2337.55,255.99,154.17
2,5,truck,1260.72,2514.2,269.32,304.22
2,7,car,251.19,3631.27,502.38,412.97
2,8,person,435.87,2165.59,47.28,107.44
2,9,car,1821.28,2022.89,105.57,65.42
2,12,car,971.74,2087.49,130.4,121.17
2,13,car,379.65,1918.32,87.4,85.91
2,15,car,1246.62,1946.66,103.5,73.65
2,20,motorcycle,1998.9,3087.84,205.32,234.63
2,19,car,1271.96,2250.92,136.11,140.8
3,1,bus,229.73,2685.83,398.26,622.17
3,2,car,1632.01,2496.96,335.27,226.64
3,3,car,2044.71,2576.97,202.16,223.29
3,4,car,1529.92,2334.49,252.06,152.23
3,5,truck,1248.35,2504.0,264.71,298.97
3,7,car,250.51,3631.04,501.03,413.49
3,8,person,431.82,2147.1,61.21,139.82
3,9,car,1817.95,2022.02,106.34,65.85
3,12,car,969.78,2085.26,132.78,123.7
3,13,car,374.42,1919.53,82.02,80.35
3,15,car,1245.6,1947.63,104.88,74.72
3,20,motorcycle,1963.4,3067.66,195.8,223.5
3,19,car,1265.67,2246.68,134.8,139.67
3,17,motorcycle,1792.86,2759.3,130.61,173.85
4,1,bus,239.79,2685.58,404.97,627.64
4,2,car,1613.83,2489.79,323.65,218.73
4,3,car,2039.01,2562.04,216.31,237.85
4,4,car,1521.05,2324.49,248.34,150.56
4,5,truck,1239.35,2493.59,256.36,289.27
4,7,car,249.99,3631.19,499.98,413.27
4,8,person,430.58,2147.36,60.04,137.43
4,9,car,1814.31,2022.45,106.44,65.84
4,13,car,372.72,1919.65,78.97,77.12
4,15,car,1248.31,1944.28,99.11,70.27
4,20,motorcycle,1943.02,3056.61,177.42,201.24
4,14,car,827.85,1990.92,113.01,110.24
5,1,bus,248.25,2679.85,412.02,631.51
5,2,car,1601.07,2479.01,316.06,213.47
5,3,car,2030.22,2550.29,213.61,231.59
5,4,car,1512.35,2318.94,241.94,146.82
5,5,truck,1230.37,2482.49,260.2,293.13
5,7,car,249.87,3631.18,499.75,413.26
5,8,person,430.09,2151.97,55.77,126.75
5,9,car,1811.32,2024.47,108.27,66.79
5,13,car,371.48,1919.59,80.69,78.52
5,15,car,1248.08,1940.93,94.48,66.46
5,20,motorcycle,1914.4,3019.2,191.26,217.91
5,38,motorcycle,1719.04,2722.04,234.01,190.2
5,12,car,967.52,2086.14,125.12,116.63
5,19,car,1250.89,2232.44,126.5,131.43
5,17,motorcycle,1760.88,2736.58,118.27,157.46
6,1,bus,257.66,2672.24,419.73,634.53
6,2,car,1587.74,2472.02,311.02,210.31
6,3,car,2022.56,2539.83,210.75,223.7
6,4,car,1500.29,2315.2,248.07,151.55
6,5,truck,1223.48,2474.06,256.9,288.78
6,7,car,249.21,3630.72,498.42,414.2
6,8,person,428.59,2155.84,52.94,119.8
6,9,car,1809.77,2025.35,111.24,68.55
6,13,car,371.75,1919.27,80.13,77.78
6,15,car,1253.79,1944.56,96.13,67.33
6,20,motorcycle,1891.4,3005.58,178.49,202.39
6,43,bus,250.83,3631.8,487.44,413.41
6,45,car,1459.37,2034.13,119.49,71.93
6,12,car,964.34,2085.11,122.37,114.38
6,19,car,1241.25,2225.56,119.05,123.36
6,17,motorcycle,1730.75,2730.53,122.26,159.77
7,1,bus,266.48,2667.57,431.62,642.64
7,2,car,1572.87,2464.46,317.51,215.09
7,3,car,2016.28,2532.26,209.53,216.42
7,4,car,1493.0,2311.29,248.12,152.45
7,5,truck,1210.39,2467.64,252.62,282.73
7,8,person,425.38,2155.24,54.2,121.67
7,9,car,1808.51,2023.51,111.44,68.48
7,13,car,371.89,1918.52,80.73,78.54
7,15,car,1251.48,1943.76,95.78,66.47
7,20,motorcycle,1867.06,2978.3,182.62,207.75
7,45,car,1464.95,2036.69,116.52,70.09
7,19,car,1232.68,2221.96,123.04,128.31
7,14,car,825.1,1997.29,99.82,95.31
8,1,bus,273.7,2663.97,443.79,650.24
8,2,car,1560.77,2458.69,316.54,215.5
8,3,car,2006.97,2525.57,210.48,209.56
8,4,car,1483.61,2305.67,239.81,147.63
8,5,truck,1196.88,2457.36,248.09,275.99
8,8,person,423.38,2152.82,55.14,123.02
8,9,car,1806.4,2022.0,113.4,69.52
8,13,car,371.02,1917.17,80.91,79.12
8,20,motorcycle,1847.99,2956.97,188.38,215.02
8,45,car,1468.05,2037.58,120.6,72.51
8,19,car,1223.43,2218.0,121.75,127.11
8,56,car,2064.26,2904.22,186.62,243.32
8,61,car,1199.52,2459.17,255.15,272.25
8,7,car,249.06,3629.88,498.13,415.87
8,17,motorcycle,1691.82,2720.95,100.91,125.27
9,1,bus,281.73,2660.01,455.55,655.43
9,2,car,1549.14,2448.69,305.98,208.26
9,3,car,2002.75,2515.14,217.64,209.34
9,4,car,1473.29,2299.28,230.82,142.16
9,5,truck,1188.46,2451.08,245.37,271.67
9,8,person,420.62,2134.96,69.6,157.94
9,9,car,1805.92,2022.04,114.9,70.3
9,13,car,371.02,1917.99,80.16,78.65
9,20,motorcycle,1823.98,2926.63,201.82,234.26
9,45,car,1476.21,2037.14,121.12,73.03
9,19,car,1216.97,2215.1,119.02,124.31
9,56,car,2056.23,2895.62,193.92,252.41
9,7,car,249.52,3629.9,499.04,416.75
9,17,motorcycle,1684.31,2711.44,102.21,123.15
9,12,car,952.74,2077.77,116.39,109.15
10,1,bus,291.9,2651.99,466.7,657.82
10,2,car,1537.78,2435.65,294.07,200.01
10,3,car,1994.38,2505.21,228.08,211.17
10,4,car,1461.83,2293.84,226.21,139.52
10,5,truck,1179.68,2446.49,246.07,270.7
10,8,person,418.39,2123.85,80.59,186.78
10,9,car,1806.28,2021.85,115.02,70.19
10,13,car,370.99,1919.71,82.24,80.78
10,20,motorcycle,1799.07,2916.04,183.86,214.41
10,45,car,1485.78,2042.22,124.35,75.03
10,19,car,1212.52,2211.89,116.59,121.81
10,56,car,2042.25,2901.34,227.27,295.63
10,7,truck,250.65,3629.89,501.3,417.29
10,12,car,948.33,2078.84,113.65,106.49
11,1,bus,298.62,2648.17,474.11,653.73
11,2,car,1525.44,2432.56,295.62,201.46
11,3,car,1989.69,2499.59,235.59,209.82
11,4,car,1454.46,2287.92,216.48,132.83
11,5,truck,1171.82,2441.66,242.82,264.53
11,9,car,1804.68,2021.25,111.78,67.86
11,13,car,370.81,1915.17,81.06,79.93
11,20,motorcycle,1776.78,2896.06,186.24,220.37
11,45,car,1492.34,2042.71,119.24,71.83
11,19,car,1206.28,2206.63,126.89,134.03
11,56,car,2032.72,2888.79,231.92,300.14
11,7,car,248.82,3629.44,497.64,417.38
11,12,car,945.47,2076.64,109.13,101.98
12,1,bus,305.21,2643.59,489.8,661.5
12,2,car,1513.48,2422.18,300.58,206.01
12,3,car,1977.39,2488.56,244.8,209.9
12,4,car,1446.78,2284.89,229.48,141.35
12,5,truck,1162.35,2431.14,245.65,265.45
12,9,car,1802.2,2020.55,112.79,67.8
12,13,car,368.81,1913.96,84.7,84.1
12,20,motorcycle,1757.78,2881.63,176.38,208.74
12,45,car,1498.06,2044.2,113.75,68.26
12,19,car,1198.66,2202.4,123.93,131.82
12,56,car,2022.45,2870.39,237.43,304.57
12,7,car,247.29,3629.68,494.59,416.63
12,12,car,944.65,2072.02,111.63,104.25
12,78,motorcycle,1653.4,2652.54,110.57,158.64
12,6,person,1766.56,2805.8,139.31,148.1
13,1,bus,312.77,2640.56,506.53,670.97
13,2,car,1503.03,2413.77,296.96,204.2
13,3,car,1962.55,2480.67,254.12,209.29
13,4,car,1439.79,2283.31,232.49,143.89
13,5,truck,1150.77,2425.86,244.08,262.25
13,9,car,1798.7,2020.08,111.49,66.35
13,13,car,365.88,1916.75,86.03,85.5
13,20,motorcycle,1735.63,2850.05,195.76,236.79
13,45,car,1502.18,2043.47,108.08,64.45
13,19,car,1191.32,2196.16,122.07,130.42
13,56,car,2013.56,2851.38,246.32,312.51
13,7,car,247.46,3629.79,494.93,416.91
13,82,car,686.75,2000.56,96.0,93.85
14,1,bus,319.3,2636.39,521.37,677.72
14,2,car,1489.45,2409.23,292.81,202.18
14,3,car,1944.26,2472.54,258.41,207.23
14,4,car,1429.9,2279.57,229.52,142.9
14,5,truck,1143.63,2415.56,238.68,253.79
14,9,car,1797.04,2019.01,111.75,65.95
14,13,car,364.03,1916.68,86.54,85.73
14,20,motorcycle,1720.14,2835.87,160.31,192.49
14,45,car,1505.98,2044.12,111.3,65.67
14,19,car,1185.25,2192.64,115.88,124.08
14,56,car,2004.54,2840.14,246.4,306.73
14,7,car,247.16,3629.49,494.33,417.57
14,88,person,300.74,2143.49,49.09,128.65
15,1,bus,325.57,2630.12,532.7,679.26
15,2,car,1480.33,2402.86,288.82,200.43
15,3,car,1925.45,2464.6,260.76,204.0
15,4,car,1422.28,2272.95,218.71,136.29
15,5,truck,1134.31,2406.71,237.83,250.36
15,9,car,1798.52,2016.89,117.3,69.24
15,13,car,361.78,1915.98,83.59,81.92
15,20,motorcycle,1700.27,2825.76,164.26,198.97
15,19,car,1179.72,2188.93,117.05,125.83
15,56,car,1995.16,2826.0,244.52,296.11
15,7,car,246.05,3629.38,492.1,417.81
15,82,car,681.95,1995.78,93.47,90.68
16,1,bus,331.84,2623.34,545.67,683.12
16,2,car,1468.25,2394.19,288.89,201.49
16,3,car,1910.99,2457.39,262.77,201.31
16,4,car,1415.74,2268.44,214.1,132.97
16,5,truck,1121.54,2400.76,233.42,243.22
16,9,car,1799.12,2019.13,115.69,68.28
16,13,car,358.16,1917.07,87.23,85.44
16,20,motorcycle,1684.13,2812.97,163.59,199.85
16,19,car,1174.0,2182.15,116.83,126.05
16,56,car,1986.68,2813.63,246.3,288.51
16,7,car,244.85,3629.71,489.69,417.01
16,12,car,931.3,2067.32,105.04,97.56
16,88,person,296.81,2141.66,49.55,129.97
17,1,bus,336.66,2619.23,560.82,690.08
17,2,car,1458.92,2387.04,287.08,201.32
17,3,car,1894.57,2444.49,266.06,199.8
17,4,car,1407.94,2266.65,221.41,138.29
17,5,truck,1114.79,2394.63,235.19,242.65
17,9,car,1799.74,2021.17,113.58,66.93
17,13,car,357.16,1916.95,86.0,84.16
17,20,motorcycle,1671.86,2794.11,160.56,195.47
17,19,car,1168.28,2177.18,117.02,127.04
17,56,car,1979.55,2801.01,248.6,280.2
17,7,car,244.63,3629.57,489.26,417.34
18,1,bus,340.88,2615.58,573.35,692.75
18,2,car,1449.89,2381.72,277.51,194.6
18,3,car,1877.81,2436.61,268.64,198.99
18,4,car,1400.26,2260.8,213.14,133.47
18,5,truck,1101.61,2388.18,237.76,243.76
18,9,car,1803.43,2021.03,109.2,64.89
18,13,car,356.63,1913.78,81.04,78.47
18,20,motorcycle,1654.41,2771.28,180.75,222.81
18,56,car,1970.97,2786.79,253.22,273.05
18,7,car,243.66,3629.19,487.33,417.88
18,98,bus,243.27,3630.21,474.52,416.58
18,12,car,924.14,2063.31,111.06,100.94
19,1,bus,346.92,2612.68,585.66,695.93
19,2,car,1436.08,2373.67,285.16,201.37
19,3,car,1864.14,2426.01,270.89,197.94
19,4,car,1396.67,2257.03,204.78,127.1
19,5,truck,1097.61,2377.91,239.01,242.12
19,9,car,1801.73,2018.32,113.28,67.34
19,13,car,355.81,1913.14,80.07,76.88
19,20,motorcycle,1631.78,2761.71,172.77,215.32
19,56,car,1962.94,2774.18,261.38,269.09
19,7,bus,242.41,3629.79,484.82,417.13
19,98,car,240.53,3629.19,476.05,418.12
19,12,car,924.1,2063.64,101.52,90.98
20,1,bus,350.88,2612.44,596.33,696.69
20,2,car,1426.89,2373.44,270.93,191.11
20,3,car,1848.02,2419.85,271.63,196.49
20,4,car,1388.12,2246.55,177.02,107.23
20,5,truck,1087.44,2370.95,235.12,236.16
20,9,car,1798.57,2017.91,112.58,66.81
20,13,car,352.45,1915.47,82.07,78.39
20,20,motorcycle,1613.03,2749.4,161.35,202.59
20,56,car,1954.61,2761.92,272.48,267.57
20,7,bus,241.87,3629.68,483.75,417.56
20,98,car,240.01,3628.49,477.43,419.65
20,108,motorcycle,2102.62,3101.3,88.13,191.37
20,88,person,291.33,2140.14,49.61,129.65
21,1,bus,355.87,2611.01,610.21,701.52
21,2,car,1419.39,2362.28,274.54,195.02
21,3,car,1833.18,2415.49,271.52,193.98
21,4,car,1378.0,2243.29,172.95,102.97
21,5,truck,1080.18,2367.36,232.94,231.2
21,9,car,1798.41,2018.99,109.5,65.09
21,13,car,353.25,1913.43,80.02,75.84
21,20,motorcycle,1592.25,2730.23,156.8,201.07
21,56,car,1943.74,2748.04,282.58,265.74
21,7,truck,242.53,3627.69,485.06,420.62
21,98,car,239.21,3627.42,478.43,421.42
21,108,motorcycle,2094.86,3092.73,88.38,189.99
21,109,person,393.4,2155.27,67.01,209.87
21,88,person,293.82,2140.83,51.1,132.7
21,19,car,1139.29,2160.54,110.31,119.89
21,12,car,915.64,2056.94,108.94,96.18
22,1,bus,360.16,2609.49,622.99,705.67
22,2,car,1409.46,2359.88,262.53,185.94
22,3,car,1822.42,2408.06,272.33,192.48
22,5,truck,1072.73,2363.69,235.85,232.22
22,9,car,1798.05,2019.16,105.23,62.69
22,13,car,352.05,1911.4,80.35,75.3
22,20,motorcycle,1575.96,2716.98,154.42,200.49
22,56,car,1926.02,2737.98,294.29,267.27
22,109,person,393.82,2156.86,60.48,189.17
22,88,person,294.47,2142.21,50.41,130.28
22,19,car,1132.32,2154.22,113.62,124.33
23,1,bus,364.58,2606.79,633.29,706.79
23,2,car,1394.51,2339.25,253.54,179.9
23,3,car,1807.35,2402.25,266.95,186.37
23,5,truck,1063.72,2357.81,239.66,234.44
23,9,car,1788.63,2016.49,112.51,66.67
23,13,car,352.02,1910.6,81.61,76.31
23,20,motorcycle,1559.6,2700.9,153.4,201.37
23,56,car,1905.06,2726.19,298.33,261.81
23,19,car,1127.52,2150.31,113.47,124.65
23,118,car,2089.75,2698.04,135.44,207.91
23,120,car,1569.9,2086.67,124.65,107.33
23,7,car,240.99,3626.85,481.97,422.71
24,1,bus,367.54,2606.26,642.0,706.73
24,2,car,1388.45,2338.67,253.95,180.52
24,3,car,1798.44,2397.55,268.62,185.66
24,5,truck,1059.65,2353.77,240.11,233.01
24,9,car,1784.55,2014.84,118.33,70.02
24,20,motorcycle,1549.23,2691.31,153.38,205.02
24,56,car,1891.56,2718.28,302.19,257.29
24,19,car,1124.11,2146.17,115.5,127.82
24,118,car,2086.65,2692.92,134.01,205.25
24,120,car,1571.01,2091.41,126.11,108.26
24,123,car,2113.82,3483.34,82.07,220.45
24,125,car,1437.68,2381.61,183.76,126.37
24,7,truck,239.65,3626.39,479.31,423.92
24,109,person,395.25,2168.6,54.6,170.34
24,88,person,295.32,2139.82,48.46,122.59
25,1,bus,372.12,2604.46,655.58,712.83
25,3,car,1788.33,2389.73,277.75,191.09
25,5,truck,1054.1,2347.33,239.0,229.8
25,9,car,1785.19,2015.86,119.44,70.87
25,20,motorcycle,1533.3,2676.73,145.51,195.67
25,56,car,1878.27,2706.34,304.76,252.79
25,19,car,1120.57,2143.98,109.62,121.19
25,118,car,2071.57,2687.97,141.45,214.81
25,120,car,1581.8,2090.36,128.83,110.39
25,123,car,2102.61,3456.12,112.4,301.93
25,125,car,1414.64,2365.91,207.72,142.94
25,7,car,240.44,3626.36,480.88,424.1
25,109,person,394.21,2161.28,45.6,140.62
25,88,person,291.22,2139.5,49.25,122.57
25,12,car,901.15,2052.73,101.08,86.71
25,13,car,350.11,1911.99,90.17,85.37
26,1,bus,376.21,2603.55,666.4,716.2
26,3,car,1775.93,2383.6,286.35,197.93
26,5,car,1046.62,2340.07,233.77,221.95
26,9,car,1788.79,2017.02,116.85,69.69
26,20,motorcycle,1515.37,2654.68,129.28,175.35
26,56,car,1861.74,2695.18,307.32,248.43
26,19,car,1117.55,2136.33,109.29,120.98
26,118,car,2061.25,2689.87,157.51,237.03
26,120,car,1599.52,2101.81,112.76,96.07
26,123,person,2089.99,3401.95,105.9,279.56
26,7,car,237.86,3626.06,475.73,424.73
26,109,person,393.39,2159.36,42.59,129.39
26,88,person,289.4,2138.52,50.01,123.23
26,13,car,350.15,1911.99,89.39,85.03
26,2,car,1374.88,2333.23,259.95,185.7
27,1,bus,380.72,2602.1,676.63,718.72
27,3,car,1758.52,2379.9,274.44,188.89
27,5,car,1038.28,2331.51,228.64,214.0
27,9,car,1780.34,2014.31,117.65,69.89
27,20,motorcycle,1502.95,2647.71,136.19,187.91
27,56,car,1845.16,2685.36,313.07,246.99
27,19,car,1113.45,2137.01,102.73,113.24
27,118,car,2052.75,2679.75,166.81,247.64
27,120,car,1607.55,2106.25,114.26,97.09
27,123,person,2076.65,3364.9,101.43,259.58
27,7,car,236.88,3625.46,473.75,424.99
27,109,person,392.38,2171.84,50.48,153.23
27,88,person,285.38,2135.57,49.15,121.86
27,141,bus,1225.67,1888.38,142.41,130.63
27,2,car,1363.35,2307.53,315.7,231.98
28,1,bus,383.76,2602.16,690.74,726.59
28,3,car,1745.45,2371.81,264.76,181.48
28,5,car,1032.77,2325.66,228.1,210.67
28,9,car,1777.42,2012.79,121.58,71.83
28,20,motorcycle,1489.08,2635.16,131.94,185.0
28,56,car,1825.46,2674.09,319.11,247.67
28,19,car,1106.84,2128.67,107.81,119.61
28,118,car,2045.74,2667.29,173.52,253.04
28,120,car,1610.7,2106.99,116.38,97.97
28,123,person,2057.59,3334.97,103.33,254.36
28,7,car,237.43,3625.21,474.87,425.16
28,109,person,392.44,2166.62,47.61,142.87
28,88,person,285.51,2134.55,50.44,124.88
28,2,car,1351.63,2295.85,321.23,242.42
28,12,car,890.92,2038.99,115.35,99.7
29,1,bus,387.51,2600.87,702.73,732.36
29,3,car,1734.1,2363.97,259.35,176.64
29,9,car,1775.99,2012.24,125.45,73.91
29,20,motorcycle,1475.56,2625.45,128.76,181.76
29,56,car,1811.24,2663.86,315.4,240.71
29,19,car,1101.46,2126.5,106.39,118.79
29,118,car,2039.98,2656.63,175.28,249.37
29,120,car,1615.66,2108.88,122.25,101.42
29,123,person,2034.65,3310.8,104.0,244.47
29,7,car,237.41,3625.3,474.83,425.88
29,109,person,392.01,2165.86,47.27,140.96
29,88,person,282.34,2133.06,50.34,125.69
29,2,car,1344.03,2288.49,314.25,242.46
30,1,bus,390.42,2597.24,713.37,736.59
30,3,car,1721.69,2356.56,259.61,176.48
30,9,car,1778.36,2013.73,124.03,72.88
30,20,motorcycle,1464.68,2616.86,133.01,191.39
30,56,car,1794.86,2652.25,321.32,242.27
30,19,car,1092.34,2116.1,113.54,127.88
30,118,car,2029.07,2649.13,182.55,251.41
30,120,car,1618.08,2111.21,126.58,103.13
30,123,person,2009.53,3285.2,105.13,237.09
30,7,car,236.16,3624.48,472.32,426.91
30,109,person,392.86,2155.85,39.83,116.74
30,88,person,278.56,2131.53,49.79,122.99
30,157,motorcycle,1940.2,2961.12,214.14,208.2
30,125,car,1343.09,2314.22,296.02,206.49
30,5,car,1016.45,2317.29,227.28,206.39
30,12,car,890.58,2042.08,101.96,87.87
31,1,bus,395.29,2594.52,717.81,733.58
31,3,car,1710.32,2351.7,261.69,177.86
31,20,motorcycle,1451.24,2608.3,129.39,188.59
31,56,car,1779.88,2641.79,324.69,241.38
31,19,car,1080.7,2105.97,120.95,136.92
31,118,car,2022.73,2642.5,190.14,253.16
31,120,car,1630.44,2113.32,137.92,112.01
31,123,person,1983.67,3264.88,106.56,230.89
31,7,car,234.27,3624.44,468.53,426.81
31,109,person,391.35,2150.24,36.79,104.77
31,88,person,279.72,2130.17,51.22,123.95
31,157,motorcycle,1921.29,2938.54,221.6,216.24
31,125,car,1333.95,2307.82,303.12,214.02
31,5,car,1006.31,2312.43,230.8,206.81
32,1,bus,398.81,2589.96,727.76,737.23
32,3,car,1696.58,2345.05,257.67,174.58
32,20,motorcycle,1433.26,2592.54,129.1,189.19
32,56,car,1766.87,2632.55,325.27,239.27
32,19,car,1077.53,2103.98,116.26,132.1
32,118,car,2014.15,2628.6,192.04,244.14
32,123,person,1958.33,3242.79,109.15,226.62
32,7,car,232.61,3624.72,465.22,426.15
32,109,person,390.07,2150.18,36.31,101.66
32,88,person,277.17,2131.78,49.81,121.22
32,157,motorcycle,1898.82,2927.08,194.51,190.4
32,125,car,1326.14,2305.98,293.08,209.01
32,5,truck,997.65,2306.46,233.51,206.87
32,13,car,336.72,1910.09,84.61,79.64
32,12,car,885.9,2037.6,106.5,92.08
33,1,bus,400.59,2583.89,737.45,740.58
33,3,car,1685.76,2339.91,253.72,171.14
33,20,motorcycle,1421.53,2582.98,128.51,190.15
33,56,car,1752.26,2619.33,317.64,230.75
33,19,car,1076.0,2107.54,106.6,120.63
33,118,car,2006.56,2612.52,190.54,228.55
33,123,person,1934.76,3222.75,110.56,221.21
33,7,car,232.89,3624.75,465.78,426.11
33,109,person,389.41,2151.57,38.25,105.14
33,88,person,275.5,2130.52,50.78,124.03
33,157,motorcycle,1881.11,2914.05,206.56,204.22
33,125,car,1317.4,2306.11,270.92,194.07
33,5,truck,990.62,2298.35,231.66,202.85
33,13,car,335.05,1910.5,86.06,80.39
33,12,car,880.77,2033.29,112.15,97.12
33,9,car,1769.58,2016.92,122.74,71.9
33,120,car,1651.25,2123.14,140.14,112.51
34,1,bus,402.98,2579.85,747.69,745.14
34,3,car,1673.56,2334.04,250.59,168.72
34,20,motorcycle,1411.86,2576.75,127.94,191.34
34,56,car,1737.95,2608.18,312.72,224.86
34,19,car,1071.65,2103.43,109.64,124.28
34,118,car,1999.74,2600.29,196.58,222.45
34,123,person,1911.09,3200.41,111.77,215.09
34,7,car,232.17,3624.41,464.34,426.81
34,109,person,389.11,2150.7,39.81,108.68
34,157,motorcycle,1857.35,2898.43,209.61,209.08
34,125,car,1310.53,2292.0,289.26,211.08
34,9,car,1766.76,2017.42,123.65,72.3
34,120,car,1661.86,2126.53,142.99,113.25
34,141,bus,1231.4,1885.56,145.62,132.26
35,1,bus,405.66,2576.64,759.12,751.81
35,3,car,1665.18,2329.56,247.54,166.3
35,20,motorcycle,1401.43,2568.83,123.42,186.59
35,56,car,1725.5,2600.24,313.08,222.88
35,19,car,1071.6,2102.09,106.47,121.19
35,118,car,1990.85,2591.82,212.29,227.7
35,123,person,1886.42,3185.93,116.41,217.91
35,7,car,230.81,3624.22,461.62,427.26
35,109,person,389.15,2149.56,40.26,109.11
35,157,motorcycle,1836.88,2877.96,215.87,217.73
35,125,car,1294.28,2266.36,287.41,214.54
35,120,car,1669.71,2131.88,141.42,110.11
35,172,car,669.42,1976.93,92.65,84.89
35,141,bus,1232.79,1886.47,153.13,137.85
35,88,person,274.87,2128.79,50.77,122.86
35,5,truck,981.45,2288.4,233.02,200.96
36,1,bus,407.94,2575.61,771.17,759.77
36,3,car,1652.41,2320.09,250.33,168.34
36,20,motorcycle,1393.52,2560.68,117.51,178.47
36,56,car,1712.33,2593.64,312.76,220.97
36,19,car,1063.28,2097.83,114.01,129.82
36,118,car,1978.85,2583.72,224.82,228.44
36,123,person,1869.62,3168.2,120.47,218.43
36,7,car,229.72,3624.28,459.44,427.16
36,109,person,388.93,2147.65,39.4,106.01
36,157,motorcycle,1816.77,2861.02,211.81,216.64
36,120,car,1682.43,2135.58,141.01,108.26
36,172,car,666.19,1975.75,92.43,84.85
36,88,person,276.96,2128.72,51.2,121.12
36,5,truck,975.94,2284.12,231.35,196.67
37,1,bus,411.87,2572.16,780.2,764.65
37,3,car,1642.8,2314.86,253.87,171.29
37,20,motorcycle,1381.9,2550.23,110.91,166.77
37,56,car,1700.72,2588.29,313.83,220.39
37,19,car,1053.25,2089.38,121.05,137.33
37,118,car,1960.44,2572.88,229.76,221.9
37,123,person,1848.76,3147.76,120.44,212.44
37,7,car,229.03,3624.74,458.06,426.24
37,109,person,388.05,2150.5,41.58,111.38
37,157,motorcycle,1799.87,2849.53,197.18,204.83
37,120,car,1694.69,2133.87,129.58,97.44
37,172,car,664.1,1975.4,91.89,84.64
37,88,person,279.98,2128.24,53.43,122.56
37,5,bus,969.55,2280.38,231.43,194.33
37,179,motorcycle,1396.95,2591.07,93.65,100.4
37,12,car,867.32,2028.36,112.53,96.21
37,9,car,1770.05,2018.47,123.87,72.1
37,125,car,1280.08,2255.34,283.14,215.99
37,141,bus,1242.29,1897.72,139.76,123.47
38,1,bus,417.53,2571.38,781.61,761.11
38,3,car,1633.5,2308.46,253.03,171.23
38,20,motorcycle,1368.01,2534.87,113.01,170.76
38,56,car,1686.66,2580.47,310.01,215.27
38,19,car,1053.85,2089.87,118.55,135.25
38,118,car,1943.78,2563.6,235.97,219.02
38,123,person,1826.34,3128.83,123.92,214.0
38,7,car,228.86,3625.26,455.92,425.18
38,109,person,386.93,2155.38,45.25,120.7
38,157,motorcycle,1781.8,2833.52,191.6,202.1
38,120,car,1707.57,2148.62,156.23,117.79
38,172,car,662.69,1971.44,98.69,90.89
38,88,person,280.75,2127.77,55.38,123.88
38,5,car,964.79,2275.26,232.11,192.12
38,179,motorcycle,1394.56,2586.71,88.84,95.71
38,9,car,1769.72,2019.01,123.32,71.09
38,141,bus,1240.15,1892.44,156.77,137.32
39,1,bus,419.23,2568.43,786.02,760.0
39,3,car,1624.65,2305.24,248.69,168.36
39,20,motorcycle,1358.64,2522.83,114.05,175.04
39,56,car,1674.81,2569.47,308.38,212.38
39,19,car,1045.34,2084.37,115.64,130.12
39,118,car,1926.33,2553.77,242.75,217.76
39,123,person,1806.49,3112.7,124.91,212.03
39,7,car,228.47,3625.57,453.79,424.54
39,109,person,385.78,2158.67,46.38,123.04
39,157,motorcycle,1764.85,2819.0,181.41,193.93
39,120,car,1715.35,2156.64,161.6,121.79
39,88,person,281.18,2126.75,56.64,124.17
39,5,bus,934.42,2272.25,228.34,195.02
39,141,bus,1240.93,1891.63,164.19,143.25
39,12,car,861.97,2030.02,109.49,92.8
40,1,bus,421.82,2567.38,789.35,758.45
40,3,car,1616.17,2300.17,246.88,167.77
40,20,motorcycle,1349.01,2514.26,114.09,177.15
40,56,car,1663.21,2559.37,307.65,210.64
40,19,car,1041.75,2081.04,115.93,129.41
40,118,car,1910.52,2545.48,244.26,212.16
40,123,person,1789.99,3098.15,122.75,205.42
40,7,car,228.07,3625.41,452.64,424.84
40,109,person,384.71,2164.14,49.59,131.63
40,157,motorcycle,1751.95,2805.68,178.19,193.41
40,88,person,280.86,2126.22,57.58,124.31
40,5,bus,946.75,2267.7,227.83,191.61
40,12,car,863.48,2028.08,104.87,88.25
40,172,car,662.4,1968.0,100.09,92.79
41,1,bus,426.59,2566.47,790.62,754.25
41,3,car,1604.51,2292.28,242.42,165.17
41,20,motorcycle,1340.95,2507.29,112.53,177.5
41,56,car,1652.48,2549.8,301.84,204.82
41,19,car,1040.13,2080.06,113.4,125.38
41,118,car,1898.74,2533.76,243.37,205.52
41,123,person,1774.06,3079.38,121.04,198.12
41,7,car,227.64,3625.01,451.98,425.62
41,109,person,384.3,2164.96,48.94,129.27
41,157,motorcycle,1734.33,2788.88,180.5,198.7
41,88,person,278.9,2126.06,58.7,125.56
41,12,car,862.84,2024.14,107.42,88.3
41,197,motorcycle,1790.93,3232.03,188.87,181.59
41,198,car,1250.04,2191.89,189.56,121.96
41,172,car,659.48,1968.41,98.87,91.79
41,120,car,1739.82,2164.95,167.01,126.02
42,1,bus,429.37,2561.97,792.04,749.89
42,3,car,1598.82,2290.28,239.61,161.99
42,20,motorcycle,1327.23,2488.45,111.46,176.47
42,56,car,1644.22,2542.07,292.82,197.07
42,19,car,1041.17,2081.76,108.21,119.66
42,118,car,1883.39,2524.45,245.83,201.7
42,123,person,1756.85,3062.87,118.12,190.15
42,7,car,227.51,3625.12,450.44,425.41
42,109,person,385.05,2161.06,45.02,118.11
42,157,motorcycle,1719.92,2780.28,172.6,192.94
42,88,person,277.38,2126.11,58.62,124.85
42,12,car,859.25,2023.98,109.98,90.09
42,197,motorcycle,1789.04,3222.18,168.54,162.54
42,172,car,661.32,1968.32,98.06,91.06
42,120,car,1752.12,2172.46,178.51,135.34
43,1,bus,430.98,2555.93,789.22,740.51
43,3,car,1584.42,2286.07,234.85,159.31
43,20,motorcycle,1319.61,2486.8,109.32,174.89
43,56,car,1633.3,2536.0,291.66,194.53
43,19,car,1035.82,2077.85,110.15,120.8
43,118,car,1864.62,2515.43,250.37,200.78
43,123,person,1739.89,3050.32,123.81,197.84
43,7,car,227.24,3624.97,449.48,425.7
43,157,motorcycle,1702.94,2762.23,173.73,198.32
43,12,car,855.72,2024.65,108.28,88.43
43,197,motorcycle,1764.11,3200.17,170.07,164.34
43,172,car,661.3,1968.12,98.94,91.97
43,120,car,1765.37,2177.56,188.71,144.34
44,1,bus,434.53,2551.59,787.37,730.71
44,3,car,1574.35,2278.75,229.1,155.24
44,20,motorcycle,1314.97,2481.79,107.65,174.63
44,56,car,1619.83,2529.35,297.82,198.74
44,19,car,1035.08,2081.14,102.16,110.92
44,118,car,1849.27,2506.62,259.0,205.24
44,123,person,1720.78,3032.4,125.47,198.66
44,7,car,227.34,3624.99,448.33,425.68
44,157,motorcycle,1692.4,2755.94,159.92,185.73
44,12,car,850.55,2028.53,113.55,92.08
44,197,motorcycle,1747.87,3183.02,172.07,166.84
44,172,car,661.7,1967.05,98.07,91.56
44,120,car,1776.36,2178.35,187.47,144.19
44,5,bus,936.97,2243.81,213.4,175.49
45,1,bus,437.6,2544.55,779.75,713.51
45,3,car,1567.77,2272.8,227.11,154.48
45,20,motorcycle,1306.9,2470.98,106.79,175.1
45,56,car,1611.71,2521.87,297.68,197.7
45,19,car,1030.38,2073.5,98.65,105.31
45,118,car,1837.28,2495.77,260.01,202.83
45,123,person,1703.96,3022.82,127.45,199.57
45,7,car,227.78,3625.13,447.12,425.39
45,157,motorcycle,1675.93,2738.91,156.5,183.14
45,12,car,852.16,2023.8,105.43,83.85
45,197,motorcycle,1739.15,3168.15,162.56,159.03
45,172,car,659.82,1965.04,99.0,92.59
45,120,car,1790.28,2182.2,180.01,138.55
45,141,bus,1246.56,1894.1,176.88,153.94
45,109,person,383.66,2153.85,44.06,115.85
46,1,bus,440.23,2535.35,778.5,702.52
46,3,car,1562.09,2269.34,220.51,149.85
46,20,motorcycle,1301.38,2467.75,100.06,165.34
46,56,car,1600.4,2514.96,301.54,199.94
46,19,car,1028.39,2068.06,102.25,108.43
46,118,car,1823.96,2484.27,259.61,199.35
46,123,person,1690.79,3006.16,124.3,192.79
46,7,car,228.06,3625.21,446.25,425.28
46,157,motorcycle,1669.26,2723.13,155.7,182.56
46,12,car,856.48,2021.63,105.28,83.94
46,197,motorcycle,1713.72,3151.62,160.63,156.97
46,172,car,658.48,1962.93,96.41,89.61
46,120,car,1801.08,2184.51,178.38,136.06
46,109,person,383.72,2154.29,43.77,114.91
47,1,bus,442.62,2528.33,780.14,694.12
47,3,car,1552.73,2265.77,218.15,147.99
47,20,motorcycle,1294.18,2460.18,96.21,159.63
47,56,car,1592.23,2502.98,294.32,194.58
47,19,car,1025.84,2066.4,105.3,111.29
47,118,car,1808.2,2477.14,263.67,200.46
47,123,person,1675.64,2991.51,125.01,193.92
47,7,car,228.33,3625.06,445.89,425.63
47,157,motorcycle,1658.67,2709.28,155.47,183.04
47,197,motorcycle,1695.17,3134.9,166.11,163.72
47,172,car,659.59,1961.2,92.62,85.5
47,120,car,1815.05,2187.15,176.66,133.8
47,109,person,383.96,2158.37,45.9,120.72
48,1,bus,446.59,2524.01,786.03,689.46
48,3,car,1541.38,2263.04,215.28,145.74
48,20,motorcycle,1285.28,2447.98,96.87,162.5
48,56,car,1585.22,2502.58,305.17,202.27
48,19,car,1025.3,2065.53,100.52,105.14
48,118,car,1795.99,2470.02,262.97,198.5
48,123,person,1664.5,2979.58,123.4,191.61
48,7,car,227.66,3625.06,445.04,425.66
48,157,motorcycle,1650.28,2699.43,153.22,180.03
48,197,motorcycle,1686.9,3121.78,150.88,149.85
48,120,car,1828.18,2191.08,176.27,132.63
48,109,person,383.9,2159.99,47.91,125.48
48,5,truck,923.48,2223.96,203.62,162.77
49,1,bus,452.91,2517.64,790.95,682.98
49,3,car,1531.97,2255.85,219.31,148.94
49,20,motorcycle,1279.31,2438.83,98.62,168.44
49,56,car,1573.03,2499.67,313.42,208.98
49,19,car,1027.65,2076.22,86.22,88.02
49,118,car,1785.49,2463.01,263.28,197.87
49,123,person,1651.12,2969.29,126.76,196.42
49,7,car,227.91,3624.56,445.25,426.66
49,157,motorcycle,1631.25,2690.93,149.21,177.17
49,197,motorcycle,1682.0,3105.93,145.88,147.53
49,120,car,1843.61,2200.28,183.52,136.9
49,109,person,384.54,2152.29,44.32,114.48
49,12,car,846.84,2022.0,99.9,77.47
50,1,bus,454.36,2510.05,788.4,670.15
50,3,car,1524.96,2251.04,221.23,150.71
50,20,motorcycle,1274.05,2433.29,95.03,164.39
50,56,car,1567.1,2492.33,309.49,206.04
50,19,car,1027.69,2064.95,97.35,99.5
50,118,car,1770.44,2457.54,254.01,189.51
50,123,person,1636.56,2951.72,124.18,191.85
50,7,car,228.94,3624.71,445.02,426.94
50,157,motorcycle,1620.05,2680.83,143.17,171.57
50,197,motorcycle,1661.77,3089.32,156.22,159.46
50,120,car,1863.37,2209.79,182.83,135.33
50,233,car,1469.79,2041.42,126.08,72.56
50,12,car,845.99,2023.09,103.42,78.78
50,5,car,916.99,2211.79,207.21,161.37
51,1,bus,455.7,2505.57,780.08,651.35
51,3,car,1517.99,2247.17,216.66,147.19
51,20,motorcycle,1266.1,2426.07,93.84,164.01
51,56,car,1557.36,2483.51,296.89,198.24
51,19,car,1028.34,2069.61,90.32,91.39
51,118,car,1758.68,2448.5,253.8,188.0
51,123,person,1623.79,2939.68,121.81,187.26
51,7,car,230.16,3623.2,447.14,429.57
51,157,motorcycle,1607.79,2666.58,133.72,161.49
51,197,motorcycle,1651.63,3073.17,142.61,147.31
51,120,car,1879.89,2207.8,180.52,132.37
51,12,car,841.78,2028.98,123.46,95.64
52,1,bus,459.35,2494.88,787.37,647.04
52,3,car,1510.46,2242.82,212.61,144.37
52,20,motorcycle,1259.99,2418.05,93.15,164.22
52,56,car,1548.54,2477.71,290.17,194.57
52,19,car,1018.53,2057.28,107.48,109.72
52,118,car,1748.98,2437.21,256.05,188.46
52,123,person,1610.53,2929.98,118.6,181.59
52,7,car,229.56,3622.35,447.82,431.11
52,157,motorcycle,1599.75,2650.38,130.44,158.29
52,197,motorcycle,1637.31,3060.64,140.83,147.08
52,120,car,1895.14,2213.33,181.25,132.53
52,12,car,843.04,2024.82,120.96,93.18
52,240,car,973.49,2211.26,103.62,149.44
53,1,bus,461.54,2481.13,800.16,649.03
53,3,car,1503.58,2238.08,209.03,142.25
53,20,motorcycle,1256.63,2400.63,95.0,167.23
53,56,car,1540.74,2472.16,290.09,194.87
53,19,car,1018.97,2051.73,111.16,114.12
53,118,car,1739.69,2429.28,247.11,181.7
53,123,person,1600.64,2917.58,116.14,176.21
53,7,car,229.54,3621.38,448.87,432.95
53,157,motorcycle,1592.37,2635.13,138.17,169.31
53,197,motorcycle,1615.99,3042.18,144.82,151.45
53,120,car,1905.43,2201.65,151.77,106.97
53,12,car,841.89,2027.27,120.52,92.44
53,240,car,969.55,2208.95,103.94,149.7
53,247,car,2122.77,3470.91,62.66,247.95
54,1,bus,463.45,2472.89,801.76,641.54
54,3,car,1493.95,2229.45,211.45,145.17
54,20,motorcycle,1245.9,2400.17,92.85,164.15
54,56,car,1531.12,2455.82,266.63,177.25
54,19,car,1014.41,2048.18,108.44,110.89
54,118,car,1725.84,2421.51,248.04,181.89
54,123,person,1590.07,2903.92,118.71,179.88
54,7,car,230.53,3620.82,449.4,434.01
54,157,motorcycle,1586.07,2606.95,156.27,193.63
54,197,motorcycle,1602.75,3029.98,147.21,154.57
54,12,car,843.41,2019.89,109.48,82.33
54,240,car,965.79,2203.75,102.84,147.67
54,247,car,2109.25,3449.99,67.29,263.15
55,1,bus,469.62,2468.35,801.14,632.99
55,3,car,1486.89,2221.09,220.01,152.68
55,20,motorcycle,1238.39,2392.72,93.35,164.51
55,56,car,1525.14,2447.23,264.84,175.05
55,19,car,1012.92,2043.95,108.79,111.4
55,118,car,1712.87,2412.64,243.02,177.4
55,123,person,1577.93,2891.16,119.02,180.26
55,7,car,233.48,3621.13,449.88,434.04
55,157,motorcycle,1575.34,2600.4,139.62,173.29
55,197,motorcycle,1590.09,3019.11,143.54,151.22
55,12,car,850.97,2014.84,111.09,83.37
55,240,car,962.99,2196.83,103.33,147.95
55,247,car,2100.06,3424.05,70.66,270.39
55,259,car,1509.43,2057.69,133.04,105.21
55,120,car,1944.43,2221.39,175.82,122.84
56,1,bus,478.2,2464.09,801.59,626.83
56,3,car,1479.46,2217.34,214.36,149.68
56,20,motorcycle,1235.25,2390.09,88.35,155.93
56,56,car,1514.31,2440.86,263.58,173.57
56,19,car,1012.15,2038.14,107.62,110.73
56,118,car,1698.22,2404.14,241.8,175.03
56,123,person,1568.77,2876.86,115.49,175.52
56,7,car,235.3,3620.73,450.76,434.37
56,157,motorcycle,1566.77,2581.52,140.59,175.7
56,197,motorcycle,1584.17,3007.41,137.98,147.22
56,12,car,847.7,2016.12,112.87,84.06
56,240,car,958.72,2194.62,104.21,148.17
56,247,car,2088.42,3401.29,74.59,274.68
56,264,bus,237.32,3622.05,451.9,432.69
56,120,car,1959.08,2232.08,200.21,140.37
57,1,bus,488.7,2452.29,822.23,639.14
57,3,car,1474.72,2214.82,205.74,144.08
57,20,motorcycle,1233.7,2385.86,85.2,152.18
57,56,car,1509.54,2441.57,281.58,185.59
57,19,car,1012.92,2037.76,106.68,109.77
57,118,car,1687.85,2397.88,238.42,171.21
57,123,person,1557.77,2869.79,117.48,178.17
57,7,car,235.48,3620.91,450.64,433.84
57,157,motorcycle,1554.43,2584.62,136.42,173.3
57,197,motorcycle,1576.21,2994.61,130.23,139.3
57,240,car,958.34,2191.04,104.96,149.33
57,247,car,2077.42,3386.29,82.3,288.6
57,88,person,276.42,2115.81,57.63,124.74
58,1,bus,503.56,2443.95,831.72,644.19
58,3,car,1470.69,2210.82,202.19,142.12
58,20,motorcycle,1232.42,2382.45,81.3,147.88
58,56,car,1500.35,2445.64,304.55,204.18
58,19,car,1011.14,2035.43,105.0,108.79
58,118,car,1678.2,2390.05,237.45,169.93
58,123,person,1546.8,2854.59,115.82,175.38
58,7,car,236.01,3620.7,451.43,434.28
58,197,motorcycle,1568.42,2980.05,126.83,136.26
58,240,car,955.62,2189.43,104.91,148.92
58,247,car,2067.54,3372.87,93.12,309.34
58,88,person,276.94,2115.02,56.89,124.69
59,1,bus,517.94,2435.27,836.91,648.0
59,3,car,1465.08,2207.37,202.02,142.24
59,20,motorcycle,1227.17,2380.87,76.26,138.68
59,56,car,1492.58,2440.71,296.91,200.88
59,19,car,1011.37,2035.92,103.1,106.84
59,118,car,1673.34,2381.72,235.62,169.45
59,123,person,1535.53,2843.66,116.4,176.64
59,7,car,236.08,3620.42,452.32,434.9
59,197,motorcycle,1559.29,2970.38,124.08,135.02
59,240,car,952.18,2185.93,106.87,151.26
59,247,car,2055.99,3362.99,106.85,334.51
59,88,person,277.69,2113.53,55.46,124.82
59,12,car,847.73,2009.01,112.59,83.33
59,120,car,2008.16,2246.24,189.97,130.53
60,1,bus,531.25,2427.36,841.31,652.36
60,3,car,1459.52,2200.28,210.75,149.26
60,20,motorcycle,1222.24,2371.94,79.33,144.6
60,56,car,1490.15,2420.07,259.0,173.45
60,19,car,1009.55,2033.08,101.42,105.56
60,118,car,1658.12,2371.93,239.04,171.57
60,123,person,1524.99,2833.8,113.38,172.63
60,7,car,236.29,3619.13,455.7,438.08
60,197,motorcycle,1548.83,2958.06,122.46,134.46
60,240,car,950.19,2181.22,104.63,147.12
60,247,car,2045.49,3351.29,120.79,355.29
60,88,person,278.26,2113.96,53.55,122.65
60,157,motorcycle,1522.37,2578.33,113.17,145.58
61,1,bus,543.63,2421.35,830.93,644.8
61,3,car,1453.71,2194.23,205.33,145.6
61,20,motorcycle,1215.97,2355.99,87.02,157.34
61,56,car,1484.73,2410.03,246.24,163.73
61,19,car,1008.98,2030.44,101.96,106.56
61,118,car,1647.34,2364.19,234.68,167.9
61,123,person,1516.3,2821.92,108.97,165.42
61,7,car,236.0,3618.14,457.19,439.72
61,197,motorcycle,1539.28,2948.13,120.29,133.07
61,240,car,951.01,2177.25,101.32,142.66
61,247,car,2036.48,3336.79,137.26,380.88
61,88,person,279.02,2112.58,53.54,125.19
61,157,motorcycle,1518.86,2569.42,119.68,155.54
62,1,bus,554.57,2415.67,823.51,640.08
62,3,car,1447.87,2189.38,199.5,141.23
62,20,motorcycle,1213.58,2348.4,84.28,151.31
62,56,car,1479.03,2406.56,269.25,180.37
62,19,car,1006.89,2026.48,103.57,108.12
62,118,car,1636.94,2358.03,227.07,161.48
62,123,person,1508.71,2811.9,106.54,161.3
62,7,car,237.6,3618.27,457.34,439.45
62,197,motorcycle,1530.24,2933.63,113.09,125.48
62,247,car,2026.16,3327.96,151.17,393.55
62,88,person,280.76,2111.32,53.51,127.43
62,157,motorcycle,1512.0,2554.56,115.51,151.39
62,290,car,1583.08,2084.86,136.06,109.53
62,12,car,856.09,1999.71,103.58,77.35
63,1,bus,570.18,2407.6,813.54,633.85
63,3,car,1443.42,2183.52,200.53,142.3
63,20,motorcycle,1212.46,2342.37,85.61,150.57
63,56,car,1471.76,2400.31,271.5,182.95
63,19,car,1008.06,2023.58,102.54,107.53
63,118,car,1629.69,2352.51,222.99,158.2
63,123,person,1499.41,2801.51,108.49,163.99
63,7,car,238.72,3618.0,458.33,439.87
63,197,motorcycle,1512.8,2920.27,125.18,138.93
63,247,car,2017.54,3320.49,169.94,418.59
63,88,person,281.51,2111.14,53.07,128.64
63,157,motorcycle,1504.99,2547.5,113.57,149.58
63,290,car,1586.79,2085.01,139.16,111.84
63,12,car,856.31,2002.5,94.47,69.94
64,1,bus,580.84,2403.42,796.43,622.03
64,3,car,1436.19,2180.67,194.34,138.16
64,20,motorcycle,1207.62,2339.57,84.71,148.39
64,56,car,1462.32,2395.47,269.23,182.3
64,19,car,1008.02,2021.41,102.73,107.49
64,118,car,1623.27,2344.0,221.82,157.43
64,123,person,1490.5,2790.31,107.07,161.31
64,7,car,239.7,3617.51,459.75,440.82
64,197,motorcycle,1504.23,2907.83,119.5,132.5
64,247,car,2009.15,3318.17,194.52,458.45
64,88,person,281.57,2110.55,52.7,130.37
64,157,motorcycle,1498.06,2535.39,116.03,154.49
64,290,car,1601.5,2090.6,136.53,109.68
65,1,bus,594.52,2397.77,780.2,609.82
65,3,car,1430.24,2176.1,194.4,137.73
65,20,motorcycle,1202.91,2334.1,82.56,143.05
65,56,car,1457.63,2391.37,267.33,182.0
65,19,car,1007.18,2019.51,101.76,106.45
65,118,car,1615.56,2335.22,224.68,159.73
65,123,person,1479.87,2785.39,110.93,167.96
65,7,bus,241.35,3617.66,460.89,441.38
65,197,motorcycle,1500.71,2903.84,112.13,124.71
65,247,car,2000.72,3307.58,211.44,475.85
65,157,motorcycle,1489.61,2531.56,104.72,139.49
65,290,car,1610.25,2092.54,139.99,112.26
65,302,car,240.5,3617.7,463.69,441.06
65,304,car,1883.95,2091.2,137.58,120.35
65,12,car,857.2,1986.32,115.64,87.85
66,1,bus,606.34,2386.55,772.21,604.83
66,3,car,1423.34,2172.51,186.69,131.92
66,20,motorcycle,1199.35,2330.65,78.24,135.29
66,56,car,1451.83,2386.95,262.53,179.57
66,19,car,1007.9,2016.45,99.8,104.72
66,118,car,1608.82,2330.52,220.57,157.54
66,123,person,1471.23,2771.7,106.65,160.96
66,7,bus,240.83,3616.4,462.92,443.2
66,247,car,1992.51,3291.14,224.34,481.05
66,157,motorcycle,1488.74,2521.7,107.77,142.55
66,290,car,1620.71,2093.92,145.82,116.85
66,302,car,239.0,3616.81,465.69,442.99
67,1,bus,613.75,2378.61,761.52,597.87
67,3,car,1417.65,2169.42,180.24,127.44
67,20,motorcycle,1194.84,2330.42,74.51,129.06
67,56,car,1447.06,2377.99,243.56,166.22
67,19,car,1006.53,2013.27,94.33,97.9
67,118,car,1598.06,2322.5,221.61,158.91
67,123,person,1463.21,2763.73,104.42,156.62
67,7,bus,243.13,3615.84,465.3,445.05
67,247,car,1985.41,3271.15,231.72,471.18
67,157,motorcycle,1478.52,2517.94,106.74,142.12
67,290,car,1633.9,2096.3,143.58,115.34
67,302,car,241.15,3616.23,466.93,444.09
67,311,person,412.48,2151.41,52.5,153.76
67,197,motorcycle,1484.91,2879.1,107.41,119.37
68,1,bus,624.53,2372.89,758.18,598.35
68,3,car,1413.1,2166.43,179.1,126.5
68,20,motorcycle,1191.0,2323.53,75.87,133.36
68,56,car,1442.89,2371.82,245.06,167.41
68,19,car,1008.54,2011.73,91.48,93.98
68,118,car,1586.89,2310.12,219.15,156.95
68,123,person,1455.98,2753.63,106.53,159.62
68,7,bus,246.32,3616.17,466.05,444.72
68,247,car,1977.58,3249.97,241.53,465.45
68,157,motorcycle,1471.07,2504.96,110.5,148.28
68,290,car,1655.2,2107.47,133.37,107.92
68,302,truck,242.64,3616.14,467.31,443.89
68,317,car,374.04,1898.33,81.0,69.32
68,197,motorcycle,1471.46,2861.27,114.07,126.18
68,12,car,855.06,1976.15,108.92,83.2
69,1,bus,634.8,2367.71,747.73,594.03
69,3,car,1407.09,2163.55,177.0,124.75
69,56,car,1438.85,2367.22,247.58,169.73
69,19,car,1006.75,2010.08,88.65,89.67
69,118,car,1576.86,2305.88,220.35,158.35
69,123,person,1446.66,2746.2,110.35,166.54
69,7,bus,247.51,3615.52,468.35,446.09
69,247,car,1970.84,3227.8,250.48,457.21
69,157,motorcycle,1464.72,2499.95,108.36,146.4
69,290,car,1663.14,2106.84,134.34,108.6
69,302,car,244.8,3615.9,468.38,444.5
69,317,car,373.44,1897.0,85.63,73.36
69,197,motorcycle,1462.41,2854.52,110.67,122.96
70,1,bus,642.23,2363.03,733.58,586.33
70,3,car,1403.9,2160.92,173.18,121.42
70,56,car,1435.88,2365.77,254.43,175.82
70,19,car,1006.16,2007.46,88.76,89.25
70,118,car,1565.48,2292.85,205.26,144.88
70,123,person,1439.32,2730.06,104.08,157.76
70,7,car,246.48,3614.58,470.65,447.52
70,247,car,1964.64,3204.48,257.93,445.27
70,157,motorcycle,1459.26,2499.31,98.91,134.75
70,290,car,1678.07,2108.05,134.93,109.03
70,302,truck,243.32,3614.31,472.17,447.51
70,317,car,372.84,1896.62,87.74,75.37
70,197,motorcycle,1460.73,2845.4,103.09,115.56
70,332,car,1806.33,2004.29,102.82,71.0
70,12,car,856.86,1979.4,110.12,85.3
71,1,bus,650.55,2354.3,726.41,585.12
71,3,car,1401.27,2155.3,173.02,120.79
71,56,car,1427.85,2357.09,261.18,181.9
71,19,car,1008.03,2007.95,86.76,86.42
71,118,car,1558.97,2288.3,203.27,142.17
71,123,person,1430.61,2719.59,101.95,155.29
71,7,bus,247.49,3612.74,474.93,451.47
71,247,car,1955.58,3181.98,266.66,433.9
71,157,motorcycle,1454.31,2488.7,104.48,143.9
71,290,car,1682.17,2111.91,148.13,118.94
71,302,truck,245.82,3612.79,475.26,450.31
71,317,car,374.71,1896.56,88.44,76.21
71,197,motorcycle,1452.51,2832.83,104.43,118.66
71,332,car,1805.83,2003.57,100.93,69.43
71,341,car,2114.92,2692.17,82.15,143.66
71,12,car,855.95,1977.14,103.17,79.39
71,311,person,421.46,2139.84,43.15,126.11
72,1,bus,660.24,2350.51,707.9,574.27
72,3,car,1398.04,2149.63,174.13,121.84
72,56,car,1421.25,2344.15,249.64,174.32
72,19,car,1006.34,2003.28,88.29,87.42
72,118,car,1553.96,2283.23,200.69,139.6
72,123,person,1421.76,2709.91,96.86,147.34
72,7,bus,249.69,3612.11,476.94,452.84
72,247,car,1948.1,3161.66,276.43,424.36
72,290,car,1689.98,2112.41,149.42,118.96
72,302,car,248.27,3612.33,476.62,451.2
72,317,car,376.64,1895.53,88.71,76.76
72,197,motorcycle,1442.74,2821.11,105.39,119.18
72,332,car,1811.28,2002.99,100.25,68.72
72,341,car,2108.44,2686.16,86.93,151.36
72,348,car,1193.44,2193.97,152.96,112.21
72,311,person,425.13,2138.54,44.29,129.14
73,1,bus,665.55,2345.5,699.62,571.61
73,3,car,1396.2,2144.8,176.91,124.72
73,56,car,1416.36,2344.88,260.43,184.44
73,19,car,1006.49,2002.16,90.28,89.1
73,118,car,1548.91,2278.3,199.65,138.18
73,123,person,1417.91,2702.83,101.64,154.53
73,7,bus,251.13,3611.79,478.66,453.54
73,247,car,1941.75,3143.1,286.57,415.69
73,290,car,1703.54,2116.5,151.34,119.37
73,302,car,250.4,3612.29,477.55,451.29
73,317,car,375.32,1894.79,89.01,77.13
73,197,motorcycle,1434.24,2811.63,102.94,116.32
73,332,car,1810.14,2001.75,97.27,66.02
73,341,car,2101.06,2676.65,95.32,164.79
73,311,person,427.57,2137.8,46.25,135.01
73,349,motorcycle,1967.74,2823.74,97.21,110.82
73,353,car,1143.31,2104.9,158.77,103.33
74,1,bus,677.05,2340.95,691.52,570.37
74,3,car,1389.96,2138.13,182.22,129.72
74,56,car,1411.76,2340.47,247.79,176.54
74,19,car,1006.84,1996.78,95.59,94.65
74,118,car,1539.69,2271.7,205.38,142.72
74,123,person,1408.51,2691.09,99.08,149.7
74,7,bus,251.83,3611.45,480.19,454.23
74,247,car,1935.46,3121.74,293.44,401.33
74,290,car,1713.03,2120.59,160.12,125.7
74,302,car,251.16,3611.83,479.34,452.31
74,197,motorcycle,1425.3,2800.91,99.07,111.29
74,332,car,1816.07,1999.75,104.22,70.58
74,341,car,2093.49,2669.27,105.39,180.36
74,311,person,429.62,2131.32,42.81,124.0
74,349,motorcycle,1956.17,2813.89,100.25,114.9
74,353,car,1145.75,2098.94,154.33,100.37
75,1,bus,685.57,2336.24,682.38,568.79
75,3,car,1386.88,2131.05,184.72,132.5
75,56,car,1408.6,2333.56,231.89,164.77
75,19,car,1007.4,1993.6,91.41,90.2
75,118,car,1530.77,2269.66,205.21,142.43
75,123,person,1400.38,2679.83,99.07,149.46
75,7,bus,253.97,3610.93,482.49,455.33
75,247,car,1929.47,3099.99,307.97,399.72
75,302,truck,251.93,3611.24,482.23,453.86
75,197,motorcycle,1419.91,2792.39,96.91,108.32
75,341,car,2086.8,2662.21,114.77,193.86
75,311,person,431.63,2126.55,39.92,114.21
75,157,motorcycle,1430.87,2450.73,91.57,126.38
75,317,car,380.34,1890.42,92.18,80.33
76,1,bus,693.24,2329.4,675.21,569.27
76,3,car,1382.74,2130.18,169.14,122.26
76,56,car,1402.28,2329.01,232.5,165.42
76,19,car,1005.59,1991.67,91.32,90.29
76,118,car,1525.14,2261.08,207.01,143.92
76,123,person,1392.9,2673.77,99.89,151.47
76,7,bus,254.89,3610.42,484.62,456.34
76,247,car,1923.68,3082.69,320.9,396.05
76,302,truck,252.52,3610.7,484.8,455.16
76,197,motorcycle,1412.57,2784.88,95.18,106.86
76,341,car,2080.04,2651.39,124.6,207.19
76,311,person,432.38,2120.79,36.25,101.83
76,348,car,1184.38,2197.51,162.23,119.57
76,332,car,1816.97,2001.56,95.43,63.46
76,349,motorcycle,1927.73,2788.62,103.76,120.37
77,1,bus,700.87,2323.82,661.03,563.24
77,3,car,1377.97,2125.08,161.75,117.55
77,56,car,1398.53,2324.32,238.47,170.8
77,19,car,1006.13,1983.37,96.77,96.56
77,118,car,1518.66,2255.24,206.53,144.16
77,123,person,1384.32,2668.79,99.81,151.88
77,7,bus,255.51,3609.08,488.05,458.93
77,247,car,1919.23,3065.15,329.19,386.39
77,302,car,252.97,3609.75,487.91,457.22
77,197,motorcycle,1402.46,2772.79,99.83,112.22
77,341,car,2074.98,2636.36,133.06,217.5
77,372,motorcycle,68.77,2584.1,126.81,192.71
77,332,car,1818.97,1997.24,107.31,71.1
77,349,motorcycle,1915.09,2774.25,97.76,114.61
77,290,car,1759.06,2126.06,163.49,128.45
78,1,bus,708.45,2317.96,643.31,553.49
78,3,car,1372.84,2119.38,167.75,122.69
78,56,car,1396.41,2318.09,240.01,172.58
78,19,car,1006.07,1984.46,92.8,92.42
78,118,car,1517.81,2251.64,201.93,141.67
78,123,person,1375.91,2659.35,97.93,147.94
78,7,bus,256.3,3608.83,489.49,459.42
78,247,car,1913.5,3048.13,339.23,379.09
78,302,car,253.87,3609.32,489.67,457.79
78,341,car,2068.67,2629.19,141.41,226.36
78,372,motorcycle,79.58,2585.67,125.13,189.24
78,349,motorcycle,1904.62,2759.83,102.8,122.73
78,290,car,1769.78,2130.6,161.6,126.8
78,12,car,861.27,1967.07,111.89,87.15
78,157,motorcycle,1416.56,2427.85,88.75,122.27
78,317,car,390.62,1889.74,80.29,70.06
78,311,person,433.54,2114.08,36.34,100.72
79,1,bus,713.58,2314.3,626.48,543.51
79,3,car,1372.17,2114.73,174.44,129.05
79,56,car,1389.81,2308.01,244.3,177.84
79,118,car,1509.56,2247.48,200.49,140.47
79,123,person,1371.48,2651.76,98.95,148.78
79,7,bus,256.76,3607.97,491.92,461.14
79,247,car,1903.61,3029.78,348.49,371.72
79,302,car,253.5,3608.54,492.13,459.16
79,341,car,2063.63,2626.76,144.86,225.65
79,290,car,1783.14,2130.76,166.07,131.08
79,377,truck,255.93,3607.8,500.75,460.81
79,157,motorcycle,1407.8,2414.15,95.27,131.43
79,317,car,393.86,1883.32,83.32,73.36
79,311,person,434.4,2111.2,37.4,102.6
79,197,motorcycle,1390.37,2750.22,95.8,108.22
79,332,car,1823.78,1996.8,98.13,64.3
80,1,bus,718.1,2309.14,615.44,538.56
80,3,car,1364.87,2111.6,166.61,123.09
80,56,car,1383.23,2300.7,232.49,170.01
80,118,car,1508.27,2241.48,198.48,140.54
80,123,person,1363.42,2641.71,99.34,148.94
80,247,car,1893.62,3012.75,357.96,365.66
80,341,car,2057.74,2621.22,158.83,242.15
80,290,car,1795.52,2135.07,169.96,134.08
80,157,motorcycle,1412.17,2403.08,97.96,132.61
80,197,motorcycle,1381.18,2742.23,96.68,108.87
80,332,car,1823.45,1993.22,106.24,69.45
80,19,car,1008.5,1984.8,82.2,80.52
80,372,motorcycle,113.84,2559.77,126.49,190.99
80,349,motorcycle,1870.56,2741.38,95.25,113.06
81,1,bus,725.18,2305.83,603.82,533.62
81,3,car,1357.01,2108.54,156.73,115.31
81,56,car,1381.21,2292.65,218.53,159.85
81,118,car,1504.14,2235.36,192.61,137.44
81,123,person,1353.53,2632.22,99.59,149.63
81,247,car,1880.66,2994.31,369.14,364.78
81,341,car,2052.17,2616.38,162.44,240.1
81,290,car,1806.33,2138.03,168.9,133.19
81,197,motorcycle,1372.0,2733.67,97.26,109.89
81,332,car,1821.93,1991.4,108.81,70.86
81,387,car,1714.94,1953.31,92.61,53.81
81,372,motorcycle,130.95,2553.69,115.08,172.43
81,12,car,863.69,1961.1,113.95,90.84
81,7,truck,259.85,3606.32,495.89,463.69
81,302,bus,258.88,3606.62,497.23,463.31
81,317,car,396.23,1879.76,81.66,71.93
82,1,bus,731.45,2299.92,592.78,529.47
82,3,car,1352.64,2104.5,150.96,110.26
82,56,car,1375.7,2292.07,227.06,167.61
82,118,car,1495.15,2230.47,193.17,138.15
82,123,person,1346.91,2623.04,100.43,151.79
82,247,car,1865.99,2978.57,374.25,359.06
82,341,car,2044.43,2610.55,170.42,243.43
82,387,car,1719.76,1951.02,87.23,50.68
82,372,motorcycle,147.52,2541.59,115.81,173.75
82,7,bus,259.26,3605.76,496.87,463.69
82,302,car,258.17,3606.67,497.59,462.78
82,317,car,396.26,1880.72,83.3,73.61
82,19,car,1009.05,1976.59,84.12,81.75
83,1,bus,739.39,2290.26,587.45,530.38
83,3,car,1350.54,2099.43,159.39,116.62
83,56,car,1370.9,2287.83,224.36,165.94
83,118,car,1491.24,2224.13,184.56,132.01
83,123,person,1339.04,2614.16,94.01,141.59
83,247,car,1849.73,2963.49,382.63,358.92
83,341,car,2040.4,2602.27,177.28,245.07
83,372,motorcycle,164.07,2539.13,110.86,164.62
83,7,car,259.05,3605.42,499.52,465.02
83,302,bus,259.9,3605.44,501.1,465.45
83,317,car,395.52,1880.86,84.32,74.44
83,399,person,53.97,2313.47,62.11,176.73
83,157,motorcycle,1390.0,2392.95,80.16,108.96
83,290,car,1835.1,2146.15,171.73,135.26
83,197,motorcycle,1361.56,2715.53,93.29,105.6
84,1,bus,742.69,2288.74,563.56,513.56
84,3,car,1351.67,2099.66,152.13,111.63
84,56,car,1365.03,2283.3,216.39,159.84
84,123,person,1332.67,2604.7,91.96,138.44
84,247,car,1836.54,2943.19,382.58,351.67
84,341,car,2035.83,2588.39,173.06,227.96
84,372,motorcycle,183.48,2536.2,105.49,153.93
84,7,truck,258.31,3604.81,502.07,466.11
84,302,bus,260.38,3604.75,503.47,467.03
84,399,person,62.9,2312.63,63.31,180.13
84,403,car,258.64,3604.72,510.98,466.86
84,157,motorcycle,1386.47,2394.34,73.24,99.11
84,19,car,1008.18,1965.43,85.74,82.07
85,1,bus,749.35,2282.22,552.8,509.45
85,3,car,1348.03,2094.03,154.54,113.37
85,56,car,1363.24,2281.53,216.8,160.58
85,123,person,1325.51,2591.9,91.73,138.08
85,247,car,1821.76,2929.19,380.41,342.77
85,341,car,2028.73,2574.47,179.74,225.7
85,372,motorcycle,196.37,2516.88,119.9,176.06
85,7,truck,258.01,3604.08,504.39,467.96
85,302,car,259.51,3603.97,505.36,468.34
85,403,bus,258.52,3603.9,512.0,467.82
85,157,motorcycle,1383.07,2386.03,78.41,106.54
85,19,car,1006.66,1962.52,90.76,87.2
85,311,person,443.43,2098.41,37.52,99.38
85,118,car,1472.48,2213.2,174.1,123.13
85,317,car,403.22,1877.83,81.24,72.06
85,197,motorcycle,1346.94,2695.93,89.29,101.4
86,1,bus,752.18,2280.63,535.68,498.79
86,3,car,1343.96,2087.77,152.61,112.54
86,56,car,1360.35,2280.14,215.71,160.47
86,123,person,1320.83,2586.08,89.62,134.24
86,247,car,1807.79,2914.03,382.07,338.77
86,341,car,2020.82,2560.94,179.93,212.2
86,372,motorcycle,211.75,2506.9,121.31,178.59
86,157,motorcycle,1379.83,2381.05,83.95,114.0
86,19,car,1006.63,1958.6,93.23,89.52
86,408,truck,750.03,2284.93,480.28,500.14
86,311,person,444.28,2095.75,36.46,94.3
86,118,car,1466.73,2212.3,172.71,121.25
86,317,car,403.54,1879.14,84.22,75.32
86,387,car,1724.67,1949.26,100.12,58.35
86,290,car,1874.86,2149.4,168.57,132.2
86,399,person,71.05,2303.73,61.94,175.99
87,3,car,1335.52,2079.82,154.38,114.6
87,56,car,1358.85,2278.54,220.14,164.98
87,123,person,1312.16,2584.63,98.84,147.88
87,247,car,1794.39,2899.13,384.17,335.84
87,341,car,2017.69,2556.35,192.31,216.6
87,372,motorcycle,223.56,2495.38,119.58,176.35
87,157,motorcycle,1373.02,2376.93,82.26,112.19
87,19,car,1007.05,1956.98,92.95,89.2
87,311,person,445.01,2094.12,37.72,96.68
87,118,car,1461.33,2205.64,173.31,121.04
87,290,car,1890.12,2156.57,174.8,136.35
87,399,person,73.06,2301.56,65.35,185.53
87,332,car,1842.65,1987.13,108.48,69.16
87,7,car,259.86,3603.33,507.21,469.5
87,197,motorcycle,1322.2,2656.19,118.75,138.36
88,3,car,1331.14,2074.5,151.82,113.4
88,56,car,1355.09,2273.91,214.0,160.87
88,123,person,1302.82,2574.66,100.47,150.4
88,247,car,1781.84,2885.02,381.92,329.3
88,341,car,2014.15,2545.79,198.26,212.56
88,372,motorcycle,239.3,2487.36,123.09,181.11
88,19,car,1007.91,1956.65,89.61,85.49
88,311,person,446.84,2092.4,38.34,97.09
88,399,person,73.6,2299.15,63.95,180.59
88,414,car,260.82,3601.82,520.02,472.77
88,332,car,1850.23,1986.85,104.02,66.37
88,7,bus,261.4,3602.48,510.0,471.53
88,197,motorcycle,1313.27,2654.98,108.93,125.31
88,1,bus,759.53,2263.52,529.51,499.82
88,387,car,1728.23,1943.17,101.5,59.33
89,3,car,1328.62,2070.75,149.9,112.13
89,56,car,1351.5,2265.68,217.69,165.01
89,247,car,1770.07,2869.62,378.9,321.95
89,341,car,2007.76,2537.56,207.31,211.48
89,372,motorcycle,252.81,2489.65,105.35,152.28
89,19,car,1009.15,1957.1,88.19,83.85
89,311,person,447.71,2092.67,40.57,102.36
89,399,person,74.41,2299.55,64.5,182.17
89,414,bus,262.21,3601.48,520.55,473.32
89,332,car,1848.81,1983.53,107.3,68.32
89,7,car,261.7,3601.16,512.51,473.85
89,197,car,1303.77,2633.06,120.22,141.1
89,417,motorcycle,1756.2,2580.13,110.29,133.95
89,1,bus,762.59,2255.03,523.31,501.01
89,317,car,410.16,1874.99,78.85,70.53
90,3,car,1318.55,2064.5,153.23,114.86
90,56,car,1347.88,2267.52,230.2,177.46
90,247,car,1752.92,2851.34,377.46,317.01
90,341,car,2001.33,2528.4,220.69,215.23
90,372,motorcycle,266.42,2480.17,102.25,147.45
90,19,car,1007.05,1951.2,83.54,78.19
90,399,person,76.47,2298.1,65.13,184.1
90,414,bus,264.4,3600.36,522.85,475.45
90,332,car,1850.22,1984.32,104.78,66.01
90,7,car,263.39,3599.71,515.65,476.61
90,197,car,1296.78,2630.36,108.84,126.13
90,1,bus,767.97,2249.76,507.45,492.3
90,317,car,411.72,1873.88,79.61,71.38
90,349,motorcycle,1752.75,2636.24,89.9,102.37
90,157,motorcycle,1367.08,2350.88,90.76,123.52
90,118,car,1450.53,2190.83,163.48,114.64
90,387,car,1730.59,1942.35,98.26,57.59
91,3,car,1315.88,2062.27,149.66,112.38
91,56,car,1343.65,2254.69,220.25,171.19
91,247,car,1740.52,2839.42,381.45,318.17
91,341,car,1998.34,2519.44,230.51,215.86
91,372,motorcycle,277.19,2467.54,102.91,148.85
91,399,person,77.17,2295.67,64.48,182.02
91,414,car,264.72,3598.37,527.37,479.78
91,332,car,1851.47,1981.44,107.11,66.55
91,7,bus,263.54,3598.84,517.23,477.71
91,197,car,1291.03,2629.94,100.46,114.05
91,1,bus,773.59,2244.25,492.25,483.35
91,349,motorcycle,1737.2,2627.41,100.87,110.32
91,157,motorcycle,1360.41,2345.47,87.35,119.3
91,118,car,1450.12,2181.1,157.63,111.94
91,387,car,1732.79,1942.96,99.43,58.85
92,3,car,1312.65,2059.48,149.73,112.2
92,56,car,1339.73,2247.65,211.23,164.99
92,247,car,1732.69,2826.84,381.22,315.54
92,341,car,1988.03,2512.0,240.57,216.55
92,372,motorcycle,290.41,2453.85,112.54,165.69
92,399,person,79.64,2294.69,62.77,176.43
92,414,bus,265.71,3597.36,529.12,481.61
92,332,car,1848.27,1978.64,112.53,68.99
92,7,car,264.09,3597.13,521.31,481.58
92,197,motorcycle,1285.22,2620.01,105.97,120.26
92,1,truck,780.43,2241.65,478.29,474.99
92,349,motorcycle,1729.3,2619.36,100.76,107.1
92,157,motorcycle,1347.99,2336.97,88.46,122.91
92,118,car,1440.76,2173.78,167.47,119.46
92,422,bus,777.69,2243.28,428.35,473.12
92,123,person,1278.53,2543.32,91.62,136.75
93,3,car,1306.46,2054.88,153.48,115.27
93,56,car,1335.93,2243.67,205.29,161.4
93,247,car,1723.08,2812.19,379.07,311.01
93,341,car,1978.76,2502.74,246.83,215.22
93,372,motorcycle,301.69,2439.86,114.85,170.28
93,399,person,82.13,2291.44,63.0,176.5
93,414,bus,265.91,3596.99,529.53,482.24
93,332,car,1850.04,1976.58,110.12,67.22
93,7,car,264.54,3596.58,522.6,482.89
93,197,motorcycle,1280.65,2621.94,97.48,110.24
93,349,motorcycle,1719.48,2598.18,118.61,127.54
93,157,motorcycle,1343.03,2332.91,85.92,121.35
93,118,car,1426.86,2165.34,166.59,118.77
93,427,bus,1515.68,1927.29,265.45,186.3
93,123,person,1269.41,2535.88,94.82,142.62
94,3,car,1303.82,2050.23,149.07,112.09
94,56,car,1331.62,2236.82,198.17,155.86
94,247,car,1709.06,2798.94,378.43,309.19
94,341,car,1965.3,2492.63,252.59,214.04
94,372,motorcycle,316.3,2434.16,107.93,160.44
94,399,person,84.77,2287.1,64.83,181.29
94,414,bus,266.86,3596.45,530.51,483.35
94,332,car,1849.02,1975.45,106.68,64.71
94,7,car,265.52,3595.91,524.23,484.32
94,349,motorcycle,1709.99,2554.74,132.16,145.15
94,157,motorcycle,1338.25,2331.47,80.22,113.86
94,118,car,1417.4,2159.91,161.29,113.72
94,290,car,1992.85,2172.06,157.06,118.58
94,1,bus,786.76,2239.92,459.18,461.57
95,3,car,1301.34,2046.15,150.19,112.71
95,56,car,1328.8,2233.67,201.29,159.76
95,247,car,1697.67,2782.11,370.8,300.59
95,341,car,1952.41,2484.81,251.68,207.86
95,372,car,330.39,2426.59,105.2,156.29
95,399,person,85.28,2286.36,64.23,180.27
95,414,bus,269.41,3594.93,534.12,486.97
95,332,car,1849.66,1975.42,108.03,65.13
95,7,car,267.72,3594.25,527.75,487.61
95,349,motorcycle,1701.95,2542.08,149.66,171.0
95,157,motorcycle,1333.72,2330.18,79.22,112.53
95,435,motorcycle,1263.02,2561.08,105.31,191.58
95,1,bus,790.49,2237.49,442.34,449.33
95,197,motorcycle,1266.5,2610.17,88.45,98.65
95,123,person,1255.32,2520.22,95.02,141.58
96,3,car,1295.73,2048.07,139.06,104.13
96,247,car,1688.47,2768.4,363.03,291.97
96,341,car,1941.55,2476.35,254.38,205.35
96,372,motorcycle,339.9,2424.35,105.08,156.62
96,399,person,85.75,2283.98,63.04,177.88
96,414,car,268.42,3593.88,535.84,488.95
96,332,car,1850.87,1975.01,111.44,66.8
96,7,bus,268.39,3593.91,528.66,488.22
96,1,bus,796.02,2220.71,447.18,461.61
96,437,truck,267.99,3594.78,529.88,486.83
96,197,motorcycle,1265.75,2603.1,87.6,98.57
96,123,person,1246.53,2509.72,92.65,139.59
97,3,car,1293.76,2046.24,129.8,95.89
97,247,car,1676.68,2756.57,365.81,294.09
97,341,car,1928.27,2468.42,260.25,205.21
97,372,person,348.03,2401.83,105.15,158.85
97,399,person,87.52,2283.52,61.27,172.75
97,332,car,1851.83,1973.77,112.5,66.75
97,7,car,267.22,3593.16,530.07,489.94
97,1,bus,802.84,2211.97,443.74,465.84
97,123,person,1240.93,2502.44,88.03,132.69
97,438,bus,1586.75,1943.11,156.48,147.17
97,56,car,1320.5,2227.47,195.74,156.23
98,3,car,1290.83,2042.37,138.15,102.72
98,247,car,1666.62,2744.11,364.87,292.24
98,341,car,1919.22,2461.42,263.13,203.76
98,372,motorcycle,361.0,2400.81,105.27,160.86
98,399,person,89.25,2285.46,60.69,171.59
98,332,car,1854.13,1972.62,109.55,64.59
98,7,car,266.75,3592.76,530.48,490.92
98,1,bus,808.02,2205.89,437.05,466.35
98,438,bus,1599.01,1942.34,158.22,148.61
98,56,car,1318.3,2219.78,187.99,150.1
98,427,bus,1539.81,1927.72,269.68,188.78
98,118,car,1401.22,2143.42,170.79,121.47
98,197,motorcycle,1247.63,2586.28,80.94,89.8
99,3,car,1283.05,2039.14,134.35,99.25
99,247,car,1654.36,2732.92,362.45,288.93
99,341,car,1909.21,2453.42,260.47,198.8
99,372,motorcycle,369.98,2400.78,101.83,158.24
99,399,person,93.32,2285.59,62.02,175.3
99,332,car,1855.02,1968.73,111.64,65.71
99,7,car,268.12,3591.68,532.86,493.18
99,1,bus,812.07,2205.7,424.21,458.85
99,438,bus,1603.85,1941.79,165.44,155.21
99,56,car,1314.22,2216.28,196.75,158.29
99,118,car,1396.26,2140.57,166.71,119.81
100,3,car,1281.57,2034.01,144.5,106.97
100,247,car,1645.07,2720.11,357.87,284.13
100,341,car,1897.9,2442.05,258.12,194.04
100,372,motorcycle,378.14,2390.13,101.83,160.31
100,399,person,95.52,2284.42,64.25,180.86
100,332,car,1855.76,1967.89,111.18,65.67
100,7,car,267.57,3591.12,533.37,494.07
100,1,bus,812.92,2201.27,414.11,454.01
100,438,bus,1608.25,1943.46,171.9,161.19
100,56,car,1310.64,2218.6,219.36,179.9
100,118,car,1390.67,2134.11,163.34,118.04
100,448,truck,268.0,3591.99,529.65,492.12
100,317,car,419.8,1863.51,80.2,72.12
101,3,car,1277.64,2031.04,141.33,105.03
101,247,car,1633.41,2707.38,353.61,279.43
101,341,car,1888.44,2434.35,254.64,188.48
101,372,person,387.84,2369.41,96.97,156.73
101,399,person,96.27,2283.98,61.7,173.45
101,332,car,1855.96,1968.84,109.86,65.22
101,7,car,267.19,3590.99,533.33,494.4
101,1,bus,810.53,2195.72,406.67,452.45
101,56,car,1308.31,2225.32,219.73,183.71
101,118,car,1390.12,2129.83,163.21,119.67
101,448,bus,267.53,3591.63,530.69,493.12
101,456,truck,267.53,3591.72,528.97,492.97
101,317,car,420.29,1863.11,85.31,77.69
101,123,car,1215.26,2502.51,112.14,171.53
101,427,bus,1560.47,1932.39,270.47,188.66
102,3,car,1277.83,2027.79,138.8,102.78
102,247,car,1626.59,2695.08,348.11,273.38
102,341,car,1876.55,2428.53,257.56,187.75
102,372,person,397.34,2358.19,94.2,155.13
102,399,person,96.54,2281.86,62.89,177.18
102,332,car,1855.61,1968.99,113.21,67.37
102,7,bus,268.61,3590.39,534.38,495.59
102,1,bus,811.09,2190.37,398.0,448.96
102,56,car,1305.41,2220.27,213.18,181.18
102,118,car,1386.72,2124.71,164.37,122.11
102,448,car,268.06,3590.51,533.28,495.58
102,456,truck,268.84,3590.78,530.86,494.76
102,317,car,419.1,1865.17,90.88,83.72
102,123,car,1209.76,2500.12,114.96,176.88
102,427,bus,1562.86,1932.64,274.78,190.25
103,3,car,1270.21,2026.74,134.41,99.78
103,247,car,1618.96,2681.03,340.22,265.52
103,341,car,1864.08,2420.39,263.85,190.96
103,372,person,406.54,2352.22,89.49,146.51
103,332,car,1856.08,1968.9,115.35,68.5
103,1,bus,811.72,2184.78,385.47,440.11
103,118,car,1375.02,2119.07,158.35,117.1
103,317,car,416.86,1868.52,95.96,89.68
103,123,car,1203.84,2502.22,110.21,168.96
103,427,bus,1569.43,1932.79,281.07,193.84
104,3,car,1266.36,2019.2,140.48,104.62
104,247,car,1605.66,2669.26,339.78,264.35
104,341,car,1853.11,2414.55,266.62,191.56
104,332,car,1858.34,1968.3,115.92,68.69
104,1,bus,812.61,2179.2,372.88,430.58
104,118,car,1367.36,2115.87,157.56,115.56
104,317,car,417.12,1870.72,96.97,92.2
104,123,motorcycle,1198.51,2491.07,119.57,187.18
104,7,car,268.21,3589.24,536.16,497.81
104,56,car,1302.89,2203.84,178.99,152.15
105,3,car,1267.02,2019.89,129.31,95.76
105,247,car,1594.05,2658.54,342.25,266.33
105,341,car,1839.46,2406.9,262.1,187.7
105,1,bus,809.95,2175.14,367.75,431.6
105,118,car,1360.77,2110.43,156.69,114.64
105,317,car,417.73,1868.47,92.05,88.38
105,123,car,1192.28,2485.53,119.55,191.26
105,464,car,268.34,3588.72,533.13,499.23
105,7,bus,269.27,3588.88,536.03,498.19
105,56,car,1296.04,2193.48,174.36,147.26
105,372,person,424.58,2344.91,91.67,152.46
105,427,bus,1580.89,1935.79,285.77,195.61
106,3,car,1265.48,2018.1,125.42,91.72
106,247,car,1585.54,2647.78,338.74,263.92
106,341,car,1835.19,2401.3,270.57,193.44
106,1,bus,814.54,2172.27,361.56,431.79
106,317,car,419.5,1866.35,85.74,82.54
106,464,truck,268.34,3588.42,533.94,500.04
106,7,bus,269.72,3588.57,536.18,498.74
106,56,car,1290.77,2189.27,165.76,138.44
106,372,person,431.79,2340.39,89.33,150.45
106,427,bus,1588.51,1936.82,288.35,196.88
106,19,car,1003.53,1905.61,85.35,78.93
106,332,car,1860.82,1964.32,121.63,72.38
107,3,car,1257.14,2012.55,127.69,93.85
107,247,car,1576.09,2635.89,337.8,263.65
107,341,car,1822.78,2395.86,275.49,197.48
107,1,bus,814.61,2181.02,338.18,408.82
107,317,car,420.36,1868.37,90.7,88.52
107,464,truck,267.9,3588.34,534.08,500.27
107,7,bus,269.34,3588.46,535.96,499.01
107,56,car,1287.41,2191.29,182.8,154.01
107,372,person,437.84,2332.68,87.71,150.49
107,427,bus,1601.91,1935.67,290.85,197.46
107,332,car,1860.86,1962.79,122.31,73.11
107,118,car,1351.43,2101.28,156.12,114.37
108,3,car,1249.36,2007.0,119.84,87.73
108,247,car,1567.16,2627.31,332.34,259.66
108,341,car,1814.13,2389.92,281.34,203.46
108,1,bus,812.36,2174.63,335.89,413.32
108,317,car,421.38,1868.18,90.33,88.99
108,464,truck,268.47,3588.34,534.21,500.45
108,7,bus,269.73,3588.32,536.08,499.35
108,56,car,1282.69,2187.71,183.63,154.74
108,372,person,443.52,2317.82,78.5,134.07
108,427,bus,1608.67,1936.97,297.45,201.42
108,332,car,1861.15,1962.32,119.69,71.8
109,3,car,1241.14,2003.66,119.91,87.63
109,247,car,1558.01,2615.47,327.78,256.71
109,341,car,1804.86,2383.24,275.73,199.81
109,1,bus,813.24,2169.65,329.01,411.37
109,317,car,421.23,1868.68,90.8,90.08
109,464,car,269.45,3587.96,534.9,501.18
109,7,bus,270.45,3588.03,536.55,499.98
109,56,car,1280.26,2184.51,185.09,157.09
109,372,motorcycle,452.49,2328.25,79.19,135.51
109,427,bus,1604.71,1936.36,293.92,198.8
109,332,car,1862.52,1962.29,115.98,70.35
110,3,car,1235.42,2000.2,127.21,92.5
110,247,car,1547.37,2604.88,322.14,251.99
110,341,car,1796.62,2373.14,260.38,187.58
110,1,bus,817.68,2169.49,317.72,402.05
110,317,car,421.16,1869.69,92.43,92.43
110,464,car,269.96,3587.77,535.23,501.51
110,7,truck,270.9,3588.24,536.04,499.59
110,56,car,1275.91,2186.39,189.52,161.68
110,372,motorcycle,461.56,2328.94,78.01,134.78
110,332,car,1863.57,1962.02,113.99,70.18
110,480,bus,271.03,3588.15,534.56,500.22
110,118,car,1336.87,2088.86,159.38,117.47
111,3,car,1230.36,1997.27,128.62,93.55
111,247,car,1537.46,2596.23,321.18,250.75
111,341,car,1786.72,2366.46,256.14,184.12
111,1,bus,818.87,2164.06,313.09,402.23
111,317,car,421.23,1869.49,92.59,93.18
111,464,car,270.16,3587.52,535.65,501.92
111,7,bus,271.42,3587.79,537.01,500.57
111,56,car,1270.77,2185.42,192.55,166.2
111,372,motorcycle,466.82,2324.93,78.5,136.96
111,332,car,1862.27,1961.82,115.24,71.65
111,480,truck,271.36,3587.58,535.72,501.35
111,484,car,48.91,2773.59,77.6,177.11
111,438,bus,1689.9,1958.46,185.83,176.68
111,427,bus,1615.45,1946.88,293.32,196.84
112,3,car,1228.6,1996.33,127.46,92.08
112,247,car,1529.0,2587.83,317.44,247.68
112,341,car,1771.58,2358.86,251.1,179.6
112,1,bus,819.82,2166.31,295.04,382.43
112,317,car,421.55,1870.45,94.51,95.98
112,464,car,270.64,3587.42,535.79,502.04
112,7,bus,272.06,3587.64,537.34,500.9
112,56,car,1267.06,2184.77,193.17,167.44
112,332,car,1860.21,1961.55,117.66,73.54
112,480,truck,271.58,3587.97,534.8,500.44
112,484,car,59.51,2763.69,83.93,189.87
112,438,bus,1698.6,1958.15,182.69,175.45
112,427,bus,1622.86,1944.51,301.6,201.5
113,3,car,1225.44,1995.28,127.94,92.42
113,247,car,1517.82,2577.84,315.67,246.34
113,341,car,1760.14,2352.12,245.83,174.47
113,1,bus,819.82,2164.93,285.52,373.9
113,317,car,421.8,1870.25,93.45,95.63
113,464,car,271.02,3587.53,535.65,501.86
113,7,bus,272.5,3587.68,537.36,500.87
113,56,car,1267.29,2184.4,189.31,165.46
113,332,car,1859.25,1961.16,117.83,74.03
113,480,truck,271.84,3588.2,534.48,500.06
113,484,car,73.44,2752.43,87.09,192.53
113,438,bus,1700.94,1959.9,185.28,179.3
113,427,bus,1626.66,1947.76,306.36,203.16
114,3,car,1220.41,1993.76,126.65,91.27
114,247,car,1508.45,2568.5,314.36,245.21
114,341,car,1751.43,2342.57,239.66,169.11
114,1,bus,820.39,2183.12,251.59,327.35
114,317,car,422.32,1869.95,91.67,94.34
114,464,truck,271.62,3588.48,533.44,499.49
114,7,bus,272.53,3588.25,536.32,499.75
114,56,car,1264.13,2186.35,182.57,159.11
114,332,car,1857.95,1961.42,117.66,74.09
114,480,car,271.38,3588.34,534.47,500.04
114,484,car,87.05,2744.43,90.78,193.35
114,438,bus,1705.72,1963.6,184.1,178.75
114,427,bus,1631.76,1952.63,298.97,195.88
114,496,car,2115.57,2919.44,75.67,219.04
114,372,person,482.9,2301.32,82.96,148.28
115,3,car,1217.48,1994.05,128.96,92.49
115,247,car,1500.4,2560.31,311.41,243.14
115,341,car,1751.07,2337.78,242.91,172.54
115,1,bus,820.4,2179.06,254.35,333.15
115,317,car,422.49,1870.94,91.65,95.42
115,7,bus,272.45,3588.8,535.35,498.65
115,56,car,1255.82,2181.28,183.04,160.22
115,332,car,1860.79,1961.23,115.35,73.48
115,484,car,101.23,2735.95,98.43,199.42
115,438,bus,1710.84,1965.68,183.19,177.44
115,427,bus,1636.32,1951.36,311.19,202.46
115,496,car,2103.48,2906.53,80.36,230.63
115,372,person,486.73,2296.76,77.03,138.59
116,3,car,1210.13,1990.73,123.99,88.95
116,247,car,1495.72,2553.94,312.49,244.65
116,341,car,1757.13,2334.48,237.84,173.26
116,1,bus,822.25,2178.2,247.81,324.85
116,317,car,422.82,1871.49,90.9,95.79
116,7,car,271.64,3588.7,535.46,498.96
116,56,car,1253.91,2180.44,183.42,160.22
116,332,car,1861.18,1961.11,114.34,73.79
116,484,car,112.75,2727.94,111.64,214.67
116,438,bus,1715.45,1968.21,183.55,177.75
116,427,bus,1640.04,1952.34,316.12,204.4
116,496,car,2092.78,2895.32,81.77,229.82
116,372,person,489.98,2291.46,74.48,135.78
116,123,car,1117.22,2419.85,99.94,161.97
117,3,car,1205.29,1988.64,124.93,89.35
117,247,car,1482.78,2542.44,308.62,242.0
117,341,car,1732.26,2329.39,232.72,168.91
117,1,bus,823.65,2174.47,249.13,327.75
117,317,car,423.29,1871.73,89.16,95.18
117,7,bus,271.92,3589.07,534.82,498.17
117,332,car,1863.22,1964.3,106.96,69.84
117,484,car,123.98,2718.32,127.18,231.59
117,427,bus,1653.97,1963.73,296.02,189.44
117,496,car,2084.79,2884.31,87.91,240.41
117,372,person,496.68,2291.27,75.3,137.04
117,507,person,1530.77,2365.59,76.98,122.92
117,509,car,270.95,3588.96,536.67,498.64
118,3,car,1201.81,1985.76,119.09,84.29
118,247,car,1471.87,2533.75,304.41,239.5
118,341,car,1717.23,2323.71,230.35,165.77
118,1,bus,825.94,2178.49,240.08,315.43
118,317,car,422.45,1871.5,89.28,96.56
118,7,bus,272.08,3589.17,534.78,497.97
118,332,car,1864.76,1965.5,104.27,68.85
118,484,car,135.06,2711.19,144.77,248.93
118,427,bus,1673.64,1967.62,294.05,189.08
118,496,car,2077.86,2877.99,96.56,255.74
118,507,person,1525.79,2363.83,77.98,124.63
118,509,car,270.64,3588.81,536.93,498.94
118,123,car,1102.72,2407.28,105.3,174.12
119,3,car,1194.72,1984.83,116.27,82.04
119,247,car,1462.37,2524.47,294.92,232.35
119,341,car,1705.25,2316.25,232.22,165.61
119,1,bus,827.32,2173.81,237.48,312.47
119,317,car,421.86,1872.34,87.43,95.6
119,7,bus,273.0,3589.45,534.68,497.4
119,332,car,1867.61,1967.5,97.26,64.77
119,484,car,147.76,2713.07,161.8,261.58
119,427,bus,1672.94,1966.6,301.25,192.74
119,496,car,2071.19,2870.4,111.21,285.93
119,507,person,1519.6,2363.83,79.52,126.69
119,509,car,271.04,3589.1,536.23,498.27
119,123,car,1098.43,2404.12,102.78,172.77
119,438,bus,1738.2,1972.33,179.02,173.07
120,3,car,1190.25,1983.89,121.64,85.88
120,247,car,1452.6,2517.42,290.07,228.75
120,341,car,1691.81,2311.44,230.53,163.45
120,317,car,420.43,1872.55,86.84,95.43
120,7,bus,273.51,3589.88,534.4,496.57
120,332,car,1871.93,1967.98,93.12,62.64
120,484,car,158.14,2711.24,183.29,280.68
120,427,bus,1671.74,1966.92,314.99,200.89
120,496,car,2064.4,2862.97,122.18,303.5
120,509,car,271.21,3589.65,535.18,497.21
120,123,car,1094.85,2399.59,101.85,173.79
120,438,bus,1743.27,1974.56,178.17,171.7
120,372,person,513.53,2282.47,72.74,135.97
121,3,car,1189.65,1981.28,119.69,83.13
121,247,car,1445.94,2510.62,284.7,223.09
121,341,car,1682.05,2307.39,232.82,164.77
121,317,car,418.05,1873.71,89.41,98.44
121,7,truck,272.47,3590.18,533.59,495.83
121,484,car,167.09,2711.45,199.61,289.57
121,496,car,2053.71,2860.05,132.52,314.81
121,509,car,270.61,3589.96,534.55,496.6
121,123,car,1090.49,2396.6,101.16,174.81
121,438,bus,1749.03,1979.9,183.96,177.04
121,526,car,2082.9,2617.69,154.21,205.52
121,1,bus,831.26,2153.4,256.57,341.81
122,247,car,1438.65,2503.31,280.4,219.35
122,341,car,1675.5,2303.28,230.01,162.91
122,317,car,417.1,1872.88,94.81,105.16
122,7,bus,269.69,3590.53,532.66,495.24
122,484,car,176.95,2707.38,215.14,294.26
122,496,car,2044.88,2854.18,144.64,328.81
122,509,truck,268.31,3590.18,533.64,495.96
122,123,car,1082.99,2392.94,96.83,169.21
122,438,bus,1760.37,1984.77,190.93,184.11
122,526,car,2080.25,2608.93,159.49,210.4
122,529,car,1266.9,2161.36,111.55,89.41
122,1,bus,831.64,2153.71,252.14,338.43
122,427,bus,1685.37,1974.37,328.41,209.28
122,372,person,518.88,2268.07,74.14,141.47
123,247,car,1428.41,2496.26,283.87,221.9
123,341,car,1665.3,2299.4,228.18,161.07
123,7,bus,267.22,3591.41,530.16,493.46
123,484,car,183.95,2700.77,227.35,293.24
123,496,car,2037.14,2860.23,158.51,344.94
123,509,car,266.11,3590.92,531.44,494.35
123,123,car,1076.37,2388.39,93.26,163.94
123,438,bus,1765.32,1990.33,194.55,187.19
123,526,car,2071.84,2605.09,152.87,200.38
123,1,bus,833.42,2166.32,229.48,305.88
123,536,car,1082.83,2060.35,112.75,104.23
123,372,person,519.48,2260.14,69.57,135.8
123,3,car,1177.97,1981.01,120.48,83.51
124,247,car,1417.13,2489.69,277.59,215.8
124,341,car,1655.71,2295.87,225.47,158.62
124,7,bus,267.58,3591.57,529.58,493.15
124,484,car,192.88,2693.78,236.66,286.34
124,496,car,2028.91,2860.33,172.98,360.37
124,509,car,266.43,3591.04,530.78,494.03
124,526,car,2064.31,2596.05,155.52,201.98
124,1,truck,833.06,2169.03,217.39,286.81
124,536,car,1074.25,2060.4,113.6,104.86
124,372,person,522.53,2255.84,67.66,133.8
124,539,person,1483.46,2343.76,82.46,132.94
124,3,car,1173.39,1980.22,120.33,82.89
125,247,car,1411.09,2484.44,277.69,214.94
125,341,car,1649.27,2291.3,224.15,157.17
125,7,truck,268.13,3592.06,528.91,492.3
125,484,car,200.84,2688.32,244.63,277.43
125,496,car,2021.19,2857.03,185.73,370.04
125,509,bus,268.67,3592.17,528.84,491.96
125,526,car,2054.64,2587.29,150.47,191.26
125,1,bus,834.19,2166.52,215.88,283.44
125,536,car,1065.03,2062.62,113.65,104.58
125,372,person,524.76,2253.51,66.5,135.0
125,3,car,1169.42,1978.47,116.82,79.38
126,247,car,1402.54,2478.28,276.99,213.57
126,341,car,1640.5,2288.86,221.63,155.06
126,7,car,267.63,3592.97,527.1,490.49
126,484,car,211.15,2680.41,259.53,276.65
126,496,car,2015.85,2846.66,197.82,378.06
126,509,bus,268.75,3593.33,526.64,489.7
126,526,car,2045.46,2579.45,148.23,182.41
126,1,bus,833.86,2165.09,215.55,281.59
126,536,car,1059.81,2066.99,98.83,89.98
126,372,person,527.06,2252.04,66.77,138.12
126,3,car,1166.75,1976.88,112.36,74.56
126,543,bus,709.13,1964.74,102.74,141.71
126,56,car,1222.34,2148.45,143.66,124.78
126,317,car,416.68,1877.84,92.54,103.27
126,438,bus,1791.64,2000.77,196.8,190.55
127,247,car,1394.5,2471.25,275.91,212.03
127,341,car,1628.06,2285.73,226.06,158.1
127,7,car,268.74,3593.91,525.88,488.81
127,484,car,220.92,2669.99,273.11,273.37
127,496,car,2004.01,2836.78,206.77,374.31
127,509,bus,270.26,3594.46,524.85,487.42
127,526,car,2037.83,2571.83,153.42,182.25
127,1,bus,834.73,2160.7,220.35,287.11
127,372,person,530.58,2248.79,63.54,131.81
127,543,bus,708.74,1963.7,102.67,141.67
127,56,car,1221.21,2153.05,131.89,113.41
127,317,car,416.52,1877.9,94.37,105.66
127,438,bus,1803.1,2002.0,191.5,184.56
127,399,person,145.73,2260.65,58.78,166.27
127,427,bus,1716.21,1983.79,343.79,216.1
127,123,car,1050.37,2375.94,90.46,159.61
128,247,car,1386.07,2465.74,277.89,214.29
128,341,car,1622.29,2282.47,226.67,159.11
128,7,bus,270.21,3595.4,523.41,485.56
128,484,car,230.01,2660.72,283.56,266.25
128,496,car,1996.86,2822.78,220.95,381.8
128,509,car,269.95,3595.33,523.67,485.71
128,526,car,2031.53,2563.53,154.89,175.57
128,1,bus,833.7,2161.33,216.75,280.31
128,372,person,531.23,2247.88,62.08,129.8
128,543,bus,707.69,1965.77,100.17,138.14
128,56,car,1225.47,2161.64,109.2,91.26
128,317,car,417.6,1882.31,88.51,98.73
128,399,person,146.95,2273.65,63.6,185.07
128,427,bus,1720.04,1987.4,371.98,235.02
128,123,motorcycle,1045.37,2371.19,89.63,159.25
128,536,car,1054.54,2064.1,102.94,92.85
129,247,car,1376.48,2458.48,272.54,210.14
129,341,car,1611.42,2279.37,225.57,158.59
129,7,bus,271.14,3596.9,521.54,482.51
129,484,car,241.54,2656.78,295.65,262.81
129,496,car,1989.59,2813.17,236.54,391.39
129,509,car,270.14,3596.77,521.99,483.03
129,526,car,2025.68,2556.86,161.89,174.8
129,1,bus,834.1,2162.15,215.05,275.5
129,372,person,532.43,2245.87,60.47,126.88
129,543,bus,704.24,1966.49,97.52,134.64
129,56,car,1224.16,2158.99,104.21,85.3
129,317,car,414.43,1881.43,87.03,95.89
129,427,bus,1721.56,1990.74,375.12,237.55
129,536,car,1054.42,2063.51,105.92,95.0
130,247,car,1367.36,2451.69,271.0,208.35
130,341,car,1601.07,2276.29,226.06,159.54
130,7,bus,272.33,3598.22,520.39,479.83
130,484,car,256.85,2651.51,310.41,263.04
130,496,car,1982.44,2801.17,241.78,379.87
130,509,car,270.66,3597.77,521.2,481.01
130,526,car,2022.27,2549.36,170.74,175.96
130,1,truck,835.98,2163.57,212.99,270.71
130,372,person,534.61,2244.09,59.92,125.71
130,543,bus,702.81,1965.99,95.78,131.99
130,317,car,419.06,1884.31,85.61,93.62
130,427,bus,1727.15,1996.82,375.68,238.36
130,536,car,1051.53,2063.34,107.59,95.64
130,3,car,1148.71,1974.62,124.12,82.42
130,123,motorcycle,1032.18,2368.09,85.1,153.47
131,247,car,1358.34,2444.0,264.82,202.62
131,341,car,1593.72,2273.65,215.27,151.84
131,7,car,270.54,3599.18,519.44,477.72
131,484,car,274.07,2644.57,323.41,263.54
131,496,car,1975.3,2788.94,246.66,366.65
131,509,bus,271.04,3600.06,517.9,476.74
131,526,car,2015.21,2545.44,181.66,178.23
131,1,bus,835.65,2163.46,208.9,262.78
131,543,bus,701.27,1968.02,95.13,130.48
131,317,car,419.6,1889.39,83.99,90.24
131,427,bus,1739.83,2000.0,375.14,238.68
131,536,car,1049.69,2063.93,107.58,94.97
131,3,car,1144.32,1971.99,124.2,82.99
131,123,motorcycle,1026.5,2366.08,82.1,147.68
131,438,bus,1825.19,2018.43,199.38,192.0
131,56,car,1221.03,2154.02,106.66,86.7
132,247,car,1350.88,2438.32,262.23,199.91
132,341,car,1585.92,2267.57,222.09,158.37
132,7,car,270.67,3600.29,518.67,475.41
132,484,car,288.98,2637.84,333.06,262.51
132,496,car,1968.39,2778.19,249.32,348.67
132,509,bus,272.34,3601.54,516.64,473.95
132,1,bus,836.26,2162.8,210.28,262.72
132,543,bus,697.95,1967.21,94.43,128.93
132,317,car,418.39,1888.63,84.62,89.07
132,427,bus,1746.62,2006.02,374.3,239.27
132,536,car,1045.99,2063.01,110.26,97.15
132,123,motorcycle,1020.53,2363.96,79.9,144.19
132,562,truck,1967.89,2774.11,357.71,352.89
132,56,car,1223.09,2154.63,101.1,82.82
132,372,person,535.05,2242.36,57.44,120.29
133,247,car,1342.34,2433.4,263.43,200.96
133,341,car,1580.46,2265.32,217.25,155.39
133,7,car,269.09,3603.15,514.52,469.9
133,484,car,305.08,2631.22,339.2,259.89
133,509,bus,271.07,3604.46,512.14,468.13
133,1,bus,837.35,2160.93,211.9,263.13
133,536,car,1044.6,2064.62,106.9,93.41
133,562,car,1964.79,2769.03,336.69,330.91
133,56,car,1220.33,2152.1,104.27,85.73
133,438,bus,1834.44,2030.0,202.19,195.09
134,247,car,1335.19,2429.95,261.88,200.32
134,341,car,1573.62,2264.75,212.99,152.92
134,7,bus,270.77,3604.4,513.58,467.27
134,484,car,322.78,2625.55,341.6,254.99
134,509,car,270.46,3605.25,512.33,466.48
134,1,bus,837.19,2158.63,211.72,261.56
134,536,car,1043.42,2064.92,106.56,92.68
134,562,car,1953.47,2758.24,331.52,323.55
134,568,person,145.65,2246.89,58.68,184.34
134,438,bus,1847.11,2033.18,202.18,197.44
134,3,car,1126.9,1979.77,122.39,82.17
134,496,truck,1953.08,2756.11,257.39,334.68
134,317,car,420.26,1894.47,79.37,80.58
134,427,bus,1752.12,2012.81,377.8,240.96
134,123,motorcycle,1006.24,2357.7,80.15,143.52
135,247,car,1326.51,2426.55,259.03,198.64
135,341,car,1567.48,2266.06,204.26,147.11
135,7,bus,267.82,3606.3,510.2,462.88
135,484,car,337.69,2619.64,344.73,251.55
135,509,car,267.89,3606.95,509.9,462.53
135,1,bus,837.12,2156.36,213.29,262.69
135,536,car,1042.3,2063.62,110.36,96.01
135,562,car,1946.49,2747.35,336.97,325.64
135,571,person,443.11,2090.05,35.93,91.45
135,574,car,1986.38,2539.6,347.24,207.36
135,3,car,1123.8,1980.61,121.49,81.7
135,317,car,417.29,1895.0,84.26,82.64
135,427,bus,1759.1,2017.95,375.26,238.9
135,123,motorcycle,1000.9,2353.96,82.88,149.13
135,543,bus,691.27,1969.91,93.76,126.67
136,247,car,1317.65,2423.79,255.18,195.25
136,341,car,1554.41,2257.05,192.3,137.55
136,7,bus,269.23,3607.42,510.18,461.0
136,484,car,352.58,2614.59,349.35,249.99
136,509,car,267.46,3608.14,509.34,459.92
136,1,bus,835.45,2145.44,228.06,282.65
136,562,car,1941.44,2737.76,345.58,330.03
136,571,person,440.46,2093.26,36.92,93.81
136,574,car,1981.39,2529.51,344.77,203.29
136,317,car,418.78,1896.32,83.74,79.99
136,123,motorcycle,996.55,2351.96,81.76,148.3
136,438,bus,1860.94,2041.16,202.29,198.35
137,247,car,1309.64,2420.75,254.32,194.61
137,341,car,1550.91,2261.99,191.6,136.77
137,7,car,268.97,3609.7,507.45,456.46
137,484,car,366.56,2608.99,352.38,248.34
137,509,bus,269.2,3610.24,507.21,456.18
137,1,bus,835.21,2127.34,251.7,317.57
137,562,car,1932.45,2726.73,354.51,333.3
137,571,person,438.94,2095.28,36.56,92.68
137,574,car,1974.34,2526.93,343.34,201.92
137,317,car,417.55,1897.22,87.9,82.16
137,438,bus,1863.78,2044.11,204.74,200.06
137,536,car,1028.78,2059.12,119.86,103.17
137,3,car,1112.2,1981.04,124.39,84.45
138,247,car,1301.75,2418.17,255.33,195.33
138,341,car,1539.9,2255.73,199.74,143.56
138,7,car,267.84,3611.37,506.47,453.44
138,484,car,379.59,2605.0,357.02,249.04
138,509,bus,269.79,3611.67,506.46,453.54
138,1,bus,834.12,2117.8,258.54,331.83
138,562,car,1925.2,2715.47,354.29,326.4
138,571,person,439.34,2100.16,39.98,101.25
138,574,car,1967.94,2527.75,379.56,223.44
138,317,car,416.74,1898.64,88.55,80.45
138,438,bus,1871.07,2050.64,203.4,198.45
138,536,car,1023.95,2060.28,120.62,103.08
138,3,car,1109.53,1981.72,121.97,83.83
138,427,bus,1786.55,2033.67,359.65,227.73
139,247,car,1295.36,2413.34,253.12,194.18
139,341,car,1534.71,2252.92,189.54,136.15
139,7,car,266.9,3612.35,506.98,451.88
139,484,car,396.01,2599.5,357.69,246.25
139,509,bus,268.85,3612.61,506.49,451.7
139,1,bus,833.66,2138.95,227.43,289.21
139,562,car,1911.09,2706.19,354.56,319.67
139,571,person,437.34,2101.15,40.37,102.17
139,574,car,1959.65,2522.9,394.84,232.54
139,438,bus,1883.26,2057.11,201.2,197.73
139,536,car,1020.02,2064.79,112.39,94.89
139,427,bus,1788.35,2034.93,372.35,234.88
139,568,person,144.04,2272.54,55.28,171.33
139,123,person,976.08,2343.07,76.16,138.71
140,247,car,1287.23,2409.23,249.29,190.79
140,341,car,1523.65,2250.24,190.59,137.28
140,7,truck,265.44,3614.22,504.7,448.15
140,484,car,410.26,2597.01,354.54,241.54
140,509,car,265.74,3614.48,504.29,447.9
140,1,bus,832.27,2135.4,227.33,290.14
140,562,car,1897.25,2699.34,360.06,317.84
140,571,person,437.87,2110.03,41.42,104.41
140,574,car,1950.62,2521.3,415.42,245.34
140,438,bus,1893.27,2060.97,199.64,197.27
140,536,car,1017.92,2066.06,111.31,93.25
140,427,bus,1793.51,2039.27,373.09,234.46
140,496,truck,1892.7,2701.71,276.09,320.48
140,317,car,418.1,1906.03,92.07,81.73
140,3,car,1103.13,1980.81,118.79,81.84
141,247,car,1279.19,2406.82,247.37,189.09
141,341,car,1510.03,2249.61,189.6,137.04
141,7,car,264.24,3615.15,504.97,446.6
141,484,car,421.78,2593.48,353.24,238.74
141,509,bus,265.55,3615.12,504.68,446.73
141,1,bus,832.57,2145.41,213.97,271.29
141,562,car,1878.75,2692.62,365.1,315.91
141,571,person,434.04,2108.98,40.01,100.53
141,574,car,1939.05,2519.02,431.97,256.2
141,536,car,1015.43,2068.08,107.7,89.3
141,427,bus,1800.39,2044.73,386.93,242.75
141,317,car,417.66,1910.19,94.65,82.53
141,3,car,1100.95,1983.62,122.4,84.4
142,247,car,1269.6,2403.96,241.73,184.45
142,341,car,1501.1,2246.11,191.65,139.28
142,7,car,262.39,3617.41,501.56,441.39
142,484,car,433.66,2590.04,350.57,235.09
142,1,truck,830.86,2148.26,205.18,258.31
142,562,car,1867.27,2684.25,366.59,311.63
142,571,person,434.8,2111.97,39.29,97.9
142,574,car,1932.83,2512.88,421.46,251.47
142,536,car,1013.69,2070.26,105.21,86.12
142,427,bus,1805.7,2050.89,394.5,246.56
142,317,car,419.6,1912.44,95.6,82.31
142,3,car,1096.2,1983.07,120.23,83.0
142,593,car,1160.65,2152.1,129.44,112.87
142,438,bus,1905.44,2071.72,206.81,203.86
143,247,car,1260.13,2399.84,243.91,186.33
143,341,car,1495.72,2245.58,186.64,135.39
143,7,bus,262.87,3620.48,497.7,435.97
143,484,car,448.76,2585.64,347.35,230.96
143,1,truck,828.92,2149.02,201.83,252.65
143,562,car,1852.81,2674.74,364.78,305.07
143,571,person,434.33,2114.6,40.74,101.34
143,574,car,1918.9,2505.25,400.66,240.04
143,536,car,1010.87,2069.82,109.44,88.91
143,427,bus,1812.78,2058.16,397.14,246.73
143,593,car,1158.7,2158.43,117.48,102.05
144,247,car,1252.9,2397.79,244.27,186.75
144,341,car,1490.54,2246.82,188.62,137.17
144,7,bus,265.15,3621.62,497.72,433.68
144,484,car,459.61,2578.3,341.39,225.09
144,1,bus,825.92,2136.31,216.21,272.34
144,562,truck,1840.88,2666.13,365.79,300.79
144,571,person,433.61,2117.41,36.2,88.57
144,574,car,1897.66,2500.02,398.69,240.51
144,536,car,1003.53,2070.22,110.33,88.87
144,427,bus,1818.62,2061.8,399.2,246.8
144,593,car,1172.42,2161.34,104.3,90.82
144,600,car,264.01,3620.51,520.43,434.8
144,543,car,669.97,1977.13,88.38,118.16
144,496,car,1839.76,2661.41,292.69,312.59
145,247,car,1246.9,2394.79,242.21,185.12
145,341,car,1481.84,2247.2,189.62,137.62
145,7,bus,261.34,3624.81,492.75,427.48
145,484,car,470.54,2574.74,339.33,222.21
145,1,bus,825.29,2140.79,211.11,265.04
145,562,car,1824.64,2661.13,369.06,299.38
145,571,person,431.5,2117.89,36.68,89.49
145,574,car,1881.77,2494.71,394.4,239.35
145,536,car,998.62,2070.25,117.21,94.15
145,427,bus,1829.38,2066.87,403.16,248.74
145,593,car,1149.85,2145.83,140.72,122.45
145,600,car,258.93,3623.62,513.12,428.62
145,123,motorcycle,939.15,2339.35,75.76,138.69
145,438,bus,1937.47,2082.21,196.93,192.95
146,247,car,1240.6,2394.4,238.07,181.6
146,341,car,1471.68,2247.55,185.71,134.58
146,7,bus,259.85,3627.31,489.29,422.28
146,484,car,481.54,2571.44,342.77,223.47
146,1,bus,823.79,2139.69,213.43,268.28
146,562,car,1809.34,2657.41,369.65,296.86
146,571,person,431.46,2121.56,35.72,86.82
146,574,car,1863.78,2488.47,383.35,233.49
146,536,car,993.53,2068.81,124.14,99.6
146,427,bus,1833.11,2073.4,409.07,251.57
146,593,car,1141.5,2143.04,146.29,127.18
146,600,car,257.42,3627.08,505.14,421.67
146,605,person,538.74,2228.26,54.59,112.37
146,438,bus,1940.19,2092.22,209.97,205.93
146,317,car,415.92,1923.46,109.49,94.27
146,543,bus,661.0,1975.47,93.74,125.29
147,247,car,1230.9,2391.44,233.41,177.48
147,341,car,1467.83,2245.45,177.55,128.99
147,7,bus,260.5,3629.11,488.25,418.87
147,484,car,492.32,2566.11,342.89,222.72
147,1,bus,822.89,2147.33,209.05,261.18
147,562,car,1794.31,2652.18,374.46,298.61
147,571,person,430.53,2125.62,38.61,94.46
147,574,car,1851.2,2487.35,382.41,233.89
147,536,car,987.6,2067.56,126.38,101.43
147,427,bus,1838.33,2079.94,418.61,257.86
147,593,car,1135.61,2145.08,146.03,126.76
147,600,car,258.59,3629.1,501.05,417.68
147,605,person,538.23,2227.43,54.68,112.6
147,609,car,2098.25,3378.44,103.41,227.66
147,317,car,407.1,1925.63,113.14,94.09
148,247,car,1222.1,2388.97,233.91,178.29
148,341,car,1461.62,2246.67,172.15,124.07
148,7,bus,259.86,3630.69,486.78,415.47
148,484,car,501.54,2564.37,339.66,219.43
148,1,bus,821.63,2146.38,212.91,265.25
148,562,car,1781.16,2647.56,372.94,294.73
148,571,person,428.97,2127.77,35.58,87.2
148,574,car,1837.22,2487.41,390.34,240.89
148,536,car,988.88,2072.2,118.67,94.64
148,427,bus,1851.98,2085.54,412.01,252.58
148,593,car,1131.3,2153.14,129.24,111.03
148,600,car,258.15,3630.52,498.36,414.73
148,605,person,538.03,2226.89,55.87,115.34
148,609,car,2082.94,3345.4,118.61,259.41
148,610,car,1497.48,2052.31,135.36,88.04
149,247,car,1215.43,2385.91,230.43,175.62
149,341,car,1452.06,2244.82,175.86,126.58
149,484,car,511.83,2559.39,334.97,215.86
149,1,bus,820.81,2147.4,210.38,261.15
149,562,car,1764.18,2640.75,372.87,292.76
149,571,person,426.64,2128.05,35.9,88.81
149,574,truck,1824.72,2479.75,372.26,230.25
149,536,car,985.42,2074.33,115.89,91.66
149,427,bus,1855.02,2091.14,430.14,263.84
149,593,car,1125.8,2150.93,137.24,117.85
149,605,person,537.47,2226.7,57.54,119.01
149,610,car,1502.05,2055.52,131.65,85.6
149,613,car,1823.71,2482.68,316.27,228.6
149,123,car,914.03,2333.73,72.05,131.01
150,247,car,1206.97,2384.33,233.72,178.69
150,341,car,1446.34,2244.34,174.81,125.69
150,484,car,522.1,2556.85,338.41,218.27
150,1,bus,818.8,2142.62,212.97,262.48
150,562,car,1750.22,2632.93,368.8,287.25
150,571,person,426.76,2131.7,35.84,88.91
150,574,car,1810.71,2476.74,369.62,230.22
150,536,car,988.42,2078.33,110.31,87.14
150,427,bus,1860.35,2093.23,440.2,270.4
150,593,car,1126.9,2154.31,128.23,109.61
150,605,person,535.45,2229.13,56.63,117.15
150,610,car,1508.41,2060.15,135.76,88.4
150,613,truck,1815.1,2480.35,328.8,237.57
150,123,car,908.77,2334.63,72.97,131.59
150,568,person,143.67,2283.44,57.03,172.23
150,7,car,258.49,3633.87,482.98,408.78
151,247,car,1199.46,2382.05,234.83,179.9
151,341,car,1438.8,2243.98,174.47,125.38
151,484,car,529.66,2554.35,331.75,213.31
151,1,bus,814.74,2141.53,213.36,262.61
151,562,car,1737.43,2627.21,361.19,278.76
151,571,person,422.34,2137.71,38.74,96.19
151,574,car,1791.83,2471.19,360.46,224.51
151,427,bus,1868.1,2094.98,447.04,274.73
151,593,car,1130.24,2161.6,115.05,97.9
151,605,person,534.35,2230.92,57.0,118.07
151,613,truck,1797.22,2468.44,313.97,225.97
151,123,motorcycle,902.44,2339.7,75.78,136.91
151,568,person,144.28,2279.48,59.39,177.85
151,7,car,257.06,3635.1,483.97,406.68
151,496,truck,1734.84,2623.89,288.63,283.88
151,609,motorcycle,2016.14,3289.89,148.15,315.92
152,247,car,1193.78,2378.03,229.71,175.31
152,341,car,1428.95,2241.98,177.91,128.03
152,484,car,538.62,2552.05,331.9,213.66
152,1,bus,811.03,2146.68,206.49,253.72
152,562,car,1724.01,2620.61,354.31,271.43
152,571,person,420.15,2139.43,39.26,96.37
152,574,car,1777.46,2473.02,373.63,234.77
152,427,bus,1876.56,2097.42,445.48,273.5
152,593,car,1127.32,2164.08,111.42,94.16
152,605,person,533.56,2232.97,57.33,118.92
152,613,truck,1784.02,2468.64,331.31,238.15
152,123,motorcycle,896.86,2340.22,76.02,138.85
152,7,car,253.06,3636.3,483.56,404.43
152,496,truck,1723.67,2614.45,299.46,279.08
152,609,motorcycle,1980.15,3261.19,156.66,325.2
153,247,car,1186.65,2375.59,231.46,176.16
153,341,car,1419.63,2241.31,177.69,128.32
153,484,car,546.36,2548.77,327.53,211.54
153,1,truck,805.12,2156.54,195.83,237.82
153,562,car,1709.26,2610.38,352.94,268.02
153,571,person,416.01,2142.3,39.34,94.77
153,427,bus,1882.62,2102.83,446.55,272.9
153,593,car,1120.18,2161.79,117.13,98.74
153,605,person,534.12,2230.0,58.34,121.58
153,123,person,890.96,2336.14,72.18,132.11
153,7,car,256.49,3638.86,481.72,399.31
153,609,motorcycle,1946.02,3236.62,156.81,315.84
153,536,car,971.18,2079.04,113.69,89.68
154,247,car,1175.84,2375.85,230.12,175.1
154,341,car,1408.1,2238.94,176.52,127.38
154,484,car,553.13,2547.41,326.02,211.27
154,1,truck,803.5,2156.87,196.27,237.14
154,562,car,1696.62,2602.33,347.5,260.98
154,427,bus,1890.59,2106.89,450.89,274.63
154,593,car,1113.49,2161.03,120.76,101.3
154,605,person,533.18,2227.51,56.48,118.14
154,123,person,886.14,2334.83,72.88,133.77
154,7,car,256.61,3641.23,479.78,394.37
154,609,motorcycle,1907.93,3212.25,160.06,313.97
154,536,car,965.87,2085.63,109.54,85.44
154,568,person,144.55,2298.57,53.31,157.01
154,574,car,1757.88,2460.57,352.84,223.0
155,247,car,1168.99,2372.49,227.14,172.73
155,341,car,1407.87,2241.05,171.61,124.2
155,484,car,560.36,2544.23,321.03,208.36
155,1,bus,796.49,2153.17,201.83,241.78
155,562,car,1684.02,2597.72,348.44,259.68
155,427,bus,1899.27,2115.24,452.7,275.09
155,593,car,1105.45,2157.91,131.64,109.96
155,605,person,531.51,2227.32,56.36,117.86
155,123,person,877.96,2336.23,71.69,132.35
155,7,car,254.83,3643.65,477.4,389.45
155,609,motorcycle,1872.91,3185.9,157.66,301.0
155,536,car,965.94,2086.38,112.82,88.3
155,631,truck,796.98,2159.49,195.02,227.02
155,568,person,143.49,2296.85,55.51,163.03
155,574,car,1746.46,2458.55,350.75,224.21
156,247,car,1162.15,2369.18,223.46,169.83
156,341,car,1400.26,2241.02,171.95,124.23
156,484,car,566.36,2540.28,310.98,201.73
156,1,bus,794.32,2152.42,204.89,244.83
156,562,car,1670.83,2591.74,352.02,261.44
156,427,bus,1913.51,2123.59,459.27,277.87
156,593,car,1099.93,2163.35,129.05,105.98
156,605,person,530.0,2226.99,55.84,116.63
156,123,person,872.15,2333.06,69.24,129.08
156,7,car,255.78,3645.85,476.07,384.95
156,609,motorcycle,1840.98,3156.46,156.66,292.07
156,536,car,961.34,2089.18,108.15,84.55
156,574,car,1741.25,2456.87,349.44,227.26
157,247,car,1155.94,2366.78,224.03,170.1
157,341,car,1391.12,2237.62,166.65,120.42
157,484,car,575.38,2537.44,309.88,201.36
157,1,bus,789.88,2150.64,209.74,249.76
157,562,car,1662.02,2585.8,347.58,257.22
157,427,bus,1918.85,2135.8,460.99,277.8
157,593,car,1097.63,2165.13,124.41,100.54
157,605,person,527.93,2225.31,56.49,118.39
157,123,person,866.75,2331.19,68.83,129.29
157,7,car,252.22,3647.93,474.1,380.88
157,609,motorcycle,1807.47,3133.3,155.53,283.82
157,536,car,958.07,2090.73,108.5,83.9
157,574,car,1723.26,2448.5,345.26,225.97
157,568,person,144.18,2308.35,57.39,167.14
158,247,car,1150.95,2364.24,217.88,164.63
158,341,car,1387.15,2239.41,166.76,121.12
158,484,car,583.21,2534.37,311.29,203.17
158,1,bus,788.24,2149.47,208.2,246.82
158,562,car,1642.43,2581.3,352.2,259.94
158,427,bus,1932.96,2149.51,435.97,260.9
158,593,car,1091.64,2168.87,130.01,103.68
158,605,person,526.45,2224.92,55.22,116.64
158,7,car,251.08,3649.66,472.92,377.38
158,609,motorcycle,1774.97,3109.65,154.94,278.06
158,536,car,954.87,2089.96,106.42,82.37
158,574,car,1710.29,2446.29,342.98,226.81
158,568,person,144.32,2313.18,51.31,143.81
158,438,bus,2048.17,2158.57,217.95,213.09
158,543,bus,635.52,1992.0,86.99,113.84
159,247,car,1143.76,2363.17,216.72,163.33
159,341,car,1380.45,2238.33,165.92,120.73
159,484,car,588.95,2531.17,308.18,201.6
159,1,bus,781.78,2146.46,207.52,244.79
159,562,car,1631.42,2576.35,352.27,260.17
159,427,bus,1939.61,2155.31,435.41,260.1
159,593,car,1086.53,2171.27,130.72,102.87
159,605,person,525.85,2224.68,54.86,116.88
159,7,car,249.67,3652.57,467.77,371.03
159,609,motorcycle,1748.18,3087.13,149.5,262.45
159,536,car,947.51,2091.56,115.19,88.74
159,574,car,1695.62,2443.9,348.82,234.23
159,568,person,141.74,2298.57,60.67,169.67
159,639,car,1567.8,2125.13,138.89,103.36
159,438,bus,2052.01,2163.58,215.99,215.81
159,123,person,854.71,2336.16,67.99,128.51
160,247,car,1132.95,2362.14,214.05,161.06
160,341,car,1374.62,2238.8,165.67,121.3
160,484,car,594.61,2527.76,308.21,202.74
160,1,bus,780.15,2148.69,205.22,241.22
160,562,car,1619.11,2570.97,346.16,254.48
160,427,bus,1935.63,2153.15,448.75,272.14
160,593,car,1081.99,2173.05,124.54,96.04
160,605,person,523.69,2224.18,53.97,115.06
160,7,car,246.91,3654.58,465.82,367.34
160,609,motorcycle,1718.98,3062.4,150.52,261.79
160,536,car,945.7,2093.58,118.01,90.68
160,574,car,1682.83,2439.96,340.08,230.54
160,639,car,1576.75,2132.34,142.34,105.91
160,438,bus,2057.36,2161.57,205.0,198.69
160,642,person,1844.32,2858.28,143.67,176.08
161,247,car,1122.55,2361.79,210.75,158.19
161,341,car,1374.54,2241.29,158.7,117.1
161,484,car,601.38,2524.2,307.11,203.31
161,1,bus,776.92,2147.32,207.53,243.23
161,562,car,1611.5,2564.85,346.93,254.52
161,427,bus,1933.91,2154.35,452.18,279.22
161,593,car,1078.26,2163.48,135.01,104.82
161,605,person,522.04,2222.01,53.39,115.19
161,7,car,245.4,3655.87,463.6,364.18
161,609,motorcycle,1693.02,3047.92,150.59,258.63
161,536,car,944.13,2095.33,114.79,87.84
161,574,car,1669.86,2433.47,327.46,223.15
161,639,car,1583.65,2134.05,139.46,103.5
161,438,bus,2058.03,2173.4,203.95,206.9
161,642,person,1828.85,2862.22,143.04,175.76
161,571,person,396.02,2160.83,37.85,91.03
161,123,person,842.49,2334.13,70.12,133.92
162,247,car,1116.84,2360.79,211.68,158.61
162,341,car,1373.32,2243.81,146.58,109.31
162,484,car,606.51,2522.12,300.02,199.54
162,1,bus,771.69,2141.88,216.78,253.76
162,562,car,1602.24,2560.17,344.67,253.43
162,427,bus,1898.16,2150.53,413.02,253.98
162,593,car,1069.79,2157.7,148.54,115.9
162,605,person,521.11,2223.92,50.95,110.39
162,7,car,241.99,3657.98,459.41,359.86
162,609,motorcycle,1665.95,3034.01,144.56,242.73
162,536,car,941.41,2097.24,111.64,85.56
162,574,car,1669.06,2429.0,315.59,219.24
162,639,car,1589.62,2138.63,137.71,101.85
162,438,bus,2061.01,2172.84,197.97,197.93
162,642,person,1803.01,2855.94,151.31,186.83
162,571,person,394.24,2164.71,39.02,94.03
162,123,person,837.66,2331.69,71.58,137.36
163,247,car,1111.25,2357.67,215.06,161.34
163,341,car,1364.29,2241.2,150.7,112.77
163,484,car,611.69,2518.65,294.41,196.86
163,1,bus,768.65,2141.19,215.85,251.79
163,562,car,1587.69,2556.62,340.59,249.38
163,427,bus,1924.7,2159.35,440.75,271.52
163,593,car,1064.79,2160.48,137.71,106.16
163,605,person,518.68,2223.51,51.58,112.65
163,7,car,238.39,3659.18,457.18,357.37
163,609,motorcycle,1638.55,3007.16,150.05,251.08
163,536,car,936.36,2098.35,109.28,83.92
163,574,car,1657.41,2432.72,326.29,231.06
163,639,car,1595.68,2142.79,136.23,100.26
163,571,person,393.06,2166.74,37.91,90.32
163,123,person,831.78,2326.16,70.12,134.78
163,650,car,2116.71,2891.59,77.53,172.62
163,543,car,620.66,2000.08,85.86,110.69
163,568,person,144.19,2334.55,55.74,153.39
164,247,car,1105.4,2356.17,212.1,157.97
164,341,car,1350.02,2236.55,151.58,112.97
164,484,car,615.98,2517.67,287.41,192.96
164,1,bus,765.91,2138.74,223.15,259.71
164,562,car,1574.29,2553.62,341.19,249.25
164,427,bus,1933.38,2165.55,453.24,283.96
164,593,car,1058.99,2161.09,145.19,111.76
164,605,person,517.52,2224.12,49.38,108.15
164,7,car,234.64,3660.75,453.68,354.26
164,609,motorcycle,1615.41,2994.28,142.61,235.07
164,536,car,930.35,2097.73,110.96,85.21
164,574,car,1640.97,2423.59,312.17,222.42
164,639,car,1611.6,2154.23,133.74,98.07
164,571,person,391.99,2169.17,37.23,89.39
164,123,person,824.53,2324.44,67.77,130.88
164,650,car,2107.97,2884.02,81.9,181.18
164,543,car,620.39,2005.02,83.86,104.34
165,247,car,1098.89,2351.87,213.09,158.5
165,341,car,1338.82,2236.21,152.73,113.43
165,484,car,619.33,2516.24,281.81,189.82
165,1,bus,767.2,2140.34,212.39,246.88
165,562,car,1562.18,2548.21,340.79,249.32
165,427,bus,1939.68,2173.53,440.65,282.0
165,593,car,1055.97,2161.62,146.87,112.65
165,605,person,516.87,2223.34,49.71,109.45
165,7,car,228.6,3661.56,450.6,352.53
165,609,motorcycle,1590.11,2978.03,140.74,230.04
165,574,car,1620.3,2418.67,294.86,208.65
165,639,car,1616.09,2156.91,129.81,93.85
165,571,person,389.79,2171.9,38.94,92.26
165,123,motorcycle,818.79,2326.7,72.13,140.6
165,650,car,2097.19,2878.58,86.71,189.03
165,543,car,618.61,2006.67,81.58,99.82
166,247,car,1091.6,2348.08,215.19,160.3
166,341,car,1335.6,2236.23,155.09,115.54
166,484,car,624.26,2513.96,281.64,190.46
166,1,bus,761.38,2142.39,208.35,242.1
166,562,car,1550.37,2543.32,335.32,246.4
166,427,bus,1945.07,2176.72,429.86,281.26
166,593,car,1049.51,2165.04,149.98,114.36
166,605,person,515.82,2223.38,48.99,108.23
166,7,car,225.68,3663.13,446.07,349.37
166,609,motorcycle,1566.52,2957.58,122.55,193.75
166,574,car,1612.71,2418.02,296.04,210.64
166,639,car,1625.28,2168.01,144.53,104.14
166,571,person,387.04,2174.05,40.9,96.95
166,123,motorcycle,812.89,2327.37,72.71,141.81
166,650,car,2088.07,2873.36,98.08,210.12
166,543,car,616.75,2007.67,83.14,100.49
166,642,motorcycle,1737.29,2891.3,110.83,135.75
166,568,person,144.38,2345.3,52.0,139.21
167,247,car,1080.63,2345.12,211.0,156.83
167,341,car,1335.59,2238.95,152.47,114.85
167,484,car,628.23,2510.78,282.15,192.08
167,1,truck,760.64,2148.78,187.91,215.47
167,562,car,1539.06,2538.2,321.33,235.45
167,427,bus,1946.06,2181.18,427.88,286.92
167,593,car,1045.63,2169.47,140.87,105.47
167,7,car,224.69,3664.2,443.21,347.32
167,609,motorcycle,1539.96,2914.35,130.76,206.3
167,574,car,1606.87,2414.53,291.13,209.63
167,571,person,385.32,2177.18,40.61,96.89
167,650,car,2077.54,2869.75,108.04,225.59
167,642,motorcycle,1714.78,2879.72,106.61,128.36
167,568,person,143.48,2344.58,50.82,133.35
168,247,car,1068.96,2343.11,210.73,156.77
168,341,car,1329.32,2236.65,144.53,109.56
168,484,car,633.8,2507.36,275.62,188.58
168,1,bus,757.12,2148.85,187.19,213.19
168,562,car,1528.28,2530.91,315.62,230.51
168,427,bus,1950.18,2182.03,419.64,284.5
168,593,car,1045.97,2169.54,129.36,95.28
168,609,motorcycle,1520.28,2903.07,125.47,196.21
168,574,car,1589.97,2410.64,298.77,216.35
168,571,person,382.54,2178.34,38.85,93.87
168,650,car,2067.52,2863.29,116.68,235.46
168,642,motorcycle,1700.14,2876.83,100.58,118.82
168,536,car,920.38,2105.0,110.8,84.43
168,639,car,1638.07,2173.3,131.69,93.26
168,123,car,800.46,2326.25,71.05,138.91
169,247,car,1062.5,2340.68,210.25,156.9
169,341,car,1312.98,2228.97,151.09,113.73
169,484,car,637.13,2505.01,274.11,189.03
169,562,car,1520.05,2524.27,311.95,227.61
169,427,bus,1948.31,2188.94,423.38,287.02
169,593,car,1040.84,2162.85,137.51,100.58
169,609,motorcycle,1500.03,2893.11,125.74,195.64
169,574,car,1578.24,2406.83,286.16,207.53
169,571,person,382.25,2178.35,38.35,93.29
169,650,car,2058.65,2865.0,134.89,264.5
169,536,car,916.75,2105.9,119.57,91.22
169,639,car,1641.86,2173.18,120.21,82.88
169,123,car,795.74,2323.8,72.46,142.85
169,7,car,224.4,3666.88,437.44,342.57
170,247,car,1058.2,2339.66,209.92,157.13
170,341,car,1304.32,2226.62,150.43,112.16
170,484,car,640.91,2501.9,265.96,184.29
170,562,car,1507.83,2518.65,312.67,227.88
170,427,bus,1954.99,2196.31,410.02,279.85
170,593,car,1034.45,2161.89,142.72,103.73
170,609,motorcycle,1479.91,2880.75,127.69,198.34
170,574,car,1563.12,2401.64,289.63,211.72
170,571,person,380.06,2180.55,37.37,91.19
170,650,car,2048.21,2860.06,154.75,294.86
170,536,car,915.39,2105.59,126.75,97.58
170,639,car,1653.64,2178.62,108.75,72.36
170,1,truck,753.02,2148.49,186.17,209.95
171,247,car,1051.87,2338.66,210.28,157.64
171,341,car,1298.23,2229.24,148.97,110.42
171,484,car,644.92,2498.73,261.72,182.37
171,562,car,1499.46,2514.84,309.93,226.09
171,427,bus,1956.02,2195.32,407.95,275.88
171,593,car,1027.3,2159.52,147.29,106.73
171,609,motorcycle,1457.97,2869.54,134.46,208.45
171,574,car,1554.4,2397.89,280.18,205.4
171,571,person,376.28,2184.02,39.51,96.86
171,650,car,2039.09,2856.32,163.68,300.02
171,536,car,905.66,2103.73,132.0,102.95
171,568,person,140.12,2348.77,56.34,147.68
171,123,person,785.27,2318.52,68.68,136.72
171,7,car,224.61,3669.07,433.06,338.8
172,247,car,1043.3,2339.04,203.48,152.45
172,341,car,1291.87,2227.68,150.99,111.78
172,484,car,647.96,2496.12,260.52,182.71
172,562,car,1492.43,2507.78,315.14,231.19
172,427,bus,1958.42,2200.65,403.17,275.04
172,593,car,1022.13,2160.02,148.13,107.32
172,609,motorcycle,1438.14,2839.43,132.36,205.3
172,574,car,1552.78,2386.65,253.26,187.66
172,571,person,375.25,2182.98,37.9,93.12
172,650,car,2030.33,2846.27,171.47,300.5
172,536,car,900.84,2101.71,132.53,104.56
172,568,person,136.83,2348.11,54.81,143.83
172,123,person,779.31,2317.85,61.64,123.63
172,7,car,223.07,3670.85,428.96,335.0
172,1,truck,739.9,2134.59,209.14,236.61
173,247,car,1033.85,2336.46,202.75,152.27
173,341,car,1286.33,2226.23,151.58,112.14
173,484,car,651.01,2493.56,257.95,181.91
173,562,car,1478.79,2503.98,314.92,232.08
173,427,bus,1962.37,2202.89,395.27,271.4
173,593,car,1020.38,2160.48,140.58,101.2
173,609,motorcycle,1418.82,2826.17,117.3,181.09
173,574,car,1536.23,2385.22,247.42,183.08
173,571,person,370.57,2184.65,39.38,95.67
173,650,car,2021.56,2833.89,178.74,297.63
173,536,car,898.86,2103.4,126.6,100.12
173,123,person,773.55,2319.02,63.75,128.96
173,7,car,222.38,3672.66,425.31,331.33
173,1,truck,738.16,2137.34,204.65,230.89
174,247,car,1027.3,2333.54,203.94,153.41
174,341,car,1278.21,2223.99,150.11,111.16
174,484,car,654.52,2492.85,260.06,184.25
174,562,car,1465.75,2501.93,313.5,232.96
174,427,bus,1967.42,2204.45,385.17,269.73
174,609,motorcycle,1401.16,2821.23,129.28,202.18
174,574,car,1526.64,2385.57,262.1,196.22
174,650,car,2013.19,2822.97,185.69,292.25
174,123,person,767.57,2318.94,61.89,125.51
174,7,car,220.39,3673.61,423.37,329.39
174,1,bus,731.46,2134.52,205.19,232.23
174,568,person,133.08,2346.3,60.93,161.38
175,247,car,1020.85,2329.24,204.33,154.0
175,341,car,1272.37,2223.38,143.71,106.1
175,484,car,657.06,2488.83,254.39,180.5
175,562,car,1457.33,2497.43,311.14,232.25
175,427,bus,1963.7,2211.25,392.6,283.82
175,609,motorcycle,1386.99,2803.86,134.74,213.63
175,574,car,1522.37,2384.08,258.33,194.85
175,650,car,2004.04,2812.49,194.98,289.13
175,123,person,761.74,2312.57,60.83,123.75
175,7,car,218.76,3675.45,419.61,325.56
175,1,bus,720.74,2131.34,213.85,241.02
175,568,person,133.78,2346.7,61.23,163.64
175,593,car,1009.15,2158.14,147.09,105.44
175,536,car,888.33,2102.14,116.08,91.23
176,247,car,1014.18,2326.97,200.66,151.37
176,341,car,1262.96,2219.93,144.1,105.61
176,484,car,656.21,2486.25,248.12,176.45
176,562,car,1447.97,2494.16,302.57,225.62
176,427,bus,1964.0,2215.0,392.01,290.07
176,609,motorcycle,1371.29,2804.9,123.67,197.37
176,574,car,1512.99,2380.41,259.19,197.83
176,650,car,1994.32,2803.22,201.08,278.38
176,123,person,757.4,2307.88,64.3,130.52
176,7,car,217.78,3676.29,418.06,323.81
176,1,bus,718.63,2131.41,215.05,242.09
176,593,car,1003.19,2155.46,156.9,112.52
176,536,car,886.03,2100.83,110.63,86.42
177,247,car,1008.19,2325.07,196.55,148.15
177,341,car,1254.26,2217.4,148.39,109.09
177,484,car,652.05,2483.52,244.19,175.35
177,562,car,1439.19,2490.09,300.49,225.33
177,427,bus,1971.96,2211.51,376.07,274.48
177,609,motorcycle,1351.55,2782.98,131.78,213.72
177,574,car,1505.17,2374.48,248.55,191.49
177,650,car,1988.96,2792.51,211.06,274.61
177,123,person,752.5,2310.52,62.47,127.27
177,7,car,215.54,3676.86,416.67,322.57
177,1,truck,719.07,2133.47,208.2,235.84
177,593,car,1000.54,2159.38,151.87,107.63
177,568,person,131.66,2345.76,61.7,167.17
178,247,car,998.19,2323.45,194.83,146.37
178,341,car,1248.6,2215.45,151.86,112.36
178,484,car,661.81,2478.11,244.39,175.9
178,562,car,1427.22,2484.75,295.21,222.18
178,427,bus,1974.21,2213.0,371.57,272.53
178,609,motorcycle,1336.41,2784.18,117.0,188.92
178,574,car,1496.39,2372.82,248.4,193.51
178,650,car,1979.22,2780.7,220.5,267.91
178,7,car,214.22,3678.04,414.17,320.13
178,1,bus,710.95,2134.36,206.99,233.9
178,593,car,997.52,2164.73,140.16,97.49
178,710,person,487.91,2214.25,47.38,99.53
178,568,person,131.23,2330.31,69.62,193.1
179,247,car,988.47,2323.32,191.45,143.29
179,341,car,1245.24,2216.97,156.18,116.59
179,484,car,665.58,2474.33,242.24,174.85
179,562,car,1416.95,2481.49,298.36,225.67
179,427,bus,1975.5,2216.31,369.0,275.38
179,609,motorcycle,1318.1,2756.89,123.67,202.07
179,574,car,1495.37,2372.3,245.24,195.73
179,650,car,1969.88,2770.51,234.44,266.96
179,7,car,213.79,3679.12,411.75,317.83
179,1,truck,708.24,2134.83,201.36,225.51
179,593,car,990.66,2161.93,148.65,102.86
179,710,person,485.38,2214.55,45.26,95.15
179,568,person,131.59,2340.3,61.86,171.41
180,247,car,983.54,2320.67,191.95,143.47
180,341,car,1241.41,2218.5,152.93,115.07
180,484,car,669.59,2471.95,246.04,178.4
180,562,car,1411.3,2471.52,287.29,217.2
180,427,bus,1978.19,2219.33,363.62,276.0
180,609,motorcycle,1301.67,2740.23,117.57,192.71
180,650,car,1960.78,2761.16,243.99,261.93
180,7,car,212.78,3679.72,410.22,316.52
180,1,truck,699.91,2133.64,203.56,225.36
180,593,car,987.86,2160.14,149.75,102.98
180,710,person,485.12,2214.91,43.85,92.15
180,568,person,130.78,2335.69,61.38,170.75
180,717,motorcycle,1326.35,2793.3,88.25,127.6
180,571,person,349.86,2190.4,37.1,90.01
181,247,car,975.62,2316.82,185.54,137.57
181,341,car,1233.74,2214.62,145.13,109.94
181,484,car,674.55,2470.32,242.05,176.05
181,562,car,1400.79,2469.69,283.98,214.3
181,427,bus,1980.1,2224.44,359.8,279.65
181,609,motorcycle,1287.34,2746.59,106.42,172.81
181,650,car,1943.81,2753.37,255.55,260.75
181,7,car,212.22,3681.31,406.82,313.3
181,1,bus,688.64,2133.67,208.48,228.42
181,593,car,983.62,2155.91,153.27,105.28
181,568,person,129.3,2332.95,63.22,177.29
181,571,person,347.9,2189.87,38.07,92.3
181,536,car,866.29,2105.99,123.13,97.02
182,247,car,968.82,2315.62,183.64,135.24
182,341,car,1228.95,2212.08,142.09,108.7
182,484,car,677.04,2467.07,243.28,177.81
182,562,car,1387.21,2464.26,276.17,208.02
182,427,bus,1986.24,2223.88,347.52,269.64
182,609,motorcycle,1274.01,2726.34,113.58,185.85
182,650,car,1926.07,2741.5,265.55,259.26
182,7,car,212.62,3682.06,405.49,311.71
182,568,person,129.18,2334.68,62.42,175.71
182,571,person,346.19,2191.95,39.42,95.35
182,710,person,480.22,2211.46,46.59,97.9
183,247,car,961.86,2307.21,194.8,144.02
183,341,car,1222.5,2208.16,138.38,106.31
183,484,car,678.68,2464.34,237.7,174.47
183,562,car,1379.92,2461.29,282.25,214.33
183,427,bus,1998.86,2214.12,322.27,243.07
183,609,motorcycle,1255.62,2701.94,117.31,194.0
183,650,car,1909.29,2730.19,270.44,253.88
183,7,car,211.96,3682.11,405.66,311.62
183,568,person,128.45,2329.87,67.31,192.54
183,571,person,343.55,2194.95,39.55,96.21
183,739,car,2068.49,3439.66,138.42,274.01
183,740,car,2027.04,3727.31,265.92,222.89
183,710,person,477.2,2209.98,46.88,98.73
183,593,car,974.6,2156.03,151.57,104.06
184,247,car,957.29,2304.38,190.44,140.07
184,341,car,1216.4,2204.91,141.25,109.36
184,484,car,678.98,2458.61,237.04,174.89
184,562,car,1373.01,2450.98,267.71,202.0
184,427,bus,1995.63,2222.22,328.75,259.89
184,609,motorcycle,1243.26,2692.24,115.08,191.15
184,650,car,1889.31,2718.98,278.07,252.84
184,7,car,209.75,3683.37,402.45,309.21
184,568,person,127.19,2328.37,66.43,192.58
184,571,person,341.44,2194.77,39.36,94.53
184,739,person,2041.05,3391.25,124.2,242.88
184,740,car,2015.35,3715.77,289.29,244.72
184,593,car,970.18,2154.9,161.02,111.53
184,123,person,717.41,2299.68,64.26,133.21
185,247,car,948.33,2304.31,189.09,138.76
185,341,car,1208.69,2204.72,135.65,104.15
185,484,car,682.06,2455.4,231.13,171.68
185,562,car,1363.47,2442.65,258.66,193.41
185,427,bus,2004.82,2219.85,310.36,240.18
185,609,motorcycle,1228.96,2683.34,114.78,191.76
185,650,car,1869.76,2709.6,275.78,242.1
185,7,car,207.68,3683.74,401.12,308.31
185,571,person,338.15,2197.52,40.43,96.46
185,739,person,2005.96,3353.38,119.08,228.9
185,740,car,1999.35,3701.16,321.3,274.77
185,593,car,966.61,2155.19,153.77,105.92
185,756,motorcycle,1426.93,2661.89,93.06,177.53
185,123,person,713.46,2302.31,61.05,127.45
185,536,car,850.97,2101.84,117.9,93.89
186,247,car,940.0,2304.93,183.32,134.11
186,341,car,1204.83,2204.39,135.2,103.48
186,484,car,684.51,2451.38,230.74,172.79
186,562,car,1356.21,2436.27,258.36,192.68
186,427,bus,2005.26,2225.89,309.48,246.65
186,609,motorcycle,1219.25,2676.9,112.59,191.17
186,650,car,1859.24,2699.92,280.11,239.14
186,7,car,207.16,3684.39,399.48,306.94
186,571,person,335.49,2201.23,42.29,100.94
186,739,person,1973.85,3323.51,122.13,230.16
186,740,car,1986.85,3687.72,346.31,300.77
186,593,car,964.89,2150.22,154.38,106.14
186,756,motorcycle,1418.32,2681.61,66.69,125.75
186,123,person,707.9,2296.14,59.84,123.41
186,762,car,1494.99,2026.75,105.3,69.28
186,536,car,847.04,2101.88,115.6,91.85
186,574,car,1438.14,2349.88,213.1,175.17
186,1,truck,671.61,2126.39,208.54,226.2
186,710,person,471.81,2208.33,44.59,93.5
186,568,person,126.76,2331.28,61.6,178.44
187,247,car,930.4,2301.4,183.95,134.7
187,341,car,1199.67,2203.66,135.67,103.61
187,484,car,685.32,2448.16,226.28,170.45
187,562,car,1346.75,2434.56,266.49,198.7
187,427,bus,2005.47,2237.94,309.07,261.51
187,609,motorcycle,1205.36,2667.51,107.77,183.18
187,650,car,1845.53,2690.47,285.06,238.76
187,7,car,205.18,3685.65,396.01,304.44
187,571,person,332.85,2202.62,41.29,98.2
187,740,car,1972.81,3675.25,374.38,326.38
187,593,car,959.5,2147.63,168.57,115.77
187,123,person,702.91,2290.54,59.01,121.01
187,536,car,845.04,2103.05,113.52,89.92
187,1,truck,667.7,2124.96,209.84,225.31
187,710,person,471.11,2206.17,44.18,92.13
187,568,person,126.2,2320.25,67.22,195.9
188,247,car,925.52,2299.53,179.27,130.35
188,341,car,1194.26,2202.08,137.13,104.82
188,484,car,686.02,2444.58,222.17,168.06
188,562,car,1338.68,2432.29,270.21,201.56
188,427,bus,2008.19,2243.15,303.61,268.55
188,609,motorcycle,1193.48,2657.25,108.0,186.12
188,650,car,1827.57,2681.39,287.91,236.39
188,7,car,203.73,3685.92,394.74,303.87
188,571,person,330.11,2204.98,40.47,95.63
188,593,car,961.37,2139.48,179.43,123.69
188,536,car,838.64,2100.02,109.83,86.76
188,1,truck,674.9,2127.59,202.8,218.41
188,568,person,125.44,2310.81,74.43,219.52
189,247,car,919.01,2294.45,179.54,130.75
189,341,car,1191.42,2201.47,133.65,101.87
189,484,car,686.19,2441.81,221.17,168.16
189,562,car,1331.37,2430.65,266.52,198.76
189,427,bus,2014.46,2240.57,291.07,258.27
189,609,motorcycle,1182.26,2650.58,103.98,180.21
189,650,car,1808.25,2671.17,290.88,234.87
189,7,car,203.45,3685.85,394.48,304.0
189,571,person,328.43,2205.72,40.07,95.28
189,536,car,836.58,2099.18,105.99,84.05
189,1,truck,665.1,2125.59,204.06,215.82
189,568,person,124.72,2307.09,76.94,230.18
189,740,car,1951.17,3652.9,417.67,365.57
189,710,person,466.93,2203.26,42.64,87.81
190,247,car,911.45,2291.84,179.99,130.98
190,341,car,1185.97,2198.81,132.77,101.5
190,484,car,685.46,2438.84,219.61,167.43
190,562,car,1325.68,2429.0,265.92,198.78
190,427,bus,2016.4,2243.11,287.2,258.58
190,609,motorcycle,1168.88,2635.13,103.36,181.59
190,650,car,1795.33,2663.05,289.66,230.3
190,7,car,202.06,3685.61,394.26,304.44
190,571,person,326.44,2204.91,38.87,92.63
190,1,truck,661.58,2123.55,206.81,217.43
190,568,person,124.4,2309.79,74.92,228.34
190,785,motorcycle,1372.7,2621.91,87.78,167.83
190,740,truck,1940.83,3640.35,438.33,387.58
190,574,car,1388.19,2334.51,211.79,176.24
191,247,car,904.51,2288.52,175.59,127.67
191,341,car,1181.84,2197.29,130.62,99.8
191,484,car,687.65,2436.32,215.8,165.26
191,562,car,1317.02,2427.36,269.23,201.64
191,427,bus,2023.84,2242.6,272.31,249.0
191,650,car,1779.63,2653.77,288.85,226.22
191,7,car,201.21,3686.23,391.98,303.12
191,571,person,325.31,2205.52,39.13,93.69
191,1,truck,659.01,2121.0,208.85,218.74
191,785,motorcycle,1358.88,2610.83,91.7,174.97
191,740,truck,1930.96,3629.54,458.08,409.09
191,790,motorcycle,1891.69,2963.84,126.84,123.7
191,593,car,951.3,2148.43,153.31,106.02
192,247,car,900.11,2284.19,177.26,128.94
192,341,car,1176.74,2196.4,131.16,101.28
192,484,car,689.11,2432.92,216.63,166.97
192,562,car,1307.25,2422.68,263.51,197.92
192,427,bus,2029.16,2239.75,261.68,241.03
192,650,car,1762.34,2644.29,294.98,229.24
192,7,car,199.77,3686.42,390.56,302.73
192,571,person,323.37,2203.53,38.84,92.6
192,1,truck,656.41,2120.04,207.3,216.0
192,740,truck,1919.72,3618.51,480.55,431.91
192,795,car,62.31,2938.67,111.06,185.37
192,593,car,946.02,2150.41,148.18,102.55
192,609,motorcycle,1147.69,2617.21,97.71,171.71
192,574,car,1369.54,2326.66,205.26,172.3
193,247,car,893.17,2280.5,180.32,131.63
193,341,car,1166.11,2192.19,124.04,95.06
193,484,car,689.86,2428.86,215.44,167.18
193,562,car,1299.08,2418.07,258.85,195.19
193,427,bus,2033.56,2247.14,252.89,244.93
193,650,car,1750.06,2635.35,296.79,228.39
193,7,car,199.99,3686.49,389.85,302.61
193,571,person,320.52,2200.68,40.08,95.02
193,1,truck,655.0,2119.66,209.51,217.94
193,740,car,1907.92,3607.66,504.16,450.88
193,593,car,942.64,2142.42,161.54,114.06
193,609,motorcycle,1137.96,2608.68,99.82,176.64
193,123,person,674.98,2272.23,56.21,116.54
193,536,car,821.84,2094.03,113.26,90.2
193,785,person,1340.23,2587.11,98.19,187.29
194,247,car,886.41,2279.1,178.53,129.84
194,341,car,1163.43,2189.64,127.44,98.14
194,484,car,691.61,2423.48,210.85,164.43
194,562,car,1292.0,2413.27,257.48,194.95
194,427,bus,2047.75,2228.86,224.51,206.19
194,650,car,1737.45,2625.92,294.12,224.92
194,7,car,199.54,3686.24,389.88,303.1
194,1,truck,660.8,2120.8,202.78,212.43
194,740,car,1894.01,3595.83,531.99,473.96
194,593,car,946.08,2145.94,145.89,104.52
194,609,motorcycle,1131.23,2604.23,94.89,169.59
194,804,motorcycle,2006.57,2906.28,173.69,190.4
194,785,person,1326.47,2580.61,97.1,185.69
195,247,car,883.04,2274.4,175.74,127.03
195,484,car,693.71,2419.07,202.19,157.5
195,562,car,1284.92,2409.54,259.25,197.24
195,427,bus,2052.49,2230.01,215.03,202.09
195,650,car,1720.54,2615.27,289.68,219.55
195,7,car,197.7,3686.58,387.97,302.38
195,740,bus,1874.81,3587.48,549.77,493.63
195,804,motorcycle,1984.28,2885.88,182.16,200.43
195,785,motorcycle,1315.06,2576.35,94.9,181.78
195,574,car,1350.66,2315.39,204.23,174.84
195,123,person,669.91,2264.77,59.2,124.52
196,247,car,877.28,2269.23,174.89,125.94
196,484,car,695.12,2415.74,202.36,158.39
196,562,car,1279.06,2408.63,263.29,202.07
196,427,bus,2060.69,2224.02,198.62,185.66
196,650,car,1707.4,2606.5,292.17,220.48
196,7,car,196.52,3686.34,387.91,303.15
196,740,bus,1853.58,3576.13,564.66,517.43
196,785,motorcycle,1305.01,2570.48,89.69,171.85
196,827,car,1852.75,3578.95,470.23,514.4
196,574,car,1339.46,2308.03,198.22,170.59
196,341,car,1153.11,2183.66,120.33,92.38
196,1,truck,648.36,2108.06,217.99,228.83
196,593,car,946.88,2142.71,137.05,100.08
196,609,motorcycle,1114.52,2581.42,92.9,167.98
197,247,car,871.23,2266.7,171.11,122.5
197,484,car,695.89,2411.93,204.59,161.48
197,562,car,1269.76,2405.14,261.32,202.42
197,427,bus,2067.49,2222.83,185.02,172.34
197,650,car,1693.35,2599.82,285.03,212.97
197,7,car,195.73,3686.46,387.04,303.2
197,740,bus,1830.7,3566.54,573.78,537.38
197,785,person,1292.93,2559.07,87.56,167.17
197,827,car,1831.04,3569.3,484.96,531.59
197,830,car,2107.55,2706.63,95.19,149.12
197,341,car,1147.25,2180.26,126.93,98.03
197,1,truck,648.31,2107.02,209.74,221.05
197,593,car,944.68,2141.59,126.64,93.57
197,609,motorcycle,1104.43,2571.01,91.87,166.2
197,536,car,808.98,2093.21,108.81,87.52
197,123,person,658.14,2262.65,60.59,126.29
198,247,car,865.22,2263.62,168.67,120.1
198,484,car,697.16,2411.75,197.42,156.71
198,562,car,1264.02,2399.45,256.36,200.42
198,650,car,1684.55,2589.92,284.75,211.37
198,7,car,195.25,3686.57,385.29,302.59
198,740,car,1811.59,3557.89,575.7,552.18
198,785,motorcycle,1282.42,2558.84,86.17,164.24
198,827,bus,1811.26,3560.03,501.79,552.28
198,830,car,2099.79,2696.94,102.37,159.72
198,341,car,1142.24,2178.72,123.68,95.8
198,1,truck,632.6,2100.71,219.0,228.61
198,609,motorcycle,1094.82,2566.09,89.42,161.33
198,123,person,656.98,2264.74,62.29,129.08
199,247,car,858.86,2262.57,166.41,117.75
199,484,car,699.93,2408.37,198.65,158.57
199,562,car,1256.05,2396.22,257.28,202.19
199,650,car,1670.98,2582.36,287.7,213.55
199,7,car,194.78,3686.74,384.43,302.61
199,740,bus,1791.22,3546.48,584.11,575.75
199,827,car,1791.53,3548.09,515.04,570.88
199,830,car,2092.62,2691.84,109.71,169.98
199,341,car,1139.61,2176.63,127.17,99.47
199,609,motorcycle,1087.8,2564.58,84.92,153.22
199,593,car,939.5,2127.13,145.84,111.98
199,536,car,803.84,2093.87,108.97,87.88
200,247,car,854.21,2262.6,165.76,116.73
200,484,car,702.2,2405.76,199.38,159.65
200,562,car,1251.84,2391.75,255.38,201.14
200,650,car,1658.23,2573.22,279.09,206.56
200,7,car,192.9,3686.7,383.33,302.73
200,740,truck,1772.53,3536.28,579.08,585.95
200,827,car,1770.14,3539.88,522.24,584.04
200,830,car,2084.08,2688.51,112.04,170.9
200,341,car,1134.92,2175.96,124.76,97.09
200,609,motorcycle,1078.72,2557.14,86.76,158.09
200,858,motorcycle,1701.39,2833.13,112.69,125.07
200,593,car,929.13,2124.54,153.06,118.32
200,785,motorcycle,1266.93,2543.22,86.42,165.01
200,1,truck,642.11,2104.28,203.53,214.25
201,247,car,848.46,2260.15,162.94,113.88
201,484,car,704.12,2404.11,199.52,160.13
201,562,car,1244.67,2386.08,248.38,197.14
201,650,car,1650.06,2565.18,276.41,203.66
201,7,car,192.1,3687.02,381.66,302.22
201,827,truck,1750.01,3517.68,511.94,578.42
201,830,car,2075.87,2684.26,121.14,181.38
201,341,car,1132.44,2174.2,126.0,98.03
201,609,motorcycle,1071.09,2539.73,88.59,162.91
201,858,motorcycle,1687.15,2824.71,107.67,119.99
201,785,motorcycle,1255.88,2534.06,84.01,161.05
201,1,truck,625.9,2097.28,216.14,225.23
202,247,car,843.75,2258.08,161.78,111.99
202,484,car,706.44,2400.58,195.91,157.91
202,562,car,1239.07,2380.98,249.39,199.48
202,650,car,1634.37,2556.77,273.03,201.04
202,7,car,191.73,3687.25,380.27,301.75
202,827,truck,1732.28,3499.15,503.51,575.78
202,830,car,2067.56,2681.89,135.74,199.47
202,341,car,1129.38,2167.8,131.32,102.28
202,609,motorcycle,1065.7,2529.34,87.44,161.88
202,785,person,1245.39,2532.13,87.05,165.74
202,1,truck,629.59,2098.45,208.12,218.01
202,867,motorcycle,211.57,2871.42,189.27,201.49
202,574,car,1300.53,2289.36,180.61,156.02
202,123,person,642.82,2257.7,57.72,120.21
202,536,car,794.06,2089.76,112.64,90.65
202,740,car,1732.77,3496.78,551.37,573.43
202,593,car,920.67,2128.64,143.95,111.97
203,247,car,835.96,2254.05,170.32,119.1
203,484,car,708.82,2396.39,193.32,156.6
203,562,car,1232.95,2375.97,245.56,197.1
203,650,car,1625.83,2546.78,263.57,192.73
203,7,car,191.62,3687.5,378.95,301.27
203,827,truck,1714.89,3472.87,488.64,564.7
203,830,car,2061.77,2681.89,151.01,218.29
203,341,car,1122.92,2164.03,128.92,100.84
203,609,person,1056.11,2508.17,83.83,156.2
203,785,person,1238.9,2522.87,88.76,169.58
203,1,truck,636.21,2101.69,191.34,202.16
203,867,motorcycle,224.01,2856.61,204.36,218.07
203,740,car,1714.51,3470.39,521.85,555.45
203,593,car,921.9,2134.35,128.53,100.23
204,247,car,832.75,2246.91,175.84,124.05
204,484,car,710.0,2392.98,192.68,157.02
204,562,car,1227.14,2371.17,233.77,187.25
204,650,car,1615.39,2537.33,260.43,189.53
204,7,car,192.11,3687.45,378.61,301.48
204,827,bus,1695.07,3449.77,472.26,552.41
204,830,car,2054.15,2680.38,162.7,230.32
204,341,car,1121.87,2161.73,128.11,101.07
204,609,motorcycle,1048.92,2509.38,86.03,161.92
204,1,truck,616.14,2092.78,212.27,222.54
204,867,motorcycle,245.63,2848.59,188.57,201.08
204,740,truck,1695.21,3448.46,501.28,546.12
204,593,car,917.21,2129.52,136.24,106.74
205,247,car,829.31,2246.28,176.36,125.12
205,484,car,711.71,2389.7,192.26,157.63
205,562,car,1220.28,2365.34,228.69,183.0
205,650,car,1603.43,2529.61,259.61,187.71
205,7,car,192.67,3687.39,378.35,301.66
205,827,bus,1678.14,3430.03,458.44,542.24
205,830,car,2045.77,2675.97,168.75,231.89
205,341,car,1115.71,2158.94,129.1,102.01
205,609,motorcycle,1042.27,2509.22,83.08,157.2
205,1,truck,607.46,2092.35,215.36,223.9
205,867,motorcycle,262.26,2832.41,193.58,206.97
205,740,car,1679.61,3429.95,480.89,534.3
205,593,car,913.25,2130.18,135.8,107.24
205,123,person,634.33,2245.85,54.8,113.19
205,785,motorcycle,1222.01,2509.94,84.55,162.27
206,247,car,824.03,2240.48,171.28,122.01
206,484,car,712.22,2386.94,189.31,156.13
206,562,car,1211.29,2360.04,226.78,181.92
206,650,car,1589.48,2521.17,263.61,190.85
206,7,car,192.5,3687.46,376.81,300.94
206,830,car,2038.75,2669.97,175.62,233.56
206,341,car,1114.03,2160.08,122.81,97.27
206,609,motorcycle,1036.49,2510.17,80.53,152.83
206,1,truck,604.24,2093.09,200.41,204.88
206,593,car,913.35,2129.29,131.25,105.32
206,123,person,630.12,2243.23,55.25,112.79
206,710,person,438.05,2162.65,45.89,94.01
207,247,car,818.35,2242.69,174.1,125.22
207,484,car,713.69,2382.53,187.94,155.69
207,562,car,1205.11,2359.39,231.18,185.64
207,650,car,1578.07,2519.21,265.52,192.81
207,7,car,192.33,3687.48,376.0,300.68
207,830,car,2030.97,2658.49,186.73,240.21
207,341,car,1109.28,2158.3,119.31,94.15
207,1,truck,598.79,2085.3,214.42,218.1
207,593,car,914.66,2126.87,126.19,101.84
207,912,car,2085.0,3397.94,142.73,315.2
207,710,person,435.87,2159.87,46.94,94.32
207,867,motorcycle,294.8,2811.64,189.05,202.64
207,740,truck,1646.71,3390.56,460.77,522.74
208,247,car,816.92,2240.13,174.79,127.1
208,484,car,713.99,2378.03,182.83,151.68
208,562,car,1199.01,2355.16,232.52,187.0
208,650,car,1565.5,2505.1,255.65,185.09
208,7,car,192.08,3687.21,376.1,301.18
208,830,car,2026.36,2648.38,192.39,238.73
208,341,car,1102.69,2154.15,121.04,95.62
208,1,truck,603.51,2084.91,205.46,207.15
208,593,car,914.48,2127.1,116.51,93.66
208,912,car,2071.05,3375.57,153.07,336.69
208,867,motorcycle,310.86,2807.15,176.26,189.16
208,740,truck,1630.88,3368.92,443.08,512.22
208,739,person,1392.69,2704.74,78.26,137.12
208,785,motorcycle,1197.88,2490.36,82.52,158.04
208,123,person,622.93,2239.19,55.0,110.99
209,247,car,812.67,2235.13,164.36,119.52
209,484,car,715.13,2373.72,180.3,150.04
209,562,car,1193.81,2346.91,223.85,179.89
209,650,car,1557.23,2495.27,248.05,179.55
209,7,car,192.65,3686.85,376.65,301.9
209,830,car,2020.07,2641.17,198.6,236.73
209,341,car,1104.0,2153.23,124.65,98.27
209,1,truck,599.58,2079.63,212.21,211.89
209,593,car,912.9,2122.93,114.68,92.08
209,740,truck,1613.33,3346.88,428.25,503.24
209,924,car,1327.08,2090.13,95.42,60.49
209,785,motorcycle,1192.36,2485.85,81.05,155.52
209,123,person,619.6,2237.8,54.98,107.91
209,710,person,435.5,2157.68,47.12,93.4
210,247,car,810.43,2232.77,162.94,118.8
210,484,car,714.69,2369.92,177.75,148.51
210,562,car,1190.51,2342.15,224.61,180.94
210,650,car,1545.65,2489.58,253.53,183.83
210,7,car,192.42,3686.54,376.97,302.51
210,830,car,2014.91,2631.18,199.04,226.04
210,341,car,1096.97,2151.02,121.27,95.78
210,1,truck,598.08,2076.79,217.04,215.05
210,593,car,913.55,2122.0,110.47,89.42
210,740,truck,1596.83,3328.82,417.27,496.99
210,924,car,1331.18,2095.57,90.81,57.41
210,785,motorcycle,1184.74,2479.67,80.15,154.7
210,123,person,616.81,2236.52,55.47,107.45
210,930,car,1598.42,3330.92,363.4,497.54
210,933,car,280.53,2007.11,92.28,83.4
210,710,person,434.21,2156.49,47.06,91.9
210,609,motorcycle,1011.45,2480.7,78.48,149.26
210,912,motorcycle,2032.52,3381.75,128.69,274.03
210,867,car,337.84,2781.33,183.52,198.28
211,247,car,810.91,2231.19,159.53,116.49
211,484,car,715.15,2367.15,177.37,148.78
211,562,car,1186.73,2337.59,216.11,173.25
211,650,car,1535.87,2488.2,256.91,187.03
211,7,car,192.33,3686.4,377.79,303.44
211,830,car,2007.25,2623.32,206.85,223.65
211,1,truck,595.31,2073.62,218.65,215.61
211,593,car,911.6,2120.88,106.19,86.23
211,740,truck,1581.11,3312.88,409.27,494.48
211,924,car,1336.0,2098.87,92.28,57.96
211,785,motorcycle,1179.44,2473.19,78.88,151.92
211,123,person,613.81,2233.91,50.79,97.41
211,930,car,1586.58,3318.08,357.85,489.96
211,933,car,281.36,2005.09,88.67,80.09
211,939,person,301.72,2190.44,38.96,90.83
211,609,motorcycle,1008.72,2474.27,76.46,146.8
211,912,motorcycle,2001.84,3376.3,113.31,230.21
211,867,motorcycle,351.45,2776.14,177.29,192.0
212,247,car,804.52,2228.16,153.36,112.43
212,484,car,717.79,2363.82,175.9,148.47
212,562,car,1177.18,2335.51,212.63,169.85
212,650,car,1528.46,2479.27,251.17,183.25
212,7,car,193.09,3685.97,378.82,304.52
212,830,car,2001.81,2611.94,217.07,224.21
212,1,truck,597.68,2077.46,209.33,206.1
212,593,car,907.42,2121.5,104.63,84.44
212,740,truck,1564.56,3295.32,399.61,489.05
212,924,car,1341.46,2098.09,97.01,60.61
212,785,motorcycle,1174.7,2471.32,75.89,143.15
212,930,car,1569.8,3299.19,352.46,482.66
212,933,car,281.12,2002.59,87.71,79.16
212,939,person,301.87,2189.22,38.83,90.56
212,609,motorcycle,1002.31,2465.43,77.88,150.1
212,867,motorcycle,366.52,2762.63,171.05,185.22
212,341,car,1090.8,2143.8,120.34,95.15
212,710,person,433.59,2151.13,44.69,86.65
213,247,car,795.52,2222.83,153.98,112.42
213,484,car,718.56,2361.37,173.64,147.29
213,562,car,1168.28,2331.09,205.29,162.96
213,650,car,1523.51,2473.22,248.27,180.77
213,7,car,194.14,3685.45,379.33,304.94
213,830,car,2001.21,2604.79,223.76,221.81
213,1,truck,591.05,2072.61,212.68,208.51
213,593,car,902.63,2120.98,109.5,87.01
213,924,car,1347.92,2098.06,96.17,59.51
213,930,truck,1557.34,3276.74,341.88,468.03
213,933,car,281.37,2001.36,87.08,78.52
213,939,person,301.82,2189.24,38.65,90.2
213,609,motorcycle,997.38,2455.59,77.9,151.52
213,867,motorcycle,376.59,2758.88,164.68,179.5
213,953,motorcycle,1396.33,2858.33,123.18,204.56
213,341,car,1089.64,2142.59,115.6,91.24
213,710,person,431.92,2148.29,45.2,86.56
214,247,car,786.23,2217.42,160.82,117.65
214,484,car,720.42,2357.01,172.36,146.99
214,562,car,1165.51,2328.71,205.38,162.0
214,650,car,1513.15,2463.11,240.51,175.27
214,7,car,194.76,3685.16,379.43,305.26
214,830,car,1992.31,2596.72,234.66,222.21
214,1,bus,587.68,2067.94,210.62,204.15
214,593,car,905.79,2117.89,112.38,90.59
214,924,car,1353.28,2102.49,107.78,66.36
214,930,truck,1542.18,3257.11,339.53,464.87
214,933,car,281.12,2000.31,87.95,79.26
214,939,person,301.25,2189.11,38.2,89.25
214,609,motorcycle,991.67,2450.76,77.75,151.76
214,867,motorcycle,391.46,2765.89,142.08,154.25
214,341,car,1089.44,2141.24,116.91,91.72
214,957,motorcycle,1910.39,3299.87,230.74,208.72
214,958,truck,594.2,2070.98,220.24,202.06
214,785,motorcycle,1158.95,2454.35,79.74,150.25
215,247,car,782.78,2216.04,160.65,117.59
215,484,car,721.89,2354.47,170.41,146.17
215,562,car,1162.93,2326.99,209.67,165.42
215,650,car,1505.83,2454.64,240.25,175.56
215,7,car,194.06,3684.99,379.36,305.52
215,830,car,1983.92,2589.2,245.24,221.61
215,1,bus,586.61,2069.03,205.15,198.52
215,593,car,907.61,2117.77,106.17,85.74
215,930,truck,1528.1,3241.37,335.67,459.93
215,933,car,281.31,1999.34,92.55,83.61
215,939,person,301.06,2189.37,38.4,89.85
215,609,motorcycle,988.77,2449.26,74.69,146.94
215,867,motorcycle,405.4,2756.82,139.56,150.72
215,341,car,1084.61,2135.28,111.01,87.07
215,957,motorcycle,1886.62,3279.43,222.3,201.67
215,958,truck,607.94,2074.88,216.11,199.12
215,740,car,1524.13,3241.17,375.73,465.97
215,953,motorcycle,1368.38,2832.48,120.97,201.17
215,710,person,430.97,2144.76,44.43,84.11
216,247,car,776.32,2211.44,164.57,120.1
216,484,car,722.45,2353.84,165.73,142.76
216,562,car,1156.98,2321.53,212.8,168.58
216,650,car,1497.68,2446.9,238.39,174.06
216,7,car,193.51,3684.65,379.68,306.19
216,830,car,1973.89,2581.94,254.98,220.58
216,1,bus,581.17,2068.7,205.75,197.77
216,593,car,901.24,2117.8,109.19,88.11
216,933,car,281.41,1998.67,94.56,85.7
216,939,person,301.16,2188.73,37.92,88.91
216,341,car,1082.65,2133.17,114.56,90.04
216,957,motorcycle,1855.68,3241.44,228.22,208.14
216,973,motorcycle,1443.34,2618.93,112.45,156.06
216,953,motorcycle,1354.88,2829.44,110.36,183.24
217,247,car,773.42,2208.33,155.83,113.19
217,484,car,723.28,2351.56,165.33,142.84
217,562,car,1153.95,2314.72,220.37,175.84
217,650,car,1488.24,2445.66,248.79,183.35
217,7,car,193.03,3684.28,380.03,306.94
217,830,car,1962.41,2573.21,264.78,221.29
217,1,bus,578.82,2064.18,206.85,197.83
217,593,car,897.6,2115.52,111.62,89.3
217,933,car,281.23,1997.89,94.83,86.3
217,939,person,300.7,2188.35,37.79,88.96
217,341,car,1078.13,2130.98,112.19,89.23
217,957,motorcycle,1835.09,3224.19,211.4,194.13
217,973,motorcycle,1435.26,2624.5,95.47,131.94
217,976,person,134.52,2315.16,49.07,164.61
217,867,motorcycle,425.32,2729.07,160.52,175.57
217,740,truck,1499.31,3212.28,362.75,456.17
218,247,car,769.12,2207.41,146.72,105.58
218,484,car,724.32,2348.55,158.43,136.56
218,562,car,1150.08,2312.61,222.78,178.91
218,650,car,1481.55,2442.56,250.95,186.11
218,7,car,192.81,3684.1,379.98,307.35
218,830,car,1950.8,2566.36,273.6,221.94
218,1,bus,579.76,2064.58,200.86,189.46
218,593,car,897.85,2110.92,112.15,90.01
218,933,car,279.97,1997.14,95.69,87.36
218,939,person,301.19,2188.52,38.11,89.93
218,341,car,1075.9,2132.16,107.0,84.98
218,957,motorcycle,1802.49,3188.37,220.21,204.23
218,973,motorcycle,1419.83,2604.3,109.11,151.0
218,976,person,136.53,2316.64,47.36,158.7
218,867,motorcycle,440.75,2728.13,145.73,159.54
218,740,truck,1487.63,3193.81,352.92,448.1
218,953,motorcycle,1328.44,2804.89,103.96,171.76
219,247,car,763.39,2204.15,148.36,106.15
219,484,car,725.59,2342.25,160.94,139.33
219,562,car,1146.2,2306.01,210.11,168.72
219,650,car,1473.71,2433.96,241.66,180.7
219,7,car,193.18,3684.06,379.63,307.45
219,830,car,1938.39,2559.14,279.29,219.78
219,1,bus,576.83,2057.45,214.73,201.99
219,593,car,897.36,2108.75,112.68,91.36
219,933,car,279.5,1997.27,96.65,88.62
219,939,person,301.38,2187.81,38.25,90.49
219,341,car,1070.7,2127.59,105.15,83.68
219,957,motorcycle,1773.98,3165.55,220.21,206.71
219,973,motorcycle,1404.34,2589.25,110.58,152.96
219,976,person,138.48,2317.52,44.8,149.88
219,867,motorcycle,452.27,2721.76,145.69,160.95
219,740,truck,1476.1,3177.38,342.09,437.12
219,953,motorcycle,1316.44,2814.87,79.85,127.02
219,785,motorcycle,1127.87,2433.78,73.5,137.63
219,609,person,964.53,2418.4,70.27,138.77
220,247,car,759.51,2202.98,148.53,105.5
220,484,car,726.13,2336.1,166.14,144.5
220,562,car,1139.8,2306.41,214.26,172.91
220,650,car,1465.42,2431.34,243.19,183.46
220,7,car,193.47,3684.07,379.14,307.46
220,830,car,1924.54,2550.34,284.19,219.07
220,593,car,894.68,2107.65,108.4,87.58
220,933,car,280.54,1996.97,92.32,84.9
220,939,person,301.25,2187.27,38.34,91.13
220,341,car,1068.95,2125.57,102.64,81.32
220,957,motorcycle,1751.55,3153.48,198.16,187.3
220,973,motorcycle,1391.6,2584.49,105.43,146.29
220,976,person,139.02,2320.56,43.69,145.96
220,867,motorcycle,463.6,2720.07,135.75,150.44
220,740,truck,1463.31,3162.0,333.81,428.99
220,991,motorcycle,963.79,2422.4,67.37,144.2
220,785,motorcycle,1122.41,2427.27,74.73,139.75
220,609,person,960.87,2413.24,72.29,143.28
220,924,car,1398.2,2117.08,120.67,73.27
221,247,car,757.42,2197.67,156.21,111.14
221,484,car,727.0,2333.56,163.92,143.29
221,562,car,1133.65,2305.23,212.92,172.54
221,650,car,1458.77,2423.07,232.22,175.48
221,7,car,193.97,3684.0,379.05,307.63
221,830,car,1908.44,2541.02,284.89,214.62
221,593,car,891.54,2108.74,107.07,86.2
221,933,car,280.83,1997.16,91.55,84.59
221,939,person,301.07,2186.03,38.15,91.22
221,341,car,1065.94,2123.47,103.58,81.44
221,957,motorcycle,1732.01,3145.5,170.75,162.41
221,973,motorcycle,1381.15,2579.97,110.48,154.16
221,867,motorcycle,469.59,2701.72,148.87,166.81
221,740,truck,1449.84,3145.57,328.26,424.55
221,991,motorcycle,958.35,2417.7,69.03,147.7
221,609,person,955.31,2410.76,74.24,148.24
221,924,car,1411.4,2119.02,117.87,72.43
221,710,person,427.89,2129.39,47.97,91.43
222,247,car,754.46,2194.61,156.14,111.3
222,484,car,727.35,2331.52,160.75,140.6
222,562,car,1128.85,2299.52,209.9,170.78
222,650,car,1451.42,2416.07,217.2,163.5
222,7,car,193.94,3683.78,379.22,308.06
222,830,car,1895.3,2535.0,283.36,209.48
222,593,car,891.78,2106.9,107.91,86.74
222,933,car,280.85,1997.33,88.11,81.58
222,939,person,300.47,2184.58,37.96,91.49
222,341,car,1060.36,2119.14,106.64,84.25
222,957,motorcycle,1705.35,3109.45,190.54,183.85
222,973,motorcycle,1373.15,2569.09,105.83,147.84
222,867,motorcycle,478.26,2692.84,148.47,167.41
222,740,car,1439.91,3131.51,325.61,424.27
222,991,motorcycle,952.98,2408.53,71.07,152.02
222,609,person,950.33,2406.27,75.74,152.08
222,924,car,1419.33,2121.74,107.08,64.8
222,998,truck,1443.34,3136.53,315.56,429.4
222,1,bus,575.36,2043.47,219.12,206.31
223,247,car,752.76,2193.48,161.66,115.85
223,484,car,728.4,2328.31,162.47,142.98
223,562,car,1126.54,2297.57,201.11,163.08
223,650,car,1444.57,2410.07,215.56,162.46
223,7,car,194.33,3683.62,379.58,308.38
223,830,car,1884.17,2530.56,283.29,205.84
223,593,car,893.76,2110.01,105.03,84.02
223,933,car,280.69,1998.22,85.11,78.83
223,939,person,299.65,2184.68,38.7,94.04
223,341,car,1059.11,2116.25,110.42,87.69
223,957,motorcycle,1682.23,3090.23,185.34,181.41
223,973,motorcycle,1360.65,2561.84,107.64,150.99
223,867,motorcycle,485.96,2685.36,152.48,173.78
223,740,truck,1428.14,3116.31,321.06,421.09
223,991,person,948.57,2406.23,71.55,152.9
223,924,car,1427.82,2121.76,103.67,61.91
223,998,car,1433.88,3120.46,309.69,421.5
223,953,motorcycle,1269.19,2775.58,75.77,115.29
224,247,car,747.5,2195.09,155.27,111.41
224,484,car,728.09,2325.49,160.75,141.95
224,562,car,1136.96,2294.87,193.41,159.83
224,650,car,1438.36,2401.67,217.35,163.93
224,7,car,194.5,3683.43,380.09,308.75
224,830,car,1869.83,2522.42,281.42,201.12
224,593,car,891.08,2102.8,114.43,92.46
224,933,car,280.53,1998.36,83.07,76.94
224,939,person,299.35,2185.31,39.0,95.63
224,341,car,1057.08,2114.11,111.14,88.21
224,957,motorcycle,1658.55,3065.04,194.4,193.46
224,973,motorcycle,1363.46,2543.35,110.96,152.75
224,867,motorcycle,495.6,2677.36,151.5,174.86
224,740,car,1418.36,3102.45,313.04,411.67
224,991,person,944.49,2403.08,69.21,147.27
224,924,car,1433.26,2122.11,105.74,62.42
224,998,truck,1421.98,3106.49,303.57,413.37
224,953,motorcycle,1257.4,2729.9,105.79,162.79
224,609,motorcycle,943.73,2401.59,70.26,140.75
224,1,bus,568.93,2040.49,216.97,205.49
225,247,car,742.85,2189.06,149.0,106.97
225,484,car,730.53,2324.34,160.73,143.37
225,562,car,1116.78,2285.96,189.93,156.14
225,650,car,1429.91,2393.06,213.41,160.9
225,7,car,194.89,3683.0,381.09,309.59
225,830,car,1858.5,2513.29,287.64,202.88
225,593,car,889.04,2101.44,116.66,94.63
225,933,car,279.91,1997.97,83.26,77.02
225,939,person,298.1,2186.04,39.62,98.0
225,341,car,1053.08,2111.01,110.58,88.56
225,957,motorcycle,1640.16,3052.66,173.7,175.23
225,867,motorcycle,506.56,2674.26,137.58,159.43
225,740,car,1403.71,3087.16,307.96,406.78
225,998,truck,1408.07,3091.04,297.64,405.47
225,953,motorcycle,1248.17,2712.08,111.37,173.94
225,1016,bus,2065.56,2873.0,175.12,524.48
225,1018,car,1323.61,2030.81,82.56,59.08
225,1,bus,567.43,2039.8,222.27,211.03
226,247,car,739.08,2183.08,145.84,104.66
226,484,car,731.4,2320.37,157.51,141.42
226,562,car,1110.21,2282.21,189.4,155.06
226,650,car,1422.33,2386.88,211.55,159.37
226,7,car,194.82,3682.52,382.14,310.58
226,830,car,1847.09,2506.77,290.05,201.87
226,933,car,279.8,1997.86,83.25,76.71
226,939,person,297.21,2185.61,38.15,95.15
226,341,car,1053.38,2112.67,114.61,92.19
226,957,motorcycle,1616.27,3019.25,183.23,188.44
226,867,motorcycle,515.45,2664.46,142.45,166.96
226,740,car,1393.85,3072.96,302.44,399.4
226,998,truck,1396.52,3075.14,292.3,397.69
226,953,motorcycle,1237.3,2700.66,112.83,177.96
226,1016,bus,2047.24,2881.1,186.14,554.99
226,1018,car,1327.27,2031.05,80.94,57.75
226,1,bus,567.19,2039.76,216.2,204.92
226,609,motorcycle,932.46,2389.26,71.75,142.16
227,247,car,735.29,2183.53,146.53,105.36
227,484,car,731.27,2316.2,152.3,137.19
227,562,car,1107.42,2276.29,190.21,154.9
227,650,car,1420.41,2385.99,216.98,164.67
227,7,car,195.26,3682.05,383.06,311.51
227,830,car,1837.14,2502.72,287.44,198.13
227,933,car,279.75,1997.18,83.97,77.23
227,939,person,296.58,2184.38,36.23,90.58
227,341,car,1047.4,2108.19,117.26,94.39
227,957,motorcycle,1597.61,3009.68,170.85,177.11
227,867,motorcycle,525.28,2658.22,139.85,166.07
227,740,car,1384.49,3058.56,299.71,397.11
227,998,truck,1386.44,3060.82,290.77,395.7
227,953,motorcycle,1225.04,2703.77,95.24,145.96
227,1016,bus,2034.05,2881.73,198.81,588.22
227,1018,car,1331.27,2033.69,81.64,57.97
227,1,bus,564.18,2037.79,208.77,197.19
227,973,motorcycle,1322.37,2523.18,99.05,136.68
227,924,car,1452.77,2135.4,125.09,74.08
228,247,car,730.76,2179.18,148.65,106.8
228,484,car,732.01,2314.15,149.03,134.05
228,562,car,1104.61,2273.17,196.55,160.32
228,650,car,1412.73,2379.3,208.86,158.95
228,7,car,195.44,3681.6,383.78,312.41
228,830,car,1826.09,2495.15,289.29,197.61
228,933,car,280.15,1996.28,83.92,77.1
228,939,person,295.41,2183.11,34.99,87.61
228,341,car,1044.77,2106.08,114.23,92.31
228,957,motorcycle,1577.33,2964.12,211.63,227.46
228,867,car,530.45,2645.64,146.52,176.89
228,740,car,1376.05,3048.32,297.25,395.4
228,998,truck,1376.28,3050.68,290.22,395.21
228,953,motorcycle,1216.11,2682.32,108.7,168.97
228,1016,bus,2024.95,2866.44,201.06,587.71
228,1018,car,1335.13,2033.06,86.37,61.04
228,1,bus,566.9,2040.18,211.94,199.3
228,973,motorcycle,1309.69,2514.11,91.91,126.68
228,924,car,1456.47,2137.56,137.92,81.78
229,247,car,725.87,2173.22,148.02,106.56
229,484,car,734.65,2308.58,145.79,130.57
229,562,car,1102.71,2267.62,196.51,160.35
229,650,car,1404.0,2375.05,208.65,159.09
229,7,car,195.93,3681.52,383.72,312.58
229,830,car,1815.57,2490.9,288.51,195.42
229,933,car,280.61,1995.1,84.86,78.01
229,939,person,294.29,2182.17,34.16,85.06
229,341,car,1042.67,2105.52,114.39,92.85
229,957,motorcycle,1559.01,2953.82,190.83,208.62
229,867,car,536.62,2637.56,146.35,179.34
229,953,motorcycle,1205.53,2666.69,110.38,173.05
229,1016,bus,2016.41,2850.76,203.56,583.32
229,1018,car,1334.38,2034.68,87.98,61.67
229,1,bus,566.64,2042.24,212.82,197.95
229,973,motorcycle,1299.69,2508.89,89.29,123.31
229,924,car,1463.05,2142.24,137.22,81.35
229,976,person,149.39,2326.45,42.65,135.84
229,609,person,917.33,2373.79,68.38,136.27
230,247,car,719.07,2169.11,154.67,112.22
230,484,car,734.45,2305.78,147.49,132.42
230,562,car,1108.96,2271.13,188.98,157.39
230,650,car,1398.47,2369.11,211.24,162.37
230,7,car,195.75,3681.5,383.17,312.6
230,830,car,1804.42,2484.72,288.15,193.68
230,933,car,281.24,1993.59,86.62,79.82
230,939,person,293.15,2182.11,35.0,86.82
230,341,car,1039.35,2101.7,110.4,89.58
230,867,car,544.1,2625.46,149.86,186.69
230,953,motorcycle,1197.7,2655.09,105.23,165.95
230,1016,bus,2005.11,2836.34,218.18,611.66
230,1018,car,1335.23,2036.05,88.31,61.34
230,1,bus,566.22,2039.35,204.88,190.19
230,924,car,1472.19,2143.41,133.8,77.87
230,976,person,151.3,2322.94,44.86,137.21
230,609,person,914.27,2370.82,65.8,131.06
230,740,truck,1358.33,3019.77,287.13,383.02
231,247,car,718.45,2168.63,152.54,111.23
231,484,car,735.21,2301.94,149.62,135.04
231,562,car,1111.47,2274.07,175.74,149.1
231,650,car,1391.69,2364.2,208.78,161.29
231,7,car,196.03,3681.47,382.84,312.62
231,830,car,1798.84,2478.85,295.99,198.08
231,933,car,281.89,1993.04,87.85,81.28
231,939,person,293.07,2181.5,35.79,88.76
231,341,car,1035.76,2104.42,102.5,82.77
231,867,car,549.08,2610.98,151.27,191.75
231,953,motorcycle,1186.61,2641.04,109.4,174.44
231,1016,bus,1995.59,2831.23,224.92,612.29
231,1018,car,1338.14,2037.05,87.4,59.83
231,1,bus,566.2,2041.61,207.73,194.4
231,924,car,1479.32,2151.42,148.79,86.94
231,976,person,152.24,2318.27,46.83,140.67
231,609,person,911.86,2367.23,65.1,130.01
231,1034,person,1528.52,2844.95,123.58,192.93
231,740,car,1346.98,3007.98,284.48,380.2
232,247,car,714.6,2164.24,151.29,110.96
232,484,car,734.51,2300.13,150.57,136.4
232,562,car,1108.76,2280.52,162.0,138.44
232,650,car,1390.07,2359.87,203.75,158.97
232,7,car,196.0,3681.5,382.4,312.54
232,830,car,1789.54,2472.17,298.9,199.22
232,933,car,281.91,1993.21,87.36,81.1
232,939,person,293.36,2181.14,35.38,87.63
232,341,car,1038.34,2100.8,107.13,86.18
232,867,car,556.19,2604.87,147.52,190.51
232,1016,bus,1986.62,2820.46,233.8,615.05
232,1018,car,1340.14,2036.13,92.83,63.23
232,1,bus,568.33,2042.77,201.9,190.37
232,924,car,1488.72,2153.2,149.53,87.32
232,976,person,155.26,2315.71,45.92,136.26
232,609,person,909.12,2359.27,69.66,139.61
232,740,truck,1337.61,2995.43,278.65,373.33
232,973,motorcycle,1275.65,2487.22,97.38,136.5
233,247,car,712.35,2163.25,148.57,109.42
233,484,car,735.86,2297.16,146.81,133.4
233,562,car,1092.56,2267.56,171.04,145.27
233,650,car,1382.71,2355.78,204.02,159.74
233,7,car,195.79,3681.48,382.07,312.55
233,830,car,1772.88,2464.28,295.8,196.76
233,933,car,281.4,1993.52,87.79,81.69
233,939,person,294.04,2179.75,35.21,87.2
233,341,car,1033.15,2097.73,99.93,79.72
233,867,car,566.16,2607.79,134.84,176.34
233,1016,bus,1975.13,2818.08,244.4,617.67
233,1018,car,1342.84,2041.24,89.92,60.66
233,1,bus,562.31,2042.34,202.39,191.55
233,924,car,1495.57,2155.07,160.31,94.15
233,976,person,157.98,2313.22,46.43,136.45
233,609,motorcycle,904.61,2356.59,69.82,140.75
233,740,truck,1325.95,2983.72,273.44,366.93
233,1044,motorcycle,1175.34,2662.08,85.65,105.94
233,973,motorcycle,1265.5,2476.73,99.66,141.03
233,957,person,1487.27,2858.69,220.2,252.45
234,247,car,710.0,2161.44,145.24,107.18
234,484,car,737.29,2296.56,139.28,126.15
234,562,car,1078.89,2256.02,170.23,143.68
234,650,car,1376.57,2350.72,201.76,158.31
234,7,car,196.21,3681.63,381.67,312.27
234,830,car,1762.59,2458.63,292.66,193.37
234,933,car,280.56,1993.85,88.62,82.51
234,939,person,294.56,2179.47,36.05,89.39
234,341,car,1031.47,2095.9,93.19,73.21
234,867,car,572.95,2604.47,130.96,172.56
234,1016,bus,1964.0,2813.27,255.23,618.61
234,1018,car,1352.49,2044.21,83.99,55.63
234,1,truck,566.77,2043.45,202.87,193.99
234,924,car,1505.68,2149.64,144.14,83.48
234,976,person,159.77,2310.02,45.73,132.41
234,609,person,901.49,2353.14,69.57,142.33
234,740,truck,1317.94,2974.64,273.47,368.59
234,973,motorcycle,1255.09,2469.7,94.63,135.65
234,953,motorcycle,1159.29,2606.8,104.1,167.76
235,247,car,708.54,2162.4,136.99,100.9
235,484,car,739.02,2292.85,135.17,121.72
235,562,car,1070.21,2248.37,174.37,146.58
235,650,car,1368.71,2345.46,202.35,158.78
235,7,car,196.87,3681.46,382.06,312.61
235,830,car,1753.4,2451.48,291.39,192.11
235,933,car,280.11,1993.59,88.92,82.64
235,939,person,295.38,2179.08,36.27,90.25
235,867,car,577.39,2597.05,132.37,176.76
235,1016,bus,1955.38,2809.23,267.97,620.87
235,1018,car,1356.43,2047.09,84.32,54.82
235,1,truck,567.32,2043.84,194.86,187.48
235,924,car,1513.61,2158.76,164.55,95.57
235,976,person,160.31,2306.78,44.16,125.33
235,609,person,898.71,2351.2,69.1,142.33
235,740,truck,1310.71,2966.26,274.48,371.91
235,973,motorcycle,1248.11,2465.19,88.83,127.62
235,953,motorcycle,1151.8,2602.6,98.63,159.76
236,247,car,704.88,2160.73,128.91,93.93
236,484,car,738.8,2289.4,138.36,124.58
236,562,car,1066.04,2241.97,175.13,146.64
236,650,car,1365.63,2340.53,194.36,152.58
236,7,car,197.66,3681.39,382.38,312.76
236,830,car,1741.91,2446.28,278.79,182.6
236,933,car,279.74,1993.82,90.28,83.91
236,939,person,295.72,2177.82,36.38,90.65
236,867,car,581.97,2593.41,128.73,173.86
236,1016,bus,1945.78,2793.48,288.82,642.27
236,1018,car,1363.74,2048.39,88.68,57.25
236,1,truck,562.31,2040.69,189.61,183.35
236,924,car,1521.59,2165.52,176.37,103.35
236,976,person,160.79,2308.16,45.5,127.82
236,740,truck,1300.48,2950.97,267.19,362.49
236,973,motorcycle,1242.87,2461.47,88.9,128.76
236,953,motorcycle,1144.02,2591.17,102.22,168.26
236,1057,car,1306.38,2952.85,256.04,361.93
236,957,person,1440.9,2810.92,203.54,246.46
237,247,car,705.15,2161.09,126.97,91.74
237,484,car,739.27,2285.74,141.53,127.67
237,562,car,1061.0,2241.52,180.3,150.49
237,650,car,1363.49,2333.77,186.87,147.81
237,7,car,197.97,3681.09,383.25,313.38
237,830,car,1731.2,2440.08,276.43,181.02
237,933,car,279.67,1994.34,92.32,85.96
237,939,person,295.78,2176.9,36.86,91.92
237,867,car,586.27,2585.99,125.9,171.52
237,1016,bus,1936.13,2789.28,302.32,642.58
237,1018,car,1367.46,2047.42,98.37,63.62
237,1,truck,553.9,2040.88,198.71,193.08
237,924,car,1531.65,2165.44,168.32,98.58
237,976,person,161.69,2308.33,46.62,129.73
237,740,truck,1292.13,2939.19,260.9,353.58
237,953,motorcycle,1134.84,2580.85,103.51,171.82
237,1057,car,1297.13,2943.02,249.94,352.92
237,609,person,891.71,2345.25,64.68,135.19
238,247,car,700.04,2159.91,137.59,100.33
238,484,car,739.92,2281.58,145.13,131.8
238,562,car,1059.2,2238.11,181.45,150.92
238,650,car,1353.8,2327.17,180.76,142.54
238,7,car,198.34,3680.82,383.99,313.92
238,830,car,1724.39,2432.43,266.94,173.14
238,933,car,279.5,1994.42,93.27,87.07
238,939,person,295.4,2176.2,37.02,92.26
238,867,car,590.28,2578.76,124.92,171.24
238,1016,bus,1927.96,2783.14,317.5,646.45
238,1018,car,1375.94,2048.63,98.93,63.79
238,1,truck,550.73,2041.03,196.19,190.34
238,924,car,1547.19,2169.93,156.85,92.3
238,976,person,162.14,2308.82,47.84,132.07
238,740,truck,1283.27,2928.86,258.27,348.94
238,953,motorcycle,1128.42,2585.14,93.86,156.37
238,973,motorcycle,1226.12,2452.4,89.78,131.32
238,957,person,1410.97,2783.65,193.83,247.27
239,247,car,699.75,2157.34,129.05,93.73
239,484,car,740.68,2278.48,148.63,135.92
239,562,car,1055.99,2235.96,182.4,151.07
239,650,car,1348.89,2325.13,177.34,139.16
239,7,car,198.14,3680.62,384.5,314.34
239,830,car,1713.92,2425.12,260.14,166.51
239,933,car,279.47,1994.85,94.26,88.36
239,939,person,295.5,2175.88,37.48,93.43
239,867,motorcycle,597.5,2582.91,110.75,151.53
239,1016,bus,1918.96,2777.33,337.28,659.32
239,1018,car,1383.13,2050.81,99.76,64.23
239,1,bus,558.84,2037.34,186.62,184.03
239,976,person,162.09,2309.28,47.26,128.74
239,740,truck,1275.92,2917.66,257.13,347.78
239,953,motorcycle,1117.8,2568.94,94.84,159.64
239,973,motorcycle,1221.21,2436.92,99.02,146.46
239,609,person,879.37,2334.67,63.61,131.22
240,247,car,695.16,2156.5,133.69,97.02
240,484,car,741.6,2278.23,144.12,131.95
240,562,car,1054.33,2232.76,184.94,153.12
240,650,car,1343.93,2318.0,178.47,139.79
240,7,car,197.54,3680.5,384.63,314.59
240,830,car,1702.09,2415.6,254.88,161.46
240,933,car,279.4,1995.52,95.19,89.6
240,939,person,295.31,2175.68,37.59,93.89
240,867,motorcycle,602.92,2581.48,103.96,142.06
240,1016,bus,1911.03,2769.54,359.89,678.61
240,1018,car,1387.41,2051.12,101.39,65.49
240,1,bus,546.51,2034.06,200.74,198.13
240,976,person,162.56,2311.32,48.55,131.14
240,740,truck,1268.85,2906.55,256.0,345.53
240,953,motorcycle,1114.33,2572.8,83.58,138.65
240,973,motorcycle,1215.98,2430.62,101.25,150.79
240,609,person,874.95,2330.51,63.62,131.08
240,924,car,1563.78,2177.47,165.74,97.87
241,247,car,690.19,2152.19,127.47,92.56
241,484,car,741.25,2275.02,140.67,128.83
241,562,car,1052.27,2231.6,183.66,151.9
241,650,car,1339.16,2316.04,174.38,135.96
241,7,car,196.95,3680.5,384.49,314.62
241,830,car,1689.54,2409.26,249.56,156.85
241,933,car,279.66,1995.55,94.58,89.24
241,939,person,295.41,2175.95,37.14,93.03
241,1016,bus,1905.09,2768.86,374.01,680.24
241,1018,car,1387.64,2050.65,107.0,69.52
241,1,bus,543.94,2032.89,199.38,196.81
241,740,truck,1260.28,2897.69,256.91,347.02
241,953,motorcycle,1107.04,2571.46,74.91,121.81
241,609,person,871.09,2327.64,61.67,126.11
242,247,car,684.4,2146.63,127.25,92.16
242,484,car,741.27,2271.92,137.98,126.5
242,562,car,1066.63,2235.95,167.13,141.04
242,650,car,1340.21,2310.88,171.69,134.98
242,7,car,196.96,3680.16,385.02,315.3
242,830,car,1683.23,2402.39,242.02,149.66
242,933,car,279.02,1995.63,94.82,89.53
242,939,person,295.65,2176.66,36.99,93.2
242,1016,bus,1896.47,2765.0,392.83,690.43
242,1,bus,548.64,2032.29,193.94,192.83
242,740,truck,1252.99,2888.47,256.9,348.0
242,609,person,869.51,2324.52,60.97,124.66
242,341,car,1010.48,2082.18,104.27,81.88
242,867,car,614.74,2562.42,113.43,156.5
243,247,car,680.51,2145.06,126.35,91.45
243,484,car,741.53,2270.0,135.16,123.38
243,650,car,1339.9,2308.51,165.83,131.56
243,7,car,197.19,3679.84,385.45,315.93
243,830,car,1678.45,2397.03,237.0,143.46
243,933,car,278.59,1995.12,92.68,87.45
243,939,person,296.0,2177.16,36.86,93.27
243,1016,bus,1888.49,2759.35,407.15,691.26
243,1,bus,546.83,2033.19,195.13,195.46
243,740,truck,1245.07,2878.95,250.15,339.13
243,609,person,865.84,2321.71,61.3,125.59
243,341,car,1007.15,2081.19,102.27,80.05
243,867,car,618.89,2551.24,118.86,166.03
243,593,car,858.98,2071.73,103.66,83.22
243,1018,car,1393.02,2050.46,111.93,73.58
243,953,motorcycle,1095.06,2541.9,91.02,150.22
244,247,car,675.79,2140.49,130.26,94.85
244,484,car,743.17,2267.21,137.56,125.58
244,650,car,1329.5,2303.46,167.54,132.82
244,7,car,196.77,3679.91,385.0,315.8
244,830,car,1664.67,2394.15,237.01,141.62
244,933,car,277.88,1994.45,92.68,87.19
244,939,person,296.89,2177.34,36.65,93.06
244,1016,bus,1881.38,2774.92,438.01,725.26
244,1,truck,538.05,2030.09,195.49,194.51
244,740,truck,1239.71,2865.57,243.21,330.44
244,341,car,1005.05,2078.69,99.55,77.46
244,867,car,621.73,2544.84,116.61,163.93
244,593,car,858.71,2073.33,104.82,84.54
244,953,motorcycle,1088.29,2551.64,73.05,116.35
244,562,car,1064.45,2236.8,158.16,135.68
245,247,car,675.71,2140.15,129.11,94.31
245,484,car,744.23,2264.18,135.72,123.46
245,650,car,1323.2,2299.17,160.83,128.16
245,7,car,196.98,3679.78,385.07,316.05
245,830,car,1651.5,2389.83,241.98,143.99
245,933,car,277.16,1993.36,92.13,86.17
245,939,person,296.49,2177.76,36.94,94.35
245,1016,bus,1870.67,2775.59,463.31,748.33
245,740,truck,1231.21,2855.95,240.11,326.28
245,341,car,1004.06,2079.44,105.04,82.03
245,867,car,625.17,2535.3,115.68,164.11
245,593,car,857.78,2072.52,106.41,86.22
245,953,motorcycle,1082.01,2552.18,65.31,101.0
245,1078,car,1234.98,2858.42,240.51,327.31
245,562,car,1057.86,2232.3,160.83,139.47
245,924,car,1618.2,2202.43,169.95,100.12
245,1018,car,1401.12,2055.03,104.86,69.08
246,247,car,673.41,2140.21,124.99,90.85
246,484,car,743.47,2260.36,136.82,124.72
246,650,car,1313.97,2292.21,162.87,129.2
246,7,car,197.61,3679.76,385.12,316.11
246,830,car,1643.68,2380.15,231.54,135.53
246,933,car,276.95,1994.2,93.91,87.55
246,939,person,296.28,2177.68,37.69,96.07
246,1016,bus,1862.87,2771.3,484.79,765.5
246,740,truck,1224.33,2847.77,238.59,324.28
246,341,car,999.12,2076.82,101.9,79.73
246,867,car,627.46,2528.9,114.47,164.33
246,593,car,859.0,2073.51,100.84,82.41
246,1078,car,1228.63,2852.74,238.24,324.18
246,562,car,1044.02,2225.65,168.47,145.99
246,973,motorcycle,1181.92,2401.08,99.87,149.62
246,1,truck,539.52,2029.36,191.09,191.05
247,247,car,670.86,2139.54,124.1,89.9
247,484,car,743.06,2257.58,137.24,125.69
247,650,car,1309.67,2287.08,162.54,127.81
247,7,car,197.76,3679.59,385.42,316.42
247,830,car,1635.07,2375.78,232.88,135.34
247,933,car,276.83,1994.1,94.22,87.63
247,939,person,296.5,2177.71,38.19,96.52
247,1016,bus,1855.73,2754.43,492.06,756.8
247,740,truck,1218.58,2837.29,240.93,328.98
247,867,car,631.28,2517.15,112.61,163.14
247,562,car,1037.9,2221.54,166.71,144.53
247,973,motorcycle,1173.19,2399.43,91.01,137.09
247,1,truck,532.95,2026.74,202.23,203.41
248,247,car,671.1,2138.52,123.31,89.05
248,484,car,743.59,2255.25,138.79,127.95
248,650,car,1304.26,2282.5,165.02,129.08
248,7,car,197.84,3679.47,385.59,316.65
248,830,car,1628.89,2371.45,228.92,130.98
248,933,car,276.9,1994.55,94.5,87.76
248,939,person,296.84,2176.17,39.16,98.47
248,1016,bus,1846.67,2747.18,501.98,751.0
248,740,truck,1209.55,2828.96,237.97,326.34
248,867,car,633.77,2510.88,113.82,167.45
248,562,car,1041.02,2218.83,160.37,140.6
248,924,car,1653.11,2208.13,166.23,96.51
249,247,car,667.44,2137.73,123.75,88.74
249,484,car,743.83,2251.68,137.27,127.05
249,650,car,1298.96,2280.51,164.32,127.92
249,7,car,198.12,3679.44,385.64,316.71
249,830,car,1620.89,2364.99,221.86,124.72
249,933,car,276.87,1995.0,95.38,88.48
249,939,person,297.07,2174.58,40.4,101.21
249,1016,bus,1840.75,2740.67,515.54,752.14
249,740,truck,1201.42,2820.96,233.32,320.07
249,867,car,636.68,2506.36,112.27,167.08
249,562,car,1027.57,2211.42,159.46,138.62
249,1083,person,1282.33,2633.93,103.46,151.04
249,924,car,1662.55,2213.43,177.65,103.16
249,976,person,171.63,2300.56,47.84,126.21
249,953,motorcycle,1053.93,2500.39,91.43,145.12
250,247,car,663.95,2133.28,132.68,95.79
250,484,car,744.7,2250.57,135.37,125.3
250,650,car,1291.57,2278.81,162.25,125.2
250,7,car,198.01,3679.62,385.23,316.39
250,830,car,1619.59,2359.59,220.42,121.89
250,933,car,277.75,1994.84,93.81,86.83
250,939,person,296.89,2172.07,41.5,103.6
250,1016,bus,1834.34,2735.51,525.94,748.62
250,740,truck,1193.73,2813.64,231.54,317.21
250,867,car,639.48,2502.56,108.66,163.29
250,562,car,1023.07,2207.61,164.84,142.63
250,1083,person,1275.18,2631.14,106.12,154.91
250,924,car,1674.74,2219.36,195.03,114.74
250,976,person,172.83,2296.38,49.3,127.34
250,953,motorcycle,1047.9,2489.75,94.98,155.15
251,247,car,661.37,2128.73,142.29,103.91
251,484,car,745.94,2246.4,132.94,123.34
251,650,car,1287.16,2273.65,160.54,123.33
251,7,car,198.32,3679.66,385.22,316.3
251,830,car,1605.77,2356.4,210.48,114.51
251,933,car,278.67,1995.07,93.39,86.46
251,939,person,297.03,2171.08,42.02,104.42
251,1016,bus,1829.88,2727.8,542.33,755.01
251,740,truck,1187.99,2805.49,231.83,318.96
251,867,car,643.19,2504.49,104.68,159.09
251,562,car,1019.05,2203.0,161.46,138.56
251,1083,person,1263.16,2623.86,106.96,156.31
251,976,person,173.79,2295.09,50.95,130.31
251,953,motorcycle,1041.86,2488.99,87.02,144.32
251,1,truck,517.5,2009.69,197.72,195.79
252,247,car,659.67,2126.64,141.44,104.36
252,484,car,745.45,2245.38,128.7,119.45
252,650,car,1283.46,2270.79,160.1,122.32
252,7,car,198.66,3679.41,385.79,316.79
252,830,car,1594.37,2354.32,225.68,122.06
252,933,car,279.38,1994.85,92.4,85.67
252,939,person,297.6,2170.86,42.3,104.73
252,1016,bus,1821.65,2721.93,559.82,762.34
252,740,truck,1181.1,2798.19,231.54,319.46
252,867,car,647.13,2500.44,102.33,156.9
252,562,car,1029.67,2204.73,151.75,131.57
252,1083,person,1251.45,2611.01,99.84,145.8
252,976,person,175.2,2297.72,53.19,135.13
252,924,car,1699.99,2234.19,193.5,114.48
253,247,car,656.54,2126.34,139.74,104.14
253,484,car,744.79,2244.12,126.32,117.67
253,650,car,1284.73,2269.55,158.06,120.55
253,7,car,198.68,3679.49,385.58,316.63
253,830,car,1586.9,2356.72,253.47,138.78
253,933,car,279.95,1994.54,91.74,85.18
253,939,person,297.89,2170.18,42.72,105.43
253,1016,bus,1813.83,2721.06,577.84,770.7
253,740,truck,1172.79,2788.62,228.18,314.44
253,867,car,650.38,2497.43,99.69,154.07
253,562,car,1017.05,2196.93,157.11,135.82
253,1083,person,1241.46,2601.36,99.66,145.88
253,976,person,176.6,2298.11,53.5,134.76
253,924,car,1712.3,2235.29,209.4,125.37
254,247,car,651.69,2125.53,133.95,100.62
254,484,car,745.29,2243.53,125.47,116.75
254,650,car,1285.54,2266.82,153.03,116.47
254,7,car,198.35,3679.51,385.49,316.62
254,830,car,1579.63,2343.79,218.61,117.14
254,939,person,298.08,2170.12,42.98,105.88
254,1016,bus,1808.46,2712.6,592.48,774.97
254,740,truck,1167.72,2776.06,220.81,303.66
254,867,car,653.3,2494.05,95.95,148.84
254,562,car,1008.81,2191.53,159.12,137.19
254,1083,person,1231.01,2601.11,111.06,163.61
254,976,person,178.89,2300.65,54.64,136.69
254,924,car,1724.13,2240.18,215.01,129.49
254,953,motorcycle,1024.36,2465.72,83.17,138.61
255,247,car,651.25,2124.51,125.61,94.14
255,484,car,741.48,2240.48,124.55,115.98
255,650,car,1281.99,2265.69,149.4,113.46
255,7,car,197.97,3679.52,385.34,316.6
255,939,person,298.83,2168.69,41.79,102.46
255,1016,bus,1803.62,2702.0,614.51,791.34
255,740,truck,1163.21,2770.41,219.3,302.3
255,867,car,655.49,2487.44,92.77,145.07
255,562,car,1004.57,2189.72,162.44,140.2
255,1083,person,1222.28,2591.41,102.98,152.05
255,976,person,180.66,2302.0,54.02,133.88
255,924,car,1737.01,2242.06,203.22,122.01
255,953,motorcycle,1016.83,2458.84,80.71,135.59
255,609,person,818.8,2278.21,61.82,127.03
256,247,car,647.88,2124.56,118.38,88.1
256,484,car,743.22,2241.27,122.31,113.97
256,650,car,1275.94,2260.04,149.65,113.79
256,7,car,197.87,3679.59,385.07,316.45
256,939,person,298.9,2168.74,41.52,101.54
256,1016,bus,1799.29,2689.75,617.41,780.2
256,740,truck,1156.81,2762.55,218.03,300.76
256,867,car,657.77,2484.42,90.95,143.1
256,562,car,999.56,2188.58,161.76,138.85
256,1083,person,1212.41,2578.77,94.49,139.24
256,976,person,182.48,2301.37,52.22,127.7
256,953,motorcycle,1011.22,2459.03,73.64,123.57
256,1088,car,2107.42,3486.45,74.64,296.48
256,609,person,818.07,2277.18,62.14,127.55
256,933,car,280.09,1995.41,90.72,84.29
257,247,car,645.27,2121.48,115.89,85.37
257,484,car,745.12,2237.43,128.6,119.43
257,650,car,1272.94,2256.87,142.29,107.79
257,7,car,197.93,3679.68,384.8,316.3
257,939,person,298.71,2168.64,41.49,101.29
257,1016,bus,1794.81,2684.88,630.92,784.32
257,740,truck,1150.06,2754.38,216.57,298.84
257,867,car,660.87,2479.59,88.62,140.43
257,562,car,998.52,2188.93,163.92,140.79
257,1083,person,1203.3,2571.92,88.98,130.5
257,976,person,184.85,2300.67,52.33,126.82
257,953,motorcycle,1006.11,2456.31,72.9,122.1
257,1088,car,2090.38,3458.71,80.09,312.84
257,609,person,814.92,2273.16,60.53,125.33
257,1,truck,525.09,2001.76,183.13,182.17
257,924,car,1759.99,2247.78,204.14,121.89
258,247,car,644.68,2116.3,120.39,88.6
258,484,car,745.73,2233.5,132.82,123.76
258,650,car,1267.07,2251.87,144.14,108.45
258,7,car,197.97,3679.74,384.61,316.2
258,939,person,298.37,2168.31,40.79,99.2
258,1016,bus,1789.26,2676.26,647.34,792.8
258,740,truck,1145.98,2746.58,214.97,296.77
258,867,car,661.6,2476.37,87.71,139.19
258,562,car,1002.48,2190.78,156.23,134.53
258,1083,person,1194.58,2564.4,96.64,143.07
258,976,person,186.99,2299.59,53.77,129.86
258,953,motorcycle,1002.12,2445.85,79.34,134.38
258,1088,car,2071.1,3423.3,84.58,318.71
258,1,truck,517.98,2003.58,182.36,181.2
258,924,car,1776.93,2245.61,190.33,111.05
258,933,car,280.42,1995.71,90.42,83.95
259,247,car,641.56,2119.22,111.58,80.33
259,484,car,747.2,2231.65,133.8,124.74
259,650,car,1268.43,2250.68,135.92,102.2
259,7,car,198.42,3679.81,384.47,316.05
259,939,person,298.49,2168.92,41.12,100.02
259,1016,bus,1783.28,2672.25,647.44,777.99
259,740,truck,1139.05,2738.81,210.06,289.23
259,867,car,663.33,2467.63,92.82,147.93
259,562,car,997.4,2186.31,155.72,133.86
259,1083,person,1186.62,2549.04,92.82,137.95
259,976,person,189.08,2296.66,54.75,132.35
259,953,motorcycle,996.45,2437.9,79.61,136.53
259,1088,car,2053.78,3405.73,97.08,349.21
259,924,car,1786.97,2249.37,189.55,108.49
259,933,car,280.72,1996.27,91.5,85.04
260,247,car,638.83,2117.97,110.9,78.9
260,484,car,744.27,2228.72,125.71,117.25
260,650,car,1265.23,2245.17,143.49,108.92
260,7,car,198.45,3679.68,384.72,316.29
260,939,person,298.43,2169.81,40.58,98.65
260,1016,bus,1777.91,2660.44,652.18,768.88
260,740,truck,1132.67,2731.89,209.39,288.03
260,867,car,665.83,2456.78,99.85,161.52
260,562,car,994.16,2183.8,153.2,131.75
260,1083,person,1177.66,2546.71,97.53,145.57
260,976,person,190.56,2294.44,54.79,132.8
260,953,motorcycle,992.12,2433.37,76.13,131.67
260,1088,car,2036.79,3390.59,114.04,388.43
260,924,car,1801.51,2259.82,207.45,119.24
260,933,car,280.78,1996.47,92.05,85.7
260,1094,car,1721.61,2069.21,116.64,68.48
261,247,car,636.95,2117.9,109.74,76.91
261,484,car,746.68,2227.81,125.93,116.99
261,650,car,1256.42,2241.7,147.32,112.32
261,7,car,198.4,3679.82,384.35,315.98
261,939,person,298.31,2170.8,39.4,96.0
261,1016,bus,1771.27,2649.58,654.56,755.4
261,740,truck,1125.16,2724.16,212.55,293.43
261,867,car,667.07,2450.33,99.6,162.92
261,562,car,993.34,2184.23,147.63,126.62
261,1083,person,1170.62,2536.92,95.34,142.79
261,976,person,191.42,2293.82,54.36,132.23
261,1088,car,2018.0,3375.23,130.22,414.5
261,924,car,1816.6,2262.44,206.02,117.53
261,933,car,281.01,1994.78,90.73,84.56
261,1094,car,1721.6,2068.88,115.8,67.96
261,1,truck,528.08,2003.61,172.54,176.57
262,247,car,634.06,2117.15,109.46,76.09
262,484,car,743.85,2222.9,124.08,114.71
262,650,car,1254.49,2241.63,143.53,109.43
262,7,car,198.54,3679.64,384.72,316.33
262,939,person,298.2,2171.25,38.46,94.25
262,1016,bus,1766.75,2640.54,655.78,740.15
262,740,truck,1119.44,2715.34,210.04,290.8
262,867,car,668.34,2445.43,97.19,160.62
262,562,car,992.45,2179.95,148.47,128.28
262,1083,person,1162.21,2525.57,86.39,128.01
262,976,person,192.0,2292.92,53.97,131.45
262,1088,car,2002.5,3368.54,151.74,451.83
262,933,car,280.93,1994.26,92.57,86.61
262,1094,car,1722.84,2068.79,116.91,68.56
263,247,car,630.99,2116.45,110.24,76.15
263,484,car,745.16,2221.68,121.98,111.57
263,7,car,198.64,3679.51,384.97,316.59
263,939,person,297.86,2170.11,36.96,90.77
263,1016,bus,1760.95,2630.44,659.07,726.61
263,740,truck,1113.84,2708.48,206.51,286.16
263,867,car,668.92,2440.36,95.24,158.92
263,562,car,991.16,2181.68,139.96,121.06
263,1083,person,1153.86,2520.43,89.23,132.95
263,976,person,192.99,2292.79,54.25,132.17
263,1088,car,1988.74,3370.02,180.97,508.86
263,933,car,280.68,1995.07,94.91,89.27
263,1094,car,1722.53,2067.1,122.03,71.61
263,924,car,1847.55,2277.27,225.24,128.97
264,247,car,628.17,2113.22,113.99,78.6
264,484,car,744.66,2221.55,124.23,112.87
264,7,car,199.26,3679.54,384.97,316.53
264,939,person,297.38,2170.03,36.48,89.82
264,1016,bus,1753.89,2621.57,665.39,715.94
264,740,truck,1109.34,2701.17,202.07,279.04
264,867,car,670.71,2435.1,96.3,162.97
264,562,car,992.57,2183.61,139.8,121.37
264,1083,person,1147.37,2514.85,89.82,135.34
264,976,person,193.85,2294.0,54.65,133.62
264,1088,car,1974.12,3356.07,201.02,529.14
264,933,car,280.9,1994.9,95.59,90.35
264,1094,car,1722.46,2066.05,123.18,72.3
264,924,car,1861.41,2281.93,231.4,132.94
264,953,motorcycle,971.68,2414.53,73.51,127.98
264,650,car,1244.56,2233.28,149.27,113.75
265,247,car,626.82,2108.59,121.19,84.1
265,484,car,745.01,2220.25,126.19,114.81
265,7,car,199.6,3679.23,385.71,317.17
265,939,person,297.09,2170.87,36.37,89.76
265,1016,bus,1749.18,2610.22,671.75,705.56
265,740,truck,1107.01,2692.89,199.01,275.04
265,867,car,671.86,2432.71,93.05,159.81
265,562,car,990.78,2183.75,137.82,119.97
265,976,person,194.8,2294.1,54.04,132.82
265,1088,car,1962.11,3329.11,211.29,514.46
265,933,car,281.52,1994.94,93.61,88.76
265,1094,car,1723.02,2065.42,124.09,72.91
265,953,motorcycle,967.26,2416.75,67.07,116.52
265,650,car,1240.86,2228.93,146.66,111.14
265,1,truck,513.4,1994.8,178.12,184.11
266,247,car,624.61,2107.75,121.64,84.75
266,484,car,742.26,2219.62,127.6,116.51
266,7,car,199.3,3679.1,385.99,317.42
266,939,person,296.69,2171.29,36.84,91.17
266,1016,bus,1744.12,2599.28,670.26,685.21
266,740,truck,1100.92,2687.05,197.7,273.94
266,867,person,673.56,2422.58,87.9,151.09
266,562,car,984.89,2187.64,135.39,116.98
266,976,person,195.16,2290.52,51.04,124.34
266,1088,car,1946.86,3295.82,228.97,515.37
266,933,car,282.38,1995.26,92.59,88.09
266,1094,car,1723.73,2065.68,124.48,73.19
266,953,motorcycle,961.66,2408.16,72.54,127.15
266,650,car,1235.3,2221.19,150.79,115.57
266,1,truck,513.12,1994.59,177.45,183.77
266,1083,person,1132.41,2507.42,97.72,149.19
267,247,car,619.89,2108.95,113.89,78.8
267,484,car,740.85,2218.7,134.43,123.88
267,7,car,199.18,3679.04,386.04,317.54
267,939,person,296.0,2171.2,36.47,90.46
267,1016,bus,1740.81,2588.9,672.71,669.57
267,740,truck,1096.42,2681.25,195.21,270.71
267,867,car,675.07,2420.55,86.28,149.44
267,562,car,986.21,2176.84,135.97,118.6
267,976,person,195.13,2288.44,49.34,119.23
267,1088,car,1933.37,3264.73,240.71,496.44
267,933,car,282.75,1995.46,92.42,88.22
267,1094,car,1724.1,2065.3,125.55,73.89
267,953,motorcycle,957.91,2402.5,72.87,128.91
267,650,car,1230.65,2217.59,147.15,113.04
267,1,truck,520.73,1996.36,167.83,177.67
267,1109,truck,73.37,2729.08,125.15,278.42
267,1083,person,1126.53,2500.28,96.21,148.41
268,247,car,616.88,2103.75,119.12,82.91
268,484,car,739.19,2215.86,136.93,127.11
268,7,car,199.03,3679.11,385.8,317.39
268,939,person,295.34,2170.12,36.19,89.84
268,1016,bus,1737.06,2583.48,678.8,658.08
268,740,truck,1091.75,2672.76,192.61,266.34
268,867,car,678.11,2420.11,78.96,136.37
268,562,car,973.06,2178.0,156.92,137.99
268,976,person,195.08,2291.45,51.33,124.37
268,1088,car,1923.11,3234.29,252.78,477.65
268,933,car,283.44,1994.92,91.98,88.03
268,1094,car,1724.88,2067.0,120.09,70.59
268,953,motorcycle,952.86,2395.24,73.57,131.31
268,650,car,1221.83,2214.76,146.45,112.35
268,1,truck,522.65,1998.6,160.9,172.58
268,1109,truck,80.91,2741.22,141.24,313.72
268,1083,person,1117.98,2490.5,85.27,131.31
269,247,car,613.4,2100.42,117.41,82.41
269,484,car,736.79,2213.52,132.1,123.07
269,7,car,199.04,3679.17,385.5,317.23
269,939,person,294.71,2169.15,36.63,91.01
269,1016,bus,1733.29,2575.52,685.28,647.75
269,740,truck,1086.05,2666.5,194.31,268.32
269,562,car,968.33,2168.57,144.71,125.4
269,976,person,195.17,2290.66,50.17,121.47
269,1088,car,1911.18,3207.3,265.74,458.79
269,933,car,283.98,1994.78,91.59,87.88
269,953,motorcycle,948.93,2397.05,66.41,117.83
269,650,car,1221.1,2213.7,142.07,109.67
269,1,truck,520.68,1999.87,154.1,166.07
269,1109,truck,89.53,2746.2,151.64,335.17
269,1083,person,1109.26,2483.53,79.38,121.47
270,247,car,610.73,2098.72,115.57,81.72
270,484,car,737.73,2212.67,127.27,119.35
270,7,car,198.99,3679.46,384.77,316.65
270,939,person,294.56,2168.98,37.53,93.42
270,1016,bus,1726.98,2567.72,695.97,642.22
270,740,truck,1082.08,2658.47,191.47,264.73
270,562,car,964.59,2163.93,143.26,123.26
270,976,person,196.27,2293.4,52.39,128.34
270,1088,car,1897.4,3178.88,280.03,440.61
270,933,car,284.45,1995.02,91.26,87.87
270,953,motorcycle,945.01,2393.57,65.18,115.75
270,650,car,1216.92,2211.83,139.52,107.41
270,1109,truck,98.46,2743.41,157.14,343.94
270,1083,person,1101.4,2479.64,80.2,122.57
270,924,bus,1952.43,2336.0,274.65,158.76
271,247,car,609.35,2096.05,112.97,80.57
271,484,car,736.82,2210.03,135.21,128.05
271,7,car,199.54,3679.6,384.56,316.38
271,939,person,294.38,2168.44,37.86,94.42
271,1016,bus,1708.35,2558.56,707.18,641.05
271,740,truck,1077.07,2653.62,187.76,259.11
271,562,car,962.19,2161.9,142.09,121.28
271,976,person,195.99,2290.74,51.27,126.03
271,1088,car,1886.11,3153.56,295.55,424.97
271,933,car,284.8,1994.36,89.52,86.18
271,953,motorcycle,941.63,2387.45,67.25,119.36
271,650,car,1211.26,2210.6,141.07,108.19
271,1109,truck,107.52,2732.17,160.31,345.82
271,1083,person,1096.16,2472.17,79.65,122.49
271,1119,person,92.92,2273.25,44.7,164.91
271,1094,car,1726.79,2065.98,122.37,71.55
272,247,car,606.98,2093.14,111.73,80.3
272,484,car,737.2,2209.33,134.31,127.58
272,7,car,199.56,3679.85,384.1,315.88
272,939,person,294.37,2168.34,38.5,96.41
272,1016,bus,1693.22,2546.86,705.19,628.4
272,740,truck,1071.05,2649.54,187.55,258.65
272,976,person,195.63,2290.14,51.12,126.12
272,1088,car,1873.57,3127.34,311.61,412.79
272,933,car,283.85,1994.0,90.01,86.46
272,953,car,937.09,2380.6,64.78,112.82
272,650,car,1210.28,2205.13,135.87,103.83
272,1109,truck,115.54,2722.98,165.35,349.33
272,1083,person,1089.5,2465.96,81.12,125.65
272,1119,person,92.09,2274.4,44.6,164.77
272,1094,car,1727.23,2065.82,122.98,71.47
272,867,car,682.68,2403.64,83.17,145.03
273,247,car,603.6,2097.81,104.02,74.35
273,484,car,736.38,2208.96,137.22,131.47
273,7,car,199.62,3680.2,383.51,315.16
273,939,person,294.26,2168.11,38.87,97.59
273,1016,bus,1676.0,2534.19,693.57,607.23
273,740,truck,1065.22,2645.86,186.97,257.53
273,976,person,195.07,2290.73,51.73,127.99
273,1088,car,1851.19,3097.6,326.06,402.49
273,933,car,282.96,1993.84,91.69,87.94
273,650,car,1209.32,2202.63,131.22,100.16
273,1109,truck,120.36,2710.92,169.2,348.65
273,1083,person,1082.97,2460.24,82.38,127.79
273,1119,person,91.79,2275.5,44.47,164.56
273,1094,car,1727.92,2065.81,123.47,71.38
273,867,car,681.97,2404.58,82.0,141.47
273,924,bus,2005.93,2357.98,299.95,175.48
273,562,car,956.24,2159.73,136.67,115.81
274,247,car,601.4,2100.03,103.86,73.82
274,484,car,735.34,2208.47,141.63,137.58
274,7,car,200.12,3680.44,383.53,314.72
274,939,person,294.14,2167.63,38.7,97.3
274,1016,bus,1659.04,2527.19,691.04,596.53
274,740,truck,1062.41,2640.29,185.46,256.39
274,976,person,194.76,2291.26,51.55,127.66
274,1088,car,1826.13,3075.19,339.37,395.07
274,933,car,283.37,1993.79,90.97,86.99
274,650,car,1207.15,2200.17,131.37,99.56
274,1109,truck,128.63,2705.48,169.4,335.21
274,1119,person,91.64,2275.6,44.72,165.74
274,1094,car,1728.6,2065.24,123.18,70.71
274,867,car,683.99,2398.76,82.92,144.31
274,924,bus,2018.63,2360.83,282.73,176.47
274,562,car,958.43,2167.0,118.08,98.42
275,247,car,599.61,2096.71,106.86,76.28
275,484,car,733.93,2206.25,135.78,132.58
275,7,car,200.83,3680.54,383.93,314.54
275,939,person,293.84,2167.67,39.06,98.24
275,1016,bus,1648.05,2520.58,684.03,583.57
275,740,truck,1056.89,2634.24,185.79,258.15
275,976,person,195.78,2293.7,52.81,131.59
275,1088,car,1800.81,3053.88,346.29,381.77
275,933,car,283.7,1993.51,89.99,85.73
275,650,car,1206.1,2198.75,126.69,95.11
275,1109,truck,135.21,2688.12,182.71,349.51
275,1119,person,91.24,2276.67,44.5,164.99
275,1094,car,1728.46,2066.16,119.73,67.96
275,867,car,681.98,2396.71,82.91,142.81
275,924,bus,2023.74,2364.47,272.52,184.5
275,562,car,956.3,2164.82,118.42,98.15
275,1127,truck,485.81,1984.32,190.64,168.62
275,1083,person,1071.36,2452.29,75.76,116.97
276,247,car,598.56,2093.28,107.8,77.64
276,484,car,732.86,2205.78,134.97,132.9
276,7,car,201.4,3680.94,383.94,313.69
276,939,person,294.3,2168.27,39.0,97.99
276,1016,bus,1629.76,2515.29,683.55,576.51
276,740,truck,1051.43,2626.74,182.42,254.15
276,976,person,197.22,2295.38,54.5,136.62
276,1088,car,1776.54,3032.57,349.87,367.39
276,933,car,284.46,1993.93,89.82,85.41
276,650,car,1202.99,2201.6,124.19,92.49
276,1109,truck,143.1,2679.8,194.76,359.29
276,1119,person,91.61,2276.59,44.44,164.45
276,1094,car,1729.33,2066.87,119.22,66.99
276,867,car,681.42,2393.67,83.78,143.4
276,562,car,946.51,2155.44,141.5,117.76
276,1127,truck,483.66,1981.3,192.79,170.64
276,1083,person,1064.11,2444.58,75.57,117.37
277,247,car,598.81,2086.86,117.94,87.18
277,484,car,732.41,2201.97,131.93,130.17
277,7,car,202.24,3680.99,384.71,313.54
277,939,person,295.14,2168.57,39.82,99.96
277,1016,bus,1619.89,2510.85,685.52,573.14
277,740,truck,1048.01,2617.12,177.51,247.12
277,976,person,198.05,2294.69,54.72,137.61
277,1088,car,1749.72,3010.57,361.62,365.52
277,933,car,285.37,1994.52,89.47,84.95
277,650,car,1197.54,2191.03,143.04,107.69
277,1109,truck,151.15,2673.8,200.44,353.89
277,867,car,686.19,2388.51,81.52,140.56
277,562,car,945.13,2153.45,139.01,116.32
277,1127,truck,483.27,1983.82,182.68,161.57
277,1083,person,1056.03,2435.82,75.55,117.31
277,593,car,831.26,2042.07,100.45,85.0
278,247,car,592.73,2089.1,111.66,82.51
278,484,car,732.55,2202.58,132.63,131.29
278,7,car,202.53,3681.31,384.98,312.86
278,939,person,295.58,2168.14,41.31,103.86
278,1016,bus,1610.48,2505.53,688.39,570.82
278,740,truck,1044.59,2610.38,175.76,244.28
278,976,person,198.72,2293.05,54.17,136.69
278,1088,car,1726.21,2989.98,368.8,360.97
278,933,car,285.92,1995.14,90.94,86.55
278,1109,truck,158.15,2667.68,207.94,351.02
278,562,car,944.34,2150.62,143.9,121.65
278,1127,truck,484.5,1983.98,179.76,158.92
278,1083,person,1050.1,2431.82,74.58,115.15
278,1138,motorcycle,97.66,2933.81,189.26,232.72
278,924,bus,2041.66,2388.83,236.68,187.43
278,1094,car,1729.95,2066.9,119.29,66.19
279,247,car,593.17,2088.51,108.66,80.54
279,484,car,731.56,2199.92,131.38,130.61
279,7,car,202.96,3681.54,385.49,312.41
279,939,person,295.62,2167.26,42.02,105.66
279,1016,bus,1596.88,2497.7,679.77,559.03
279,740,truck,1040.54,2605.05,176.23,245.07
279,976,person,199.58,2292.1,53.32,135.14
279,1088,car,1703.29,2970.27,371.32,352.75
279,933,car,286.16,1994.9,92.87,88.74
279,1109,truck,163.75,2656.8,213.26,342.35
279,562,car,939.65,2147.48,145.18,123.05
279,1127,truck,485.18,1980.18,183.89,162.75
279,1083,person,1046.72,2425.79,72.64,111.41
279,1138,motorcycle,109.11,2924.12,195.26,239.64
279,1094,car,1729.02,2065.37,121.5,66.56
279,953,motorcycle,907.28,2343.95,72.35,125.27
279,650,car,1189.25,2184.4,135.46,103.01
280,247,car,591.72,2084.42,110.3,82.44
280,484,car,732.8,2196.03,128.76,128.72
280,7,car,203.19,3681.68,386.16,312.11
280,939,person,295.75,2166.91,42.98,107.9
280,1016,bus,1584.89,2487.83,666.88,543.81
280,740,truck,1034.52,2600.15,173.24,240.66
280,976,person,200.42,2290.76,52.83,134.48
280,1088,car,1679.21,2950.14,371.06,342.78
280,933,car,286.93,1993.37,91.05,87.06
280,562,car,937.85,2146.47,144.27,122.91
280,1127,truck,483.1,1978.95,186.39,165.24
280,1083,person,1041.68,2423.8,73.64,112.86
280,1138,motorcycle,125.62,2913.21,192.59,234.58
280,1094,car,1729.72,2064.75,121.8,66.21
280,1142,car,1031.86,2097.65,114.22,99.17
280,650,car,1185.48,2182.12,133.09,101.79
280,867,car,689.66,2379.1,77.5,133.68
280,593,car,825.78,2045.37,115.81,101.12
281,247,car,588.56,2080.37,113.75,86.13
281,484,car,733.64,2194.45,128.08,128.85
281,7,car,203.07,3682.01,386.32,311.46
281,939,person,296.27,2167.12,43.09,107.93
281,1016,bus,1571.46,2476.69,652.98,528.12
281,740,truck,1030.32,2595.32,172.27,238.9
281,976,person,201.13,2289.33,51.71,131.68
281,1088,car,1660.67,2930.48,375.53,338.97
281,933,car,287.19,1991.76,88.89,84.78
281,562,car,933.73,2144.73,147.86,126.61
281,1127,truck,481.04,1978.72,185.81,164.81
281,1083,person,1036.26,2420.03,76.18,116.26
281,1138,motorcycle,142.0,2903.73,197.6,238.83
281,1094,car,1730.19,2064.89,123.85,66.96
281,650,car,1185.17,2178.75,136.77,105.39
281,593,car,823.94,2046.05,114.19,100.63
281,1119,person,93.68,2273.15,45.96,166.2
281,1109,truck,180.39,2636.21,213.48,320.35
281,953,car,898.76,2337.54,72.94,124.07
282,247,car,586.22,2076.25,117.96,90.25
282,484,car,733.55,2190.13,124.36,125.34
282,7,car,202.79,3682.28,386.57,310.94
282,939,person,296.79,2167.47,43.23,108.27
282,1016,bus,1559.53,2467.61,645.51,518.2
282,740,truck,1026.53,2589.84,173.59,240.04
282,976,person,202.17,2288.35,51.22,130.27
282,1088,car,1637.65,2915.17,374.49,332.0
282,933,car,287.72,1991.13,87.72,83.53
282,562,car,934.44,2148.03,145.91,125.73
282,1127,truck,478.23,1978.65,184.71,163.87
282,1083,person,1030.06,2414.57,75.96,114.91
282,1138,motorcycle,159.88,2895.08,200.57,241.28
282,650,car,1178.98,2174.79,132.9,102.13
282,593,car,823.4,2049.12,114.81,101.98
282,1119,person,93.37,2273.54,46.86,166.38
282,1109,truck,189.99,2626.62,217.83,306.6
283,247,car,583.01,2075.26,114.32,87.77
283,484,car,733.13,2186.86,126.27,127.83
283,7,car,202.38,3682.43,387.04,310.69
283,939,person,297.16,2168.57,43.02,107.6
283,1016,bus,1547.76,2458.15,646.11,515.46
283,740,truck,1023.02,2586.33,173.44,239.46
283,976,person,203.49,2287.95,51.28,129.81
283,1088,car,1620.42,2894.41,369.86,321.76
283,933,car,287.84,1991.06,87.05,82.7
283,1083,person,1026.72,2408.66,79.75,119.6
283,1138,motorcycle,187.47,2885.44,185.34,220.31
283,650,car,1178.57,2171.96,134.39,103.41
283,593,car,822.54,2047.66,117.52,107.21
283,1119,person,93.62,2273.8,47.56,166.52
283,1109,truck,204.66,2615.26,219.15,291.47
283,867,motorcycle,690.98,2374.37,75.84,129.64
284,247,car,580.05,2075.52,105.91,80.7
284,484,car,731.6,2185.23,123.2,124.66
284,7,car,202.31,3682.39,387.79,310.79
284,939,person,297.16,2169.54,42.51,106.15
284,1016,bus,1536.76,2453.31,651.06,516.95
284,740,truck,1020.56,2582.29,170.62,236.0
284,1088,car,1600.33,2877.43,368.2,315.31
284,933,car,288.36,1991.09,85.58,80.96
284,1083,person,1020.76,2405.26,78.22,118.19
284,1138,motorcycle,212.47,2889.69,166.23,193.44
284,650,car,1176.48,2173.68,131.22,100.39
284,1119,person,95.14,2273.63,48.71,168.22
284,1109,truck,220.56,2610.27,224.63,285.64
285,247,car,578.49,2073.61,103.06,78.63
285,484,car,730.56,2180.61,122.23,123.38
285,7,car,202.72,3682.38,388.45,310.79
285,939,person,296.93,2169.31,42.88,106.9
285,1016,bus,1524.4,2450.49,653.08,517.49
285,740,truck,1016.7,2574.33,168.36,233.82
285,1088,car,1582.95,2859.24,362.68,305.6
285,933,car,288.77,1990.88,85.26,80.58
285,1083,person,1013.06,2399.02,75.91,116.12
285,1138,motorcycle,224.86,2870.37,177.02,205.99
285,650,car,1171.27,2175.01,125.26,94.71
285,1109,truck,233.09,2603.5,231.02,281.7
285,1094,car,1727.28,2067.45,123.85,66.08
286,247,car,579.44,2072.44,104.08,80.11
286,484,car,734.14,2180.58,115.72,117.69
286,7,car,202.7,3682.43,388.92,310.66
286,939,person,296.64,2167.36,42.84,106.22
286,1016,bus,1510.12,2446.3,647.75,512.43
286,740,truck,1014.06,2569.67,167.61,233.76
286,1088,car,1564.23,2845.54,368.76,306.88
286,933,car,289.86,1990.55,84.42,79.76
286,1083,person,1006.28,2390.91,76.1,117.29
286,1138,motorcycle,248.48,2857.27,195.09,226.91
286,650,car,1168.04,2167.61,142.26,109.07
286,1109,truck,247.01,2608.4,243.98,288.61
286,1094,car,1726.07,2068.99,127.11,67.33
286,867,motorcycle,691.07,2367.94,73.39,123.09
286,1119,person,98.74,2273.4,49.57,167.96
287,247,car,577.87,2070.17,107.97,83.61
287,484,car,729.89,2176.6,113.99,115.43
287,7,car,202.78,3682.23,389.79,311.02
287,939,person,296.8,2165.59,42.15,103.73
287,1016,bus,1501.4,2435.98,630.34,496.8
287,740,truck,1011.64,2564.07,167.78,234.4
287,1088,car,1547.73,2831.66,366.1,300.89
287,933,car,289.79,1990.93,85.19,80.44
287,1083,person,1000.42,2388.0,75.59,116.11
287,1138,motorcycle,266.19,2842.81,201.75,234.5
287,650,car,1165.16,2164.5,137.51,106.53
287,1109,truck,259.12,2605.49,249.84,288.76
287,1127,truck,470.64,1979.16,184.48,164.88
288,247,car,575.77,2068.85,108.04,84.14
288,484,car,727.35,2173.3,110.61,111.08
288,7,car,202.35,3682.06,390.36,311.35
288,939,person,296.99,2166.14,42.1,103.11
288,1016,bus,1492.87,2428.18,621.59,488.35
288,740,truck,1008.85,2559.3,166.19,232.62
288,1088,car,1529.33,2816.31,361.85,294.14
288,933,car,289.54,1991.54,84.99,80.01
288,1083,person,996.84,2386.59,74.4,114.75
288,1138,motorcycle,292.96,2829.89,192.05,221.5
288,650,car,1161.67,2160.65,144.67,113.84
288,1109,truck,271.69,2604.71,254.53,288.57
288,1148,car,2118.6,2876.43,70.19,166.14
288,1127,truck,469.89,1979.15,185.57,167.25
288,562,car,925.28,2131.25,125.04,107.5
289,247,car,574.6,2067.76,107.06,84.34
289,484,car,726.57,2166.85,103.31,102.3
289,7,car,202.1,3681.81,390.94,311.87
289,939,person,297.2,2166.69,42.47,103.34
289,1016,bus,1482.72,2422.42,612.13,478.5
289,740,truck,1004.89,2555.39,164.79,231.08
289,1088,car,1514.27,2802.87,356.7,286.56
289,933,car,289.03,1992.14,85.12,79.9
289,1083,person,993.23,2382.8,70.68,109.27
289,1138,motorcycle,313.27,2813.08,187.98,216.53
289,650,car,1158.64,2159.37,131.39,105.05
289,1109,truck,281.38,2596.98,256.55,285.77
289,1148,car,2109.34,2868.14,71.43,167.39
289,1127,truck,468.92,1974.75,178.3,161.6
289,562,car,921.13,2125.55,128.59,110.39
289,953,motorcycle,860.26,2316.58,57.54,95.72
290,247,car,572.48,2069.67,100.41,79.44
290,484,car,725.95,2166.28,101.86,99.87
290,7,car,202.51,3681.7,391.24,312.08
290,939,person,297.79,2166.81,42.94,104.22
290,1016,bus,1469.18,2416.98,612.43,477.05
290,740,truck,1000.87,2549.74,160.79,225.79
290,1088,car,1499.28,2787.62,354.18,281.52
290,933,car,287.49,1992.85,86.06,80.33
290,1083,person,988.76,2378.35,66.33,102.08
290,1138,motorcycle,330.05,2806.54,182.5,209.58
290,650,car,1155.63,2158.97,121.56,97.67
290,1109,truck,292.48,2588.99,258.84,283.38
290,1148,car,2096.43,2854.86,75.89,174.04
290,1127,truck,465.28,1969.51,177.43,161.45
290,562,car,914.44,2129.34,133.44,114.37
291,247,car,572.91,2069.2,99.49,79.03
291,484,car,722.19,2163.3,97.87,94.01
291,7,car,202.65,3681.91,390.76,311.63
291,939,person,298.15,2166.76,43.23,104.51
291,1016,bus,1460.39,2407.83,606.71,470.67
291,740,truck,996.9,2544.34,159.03,223.52
291,1088,car,1484.9,2771.57,353.94,279.77
291,933,car,287.03,1993.81,87.18,81.16
291,1083,person,984.47,2375.81,66.77,102.12
291,1138,motorcycle,349.43,2803.06,178.43,203.51
291,650,car,1151.97,2155.86,121.52,99.05
291,1109,truck,306.85,2585.64,266.68,289.92
291,1148,car,2086.16,2846.6,83.17,185.05
291,1127,truck,461.54,1966.09,179.07,163.71
291,562,car,909.06,2130.83,136.62,117.48
291,1119,person,98.65,2273.6,49.21,162.55
291,953,motorcycle,849.02,2305.92,66.65,113.23
292,247,car,570.71,2067.9,95.09,75.25
292,484,car,720.6,2161.97,103.19,97.85
292,7,car,202.67,3681.96,390.67,311.53
292,939,person,298.47,2165.91,43.05,103.49
292,1016,bus,1452.93,2402.99,593.5,458.18
292,740,truck,993.23,2538.41,156.15,220.21
292,1088,car,1468.67,2759.38,352.39,276.94
292,933,car,287.26,1994.0,86.68,80.47
292,1083,person,978.71,2373.5,69.07,105.1
292,1138,motorcycle,367.2,2796.83,174.55,198.57
292,650,car,1145.14,2152.05,125.19,101.77
292,1109,truck,317.35,2586.18,257.71,276.27
292,1148,car,2077.01,2840.27,95.84,206.38
292,1127,truck,460.44,1966.63,185.24,170.62
292,562,car,906.02,2130.28,134.99,115.92
292,1119,person,98.16,2273.28,49.7,160.44
293,247,car,569.31,2066.69,92.89,73.34
293,484,car,720.98,2160.79,104.17,96.75
293,7,car,202.67,3682.05,390.54,311.35
293,939,person,298.81,2165.39,42.65,102.13
293,1016,bus,1445.04,2397.27,584.35,449.35
293,740,truck,990.44,2532.25,153.54,216.99
293,1088,car,1454.59,2745.22,344.78,268.54
293,933,car,287.48,1994.92,87.73,81.42
293,1083,person,972.84,2369.94,69.51,106.15
293,1138,motorcycle,378.3,2782.17,186.71,213.46
293,650,car,1136.85,2147.36,130.95,106.8
293,1109,truck,329.02,2577.46,269.31,287.41
293,1148,car,2066.35,2833.25,109.71,227.58
293,1127,truck,459.0,1968.67,187.59,174.42
293,562,car,902.81,2131.54,130.6,111.93
293,1119,person,98.02,2272.82,50.8,160.98
294,247,car,567.53,2066.93,90.09,70.1
294,484,car,720.79,2160.33,108.16,99.96
294,7,car,202.62,3682.17,390.35,311.1
294,939,person,299.0,2165.1,41.73,99.5
294,1016,bus,1435.22,2395.76,576.02,441.45
294,740,truck,987.98,2530.37,151.71,213.99
294,1088,car,1441.64,2729.8,348.61,271.51
294,933,car,287.72,1996.06,87.34,80.96
294,1083,person,967.73,2366.56,70.44,108.07
294,1138,motorcycle,398.26,2772.91,180.13,207.28
294,650,car,1132.29,2146.78,133.79,107.85
294,1109,truck,338.83,2569.92,275.16,292.49
294,1148,car,2056.57,2822.99,121.86,241.88
294,1127,truck,457.28,1967.91,184.05,172.8
294,562,car,903.65,2131.35,130.96,112.97
295,247,car,563.58,2065.91,90.17,68.93
295,484,car,719.14,2159.9,111.94,102.92
295,7,car,202.63,3682.21,390.27,310.99
295,939,person,298.81,2164.38,41.37,98.05
295,1016,bus,1427.27,2389.81,578.05,443.07
295,740,truck,984.0,2525.53,152.49,215.35
295,1088,car,1427.13,2719.84,352.27,274.83
295,933,car,287.6,1996.68,86.97,80.46
295,1083,person,963.39,2364.76,69.07,106.94
295,1138,motorcycle,408.47,2760.08,186.08,216.46
295,650,car,1134.1,2147.9,121.16,97.86
295,1109,truck,347.9,2566.51,280.21,298.09
295,1148,car,2046.43,2820.84,139.47,265.52
295,1127,truck,460.3,1967.81,176.03,166.09
295,562,car,902.83,2131.59,126.74,109.25
296,247,car,561.75,2066.78,92.53,69.87
296,484,car,718.66,2157.35,112.94,103.39
296,7,car,202.71,3682.02,390.69,311.36
296,939,person,298.96,2164.58,41.51,97.79
296,1016,bus,1419.52,2384.87,587.3,451.14
296,740,truck,978.56,2521.52,153.75,216.83
296,1088,car,1417.43,2707.54,342.44,266.72
296,933,car,287.33,1997.95,86.82,80.26
296,1083,person,957.14,2360.39,70.13,109.43
296,1138,motorcycle,424.19,2751.6,181.43,213.84
296,650,car,1129.85,2144.44,125.24,101.7
296,1109,truck,359.77,2558.15,272.62,288.8
296,1148,car,2036.17,2814.55,153.04,277.75
296,1127,truck,462.92,1966.62,169.41,160.9
296,562,car,899.23,2127.97,127.59,109.84
297,247,car,560.55,2063.96,95.6,71.69
297,484,car,716.06,2155.7,118.04,108.6
297,7,car,202.46,3681.99,390.71,311.41
297,939,person,299.36,2165.71,42.45,99.96
297,1016,bus,1407.67,2381.54,586.81,451.65
297,740,bus,973.49,2512.75,155.21,218.96
297,1088,car,1401.45,2696.27,335.5,261.04
297,933,car,287.76,1998.97,85.74,79.17
297,1083,person,953.94,2354.79,67.82,105.49
297,1138,motorcycle,442.11,2746.24,176.11,210.15
297,650,car,1132.85,2140.83,107.87,87.33
297,1109,truck,370.09,2556.73,274.27,290.14
297,1148,car,2027.42,2805.94,161.4,277.01
297,1127,truck,461.07,1968.62,164.99,158.61
297,562,car,897.92,2125.72,128.98,111.17
297,1161,car,1767.63,2252.27,190.25,112.36
298,247,car,558.4,2063.91,95.04,70.26
298,484,car,717.3,2152.55,116.29,106.95
298,7,car,202.28,3681.98,390.74,311.45
298,939,person,299.5,2166.14,43.64,102.87
298,1016,bus,1396.46,2369.23,583.48,449.34
298,740,car,970.43,2509.53,150.37,211.1
298,1088,car,1390.08,2684.67,327.44,253.7
298,933,car,288.73,1999.04,84.38,77.78
298,1083,person,951.54,2350.66,66.65,102.94
298,1138,motorcycle,458.9,2734.7,171.83,206.59
298,650,car,1123.55,2142.59,110.6,90.02
298,1109,truck,378.7,2553.97,262.73,276.38
298,1148,car,2020.25,2795.74,168.04,271.34
298,1127,truck,457.01,1969.55,166.76,161.97
298,562,car,896.29,2119.36,136.72,118.62
298,1161,car,1778.45,2253.18,190.64,112.76
298,1165,bus,2062.97,2538.17,171.61,247.37
299,247,car,546.82,2064.55,99.36,70.92
299,484,car,713.11,2150.26,116.38,106.14
299,7,car,202.19,3681.97,390.75,311.45
299,939,person,299.28,2165.58,44.08,103.78
299,1016,bus,1389.89,2359.51,564.12,433.68
299,740,car,966.86,2505.53,151.78,212.84
299,1088,car,1381.62,2674.3,323.42,250.06
299,933,car,288.47,1999.07,85.19,78.42
299,1083,person,949.37,2344.32,65.9,102.44
299,1138,motorcycle,472.29,2731.03,166.56,202.83
299,650,car,1122.8,2142.31,107.27,86.5
299,1109,truck,393.02,2554.49,248.36,258.96
299,1148,car,2013.68,2785.32,178.58,271.97
299,1127,truck,454.83,1968.12,167.41,163.95
299,562,car,892.81,2118.28,135.38,117.09
299,1161,car,1796.32,2260.84,192.19,113.8
299,1165,bus,2058.93,2529.76,172.46,247.67
299,1166,car,1625.63,2036.85,103.57,62.62
300,247,car,552.25,2062.59,95.9,67.97
300,484,car,711.93,2150.8,117.46,106.84
300,7,car,202.02,3682.01,390.79,311.38
300,939,person,298.55,2164.54,43.69,102.52
300,1016,bus,1380.08,2357.09,563.55,432.51
300,740,car,964.82,2498.58,153.47,215.51
300,1088,car,1368.83,2661.21,325.21,251.87
300,933,car,287.9,2000.69,87.11,80.05
300,1083,person,946.54,2335.77,70.21,110.64
300,1138,motorcycle,479.62,2722.61,164.96,204.82
300,650,car,1119.8,2139.73,115.35,92.42
300,1109,truck,403.44,2548.75,254.25,264.47
300,1148,car,2004.48,2775.88,188.67,269.49
300,1127,truck,454.13,1968.52,166.3,163.88
300,562,car,891.83,2121.81,125.25,107.07
300,1161,car,1810.98,2270.29,198.68,117.99
300,1165,bus,2050.91,2522.93,169.83,241.75
300,1166,car,1626.3,2037.39,102.39,61.95
301,247,car,555.16,2057.71,101.16,72.0
301,484,car,712.0,2144.88,115.69,105.48
301,7,car,202.25,3682.37,390.27,310.66
301,939,person,297.73,2163.28,44.13,102.96
301,1016,bus,1373.93,2351.26,560.8,430.06
301,740,car,958.4,2495.94,148.45,207.89
301,1088,car,1359.09,2652.02,320.71,248.37
301,933,car,287.53,2001.88,89.5,81.93
301,1083,person,944.54,2333.62,71.35,113.44
301,1138,motorcycle,496.41,2710.29,169.91,212.36
301,1148,car,1994.3,2762.75,197.95,263.66
301,1127,truck,453.84,1966.23,163.97,162.57
301,1161,car,1820.13,2272.67,200.57,119.32
301,1166,car,1626.37,2037.88,102.7,62.22
301,976,person,218.89,2279.88,54.63,138.74
302,247,car,558.07,2052.62,105.57,76.21
302,484,car,709.2,2147.24,117.93,106.72
302,7,car,202.66,3682.42,390.44,310.54
302,939,person,297.16,2161.86,43.98,101.74
302,1016,bus,1364.52,2344.42,540.39,412.88
302,740,car,954.02,2491.84,149.88,209.41
302,1088,car,1348.64,2643.27,319.77,248.72
302,933,car,287.44,2002.2,90.21,82.24
302,1083,person,941.69,2330.13,68.47,109.39
302,1138,motorcycle,512.88,2702.99,162.53,205.12
302,1148,car,1988.03,2751.5,209.45,261.62
302,1127,truck,451.34,1964.63,164.44,164.57
302,1161,car,1828.76,2274.43,193.96,115.17
302,1166,car,1627.09,2039.58,100.95,61.19
302,976,person,219.5,2278.56,54.82,139.9
302,1109,truck,421.32,2530.95,260.68,272.16
302,1165,bus,2038.86,2513.08,179.95,251.88
303,484,car,706.51,2145.09,120.02,107.51
303,7,car,203.76,3682.59,390.55,310.19
303,939,person,297.13,2159.91,43.65,100.18
303,1016,bus,1357.2,2335.48,544.52,416.18
303,740,car,949.81,2487.58,148.77,208.09
303,1088,car,1338.09,2634.22,319.18,248.9
303,933,car,289.53,2000.54,88.09,79.99
303,1083,person,938.9,2326.47,62.19,98.6
303,1138,motorcycle,525.51,2695.98,161.31,205.79
303,1148,car,1980.27,2737.94,220.6,258.12
303,1127,truck,453.8,1966.95,158.31,160.55
303,1161,car,1845.76,2279.42,202.2,120.13
303,1166,car,1627.11,2041.63,101.43,61.58
303,1109,truck,431.41,2523.17,266.9,280.19
303,1165,bus,2030.52,2506.75,181.91,248.1
304,484,car,707.4,2140.63,111.63,98.71
304,7,car,204.31,3682.67,390.83,310.03
304,939,person,297.89,2158.81,43.31,99.05
304,1016,bus,1346.68,2332.55,546.76,418.25
304,740,car,947.83,2484.92,149.23,208.92
304,1088,car,1326.32,2624.37,309.34,240.9
304,933,car,292.55,2000.02,86.76,78.85
304,1138,motorcycle,537.28,2690.25,157.55,202.47
304,1148,car,1973.25,2727.18,233.59,256.96
304,1127,truck,455.94,1968.86,153.97,157.64
304,1166,car,1627.83,2041.99,99.77,60.7
304,1109,truck,439.9,2518.3,264.51,279.46
304,1165,bus,2021.2,2492.46,177.6,233.35
305,484,car,705.28,2141.26,118.41,104.37
305,7,car,204.53,3682.63,391.33,310.12
305,939,person,298.88,2158.84,43.04,98.45
305,1016,bus,1336.24,2316.34,556.94,427.7
305,740,car,945.43,2481.02,149.7,209.85
305,1088,car,1316.39,2616.1,308.67,241.09
305,933,car,294.66,1999.29,87.41,79.69
305,1138,motorcycle,553.0,2681.86,150.62,196.14
305,1148,car,1964.96,2717.21,243.03,250.59
305,1127,truck,457.41,1969.31,150.66,155.36
305,1109,truck,448.7,2512.5,257.2,272.57
305,1165,bus,2014.05,2490.46,177.77,223.11
305,1179,car,1751.83,2159.37,169.09,87.11
306,484,car,703.44,2141.81,122.96,107.5
306,7,car,204.73,3682.54,391.9,310.33
306,939,person,299.27,2159.75,43.34,99.48
306,1016,bus,1329.39,2316.53,533.71,409.22
306,740,car,943.34,2477.67,147.8,206.17
306,1088,car,1309.47,2605.29,298.28,233.02
306,933,car,295.55,1998.97,90.01,82.52
306,1138,motorcycle,562.99,2675.24,149.86,196.73
306,1148,car,1953.64,2708.28,255.07,249.13
306,1127,truck,457.36,1968.21,149.56,155.34
306,1109,truck,458.29,2507.61,252.8,269.27
306,1165,bus,2003.01,2478.95,184.75,223.28
306,1179,car,1762.82,2165.03,180.91,93.39
307,484,car,703.68,2138.53,124.6,108.41
307,7,car,204.22,3682.1,393.05,311.25
307,939,person,299.64,2160.27,43.29,99.51
307,1016,bus,1323.97,2321.1,535.34,411.13
307,740,truck,941.37,2469.76,145.79,202.82
307,1088,car,1302.46,2597.62,305.77,240.46
307,933,car,296.0,1997.94,89.0,81.79
307,1138,motorcycle,571.61,2674.54,141.35,186.41
307,1148,car,1937.37,2695.85,268.72,250.1
307,1127,truck,455.54,1965.97,148.33,154.88
307,1109,truck,466.32,2501.88,248.98,266.33
307,1179,car,1771.3,2167.07,191.41,99.31
307,247,car,553.29,2052.43,93.93,67.35
307,976,person,220.45,2272.5,48.92,125.35
308,484,car,701.02,2137.8,129.57,112.17
308,7,car,204.58,3681.99,393.44,311.47
308,939,person,299.82,2160.45,43.12,99.37
308,1016,bus,1316.33,2317.54,555.49,429.98
308,740,car,938.77,2462.59,145.05,202.01
308,1088,car,1292.43,2587.4,295.75,233.06
308,933,car,296.13,1998.01,86.86,79.62
308,1138,motorcycle,579.16,2666.91,137.87,181.51
308,1148,car,1920.97,2684.92,277.44,248.05
308,1127,truck,452.22,1963.79,149.25,156.66
308,1109,car,477.13,2497.63,249.03,268.04
308,1179,car,1779.64,2167.55,195.27,101.98
308,1182,truck,473.59,2501.64,235.88,261.57
308,976,person,220.87,2267.48,47.97,122.96
308,1161,car,1914.89,2309.22,231.93,137.98
309,484,car,696.38,2136.16,130.64,111.95
309,7,car,205.23,3682.02,393.64,311.41
309,939,person,299.57,2160.12,43.08,99.51
309,1016,bus,1309.71,2321.39,545.39,423.56
309,740,truck,936.14,2458.55,145.04,201.96
309,1088,car,1283.27,2579.05,289.09,227.48
309,933,car,297.06,1998.95,84.71,77.27
309,1138,motorcycle,593.08,2660.24,136.26,180.55
309,1148,car,1905.56,2675.77,278.86,240.28
309,1109,truck,483.47,2493.04,243.6,264.09
309,1179,car,1787.41,2170.31,198.44,104.55
309,976,person,221.29,2265.23,49.55,127.25
309,1165,bus,1957.17,2458.07,195.23,227.3
309,247,car,553.07,2053.1,93.66,66.84
310,484,car,692.97,2138.39,131.77,112.17
310,7,car,205.56,3682.18,393.65,311.12
310,939,person,299.55,2159.29,43.0,99.74
310,1016,bus,1300.31,2313.36,546.65,425.88
310,740,car,933.71,2454.84,145.36,202.42
310,1088,car,1274.55,2571.82,288.09,226.42
310,933,car,297.99,1999.62,84.05,76.56
310,1138,motorcycle,605.19,2650.69,138.95,186.08
310,1148,car,1889.67,2664.86,280.66,233.24
310,1109,truck,492.24,2490.45,240.42,262.35
310,1179,car,1795.18,2174.6,194.23,103.07
310,976,person,221.45,2265.58,51.95,135.2
310,1165,bus,1942.88,2451.61,214.83,246.05
310,247,car,551.33,2052.03,97.78,69.71
311,484,car,690.79,2136.76,131.01,109.41
311,7,car,205.87,3682.18,394.0,311.14
311,939,person,299.0,2159.1,41.93,97.81
311,1016,bus,1294.99,2310.35,535.37,417.91
311,740,truck,931.29,2452.79,142.87,198.74
311,1088,car,1267.27,2562.4,278.16,217.34
311,933,car,297.82,1999.49,84.81,77.38
311,1138,motorcycle,613.59,2639.32,141.18,191.04
311,1148,car,1874.58,2656.16,287.25,231.32
311,1109,truck,499.58,2486.33,236.48,259.37
311,1179,car,1800.62,2175.01,190.87,102.15
311,976,person,222.13,2266.45,53.36,140.88
311,1165,bus,1936.74,2448.19,230.18,259.06
311,247,car,548.84,2048.98,101.34,72.08
311,1190,bus,498.59,2482.93,226.79,264.54
311,1094,car,1735.18,2067.4,134.24,73.98
312,484,car,688.44,2133.84,131.66,108.13
312,7,car,205.6,3682.1,394.46,311.3
312,939,person,299.01,2159.21,41.64,97.4
312,1016,bus,1288.28,2304.45,524.94,409.9
312,740,truck,928.93,2447.69,137.21,190.4
312,1088,car,1260.64,2556.0,274.21,214.47
312,933,car,297.14,1998.55,84.83,77.61
312,1138,motorcycle,623.66,2636.66,134.43,183.29
312,1148,car,1859.84,2648.38,294.76,231.99
312,1109,truck,506.24,2481.09,233.54,257.66
312,1179,car,1809.68,2181.18,188.78,101.94
312,976,person,223.23,2265.55,54.58,146.34
312,1165,bus,1919.69,2436.17,218.89,243.02
312,247,car,546.94,2044.44,106.61,75.56
312,1190,bus,503.94,2480.87,225.64,263.36
312,1191,car,1630.23,2032.72,99.44,66.59
312,1094,car,1735.78,2066.48,131.6,74.35
312,1083,person,902.72,2302.94,65.16,103.91
313,484,car,686.15,2133.21,131.71,106.33
313,7,car,204.95,3681.92,395.05,311.69
313,1016,bus,1282.91,2297.95,526.51,412.39
313,740,truck,926.46,2444.98,136.63,188.97
313,1088,car,1252.79,2548.29,267.99,209.55
313,933,car,298.67,1997.14,84.58,77.42
313,1138,motorcycle,634.97,2624.34,132.53,182.49
313,1148,car,1848.27,2640.01,290.58,222.74
313,1109,bus,513.31,2478.28,232.77,259.75
313,1179,car,1816.27,2183.33,186.91,101.82
313,976,person,224.56,2265.31,54.43,147.85
313,1165,truck,1907.08,2441.79,196.29,210.3
313,247,car,549.1,2042.83,108.59,77.22
313,1190,truck,511.94,2478.65,225.64,263.86
313,1191,car,1631.18,2031.99,93.63,62.64
313,1094,car,1735.66,2067.66,127.3,71.95
314,7,car,204.76,3681.79,395.55,311.96
314,1016,bus,1279.66,2292.44,513.04,402.32
314,1088,car,1246.02,2540.54,270.6,211.5
314,933,car,304.53,1996.53,85.18,78.48
314,1138,motorcycle,646.23,2618.31,127.28,177.23
314,1148,car,1832.98,2628.08,292.86,219.78
314,1179,car,1826.26,2185.83,187.2,102.89
314,976,person,226.5,2267.15,53.17,145.94
314,1165,bus,1897.29,2435.06,208.71,218.76
314,247,car,546.5,2045.86,101.12,71.15
314,1196,car,2120.64,2927.76,59.37,248.13
315,7,car,205.25,3681.37,396.81,312.79
315,1016,bus,1278.7,2287.8,504.26,395.83
315,1088,car,1238.59,2534.13,270.81,211.68
315,933,car,307.49,1995.65,85.57,79.36
315,1138,motorcycle,652.71,2613.95,119.12,167.26
315,1148,car,1815.27,2617.53,292.31,214.61
315,1179,car,1835.85,2189.55,178.94,98.77
315,976,person,230.03,2267.33,50.91,140.96
315,247,car,543.57,2045.54,97.02,67.21
315,1196,car,2110.54,2923.21,64.26,265.34
315,1109,truck,524.39,2465.27,226.33,254.47
316,7,car,206.3,3681.29,397.35,312.96
316,1016,bus,1275.1,2282.95,494.54,388.73
316,1088,car,1232.68,2526.17,261.33,203.76
316,933,car,309.82,1994.88,85.58,80.05
316,1138,motorcycle,662.23,2604.14,123.16,174.99
316,1148,car,1801.23,2610.13,297.26,214.78
316,1179,car,1843.84,2191.43,175.33,97.15
316,976,person,232.58,2264.55,48.29,133.22
316,247,car,543.09,2044.15,97.93,67.19
316,1196,car,2098.49,2920.66,70.63,284.88
316,1109,truck,530.49,2464.96,225.06,255.65
316,484,car,687.19,2121.88,126.75,98.93
317,7,car,206.85,3680.45,399.48,314.68
317,1016,bus,1262.88,2280.2,489.54,385.12
317,1088,car,1224.8,2519.09,259.63,201.39
317,933,car,311.76,1994.47,84.05,79.15
317,1138,motorcycle,670.11,2600.8,119.66,170.98
317,1148,car,1786.66,2601.35,305.97,219.08
317,1179,car,1853.11,2192.14,183.54,102.5
317,976,person,234.05,2263.41,48.22,132.08
317,247,car,539.35,2042.93,97.17,66.56
317,1196,car,2087.8,2922.86,81.96,321.13
317,1109,truck,536.91,2460.76,223.73,256.52
317,484,car,687.2,2119.72,131.62,99.76
317,1127,truck,451.07,1952.22,134.36,140.46
317,740,car,916.67,2423.57,137.37,191.02
318,7,car,206.8,3679.7,401.12,316.18
318,1016,bus,1259.72,2275.05,470.66,369.94
318,1088,car,1216.5,2510.67,258.03,199.64
318,933,car,309.35,1993.54,87.37,82.78
318,1138,motorcycle,676.64,2593.61,120.64,175.55
318,1148,car,1774.86,2589.98,305.23,216.32
318,1179,car,1864.61,2196.7,191.37,107.72
318,976,person,234.62,2260.28,46.16,125.09
318,247,car,535.02,2040.46,98.54,67.55
318,1196,car,2079.81,2918.58,89.97,339.52
318,1109,truck,541.66,2453.68,220.32,254.69
318,484,car,691.59,2114.0,128.67,97.63
318,1127,truck,447.72,1946.47,142.66,149.04
318,740,car,912.92,2418.39,136.97,192.23
318,1094,car,1749.84,2070.03,117.96,66.78
319,7,car,207.44,3679.57,401.16,316.39
319,1016,bus,1253.74,2270.93,460.12,361.79
319,1088,car,1209.69,2503.29,255.6,197.49
319,933,car,308.94,1992.31,87.48,83.47
319,1138,motorcycle,685.11,2582.85,121.41,178.97
319,1148,car,1763.02,2580.56,302.02,211.62
319,1179,car,1870.48,2195.48,182.56,103.04
319,976,person,235.12,2259.77,46.4,124.87
319,1109,truck,550.37,2449.85,216.48,252.82
319,740,car,910.26,2416.79,133.03,187.15
319,1094,car,1750.45,2070.47,117.27,66.26
319,1165,bus,1841.94,2411.66,214.88,222.41
320,7,car,207.74,3678.93,402.65,317.68
320,1016,bus,1246.68,2261.32,447.86,350.4
320,1088,car,1211.56,2496.7,249.81,194.35
320,933,car,307.92,1992.15,85.97,82.66
320,1138,motorcycle,695.15,2575.6,118.16,176.33
320,1148,car,1747.63,2572.88,297.0,206.01
320,1179,car,1876.49,2197.16,184.59,105.22
320,976,person,235.88,2260.04,46.11,122.78
320,1109,truck,557.57,2447.08,215.9,255.17
320,740,car,908.47,2411.74,131.74,186.4
320,1094,car,1749.7,2070.8,117.75,65.95
320,1165,bus,1830.22,2401.8,210.59,212.62
320,484,car,697.38,2106.01,115.74,87.61
321,7,car,208.25,3678.67,403.27,318.2
321,1016,bus,1242.33,2261.11,455.15,355.27
321,1088,car,1203.46,2488.27,250.89,195.93
321,933,car,308.2,1992.05,83.8,81.25
321,1138,motorcycle,702.48,2572.74,112.25,169.79
321,1148,car,1737.81,2567.34,293.4,201.86
321,1179,car,1892.08,2203.41,188.6,107.61
321,976,person,237.11,2261.41,47.41,124.95
321,1109,bus,563.14,2442.9,211.8,252.31
321,740,car,906.4,2406.57,132.52,188.62
321,1094,car,1750.41,2072.21,120.41,67.33
321,1165,truck,1814.39,2399.98,213.96,213.88
321,1216,truck,2057.16,2884.04,187.49,326.15
321,484,car,693.77,2102.82,118.43,89.35
321,247,car,534.56,2030.67,104.24,71.63
322,7,car,209.18,3678.74,403.34,318.03
322,1016,bus,1234.93,2255.08,455.41,355.68
322,1088,car,1191.34,2480.82,251.46,195.98
322,933,car,309.23,1991.7,81.4,79.48
322,1138,motorcycle,707.94,2564.89,114.01,175.72
322,1148,car,1727.71,2559.65,293.82,201.03
322,1179,car,1894.41,2206.68,196.48,113.94
322,976,person,238.24,2263.07,49.78,129.6
322,1109,bus,568.59,2438.84,207.99,249.55
322,740,car,905.68,2400.74,132.87,189.85
322,1094,car,1748.88,2072.18,122.31,67.96
322,1216,truck,2049.11,2871.96,184.99,320.32
322,484,car,690.64,2100.45,115.5,85.49
322,1218,person,702.8,2558.77,106.24,175.66
322,247,car,534.72,2029.23,101.8,69.44
322,1127,truck,450.31,1950.84,125.1,130.13
323,7,car,208.98,3678.68,403.58,318.14
323,1016,bus,1232.6,2253.44,452.23,352.9
323,1088,car,1183.94,2473.5,246.53,191.6
323,933,car,311.04,1991.1,79.07,77.59
323,1148,car,1716.57,2548.64,289.87,196.39
323,1179,car,1907.15,2208.16,194.26,112.71
323,976,person,238.59,2264.11,52.21,134.85
323,1109,bus,574.84,2434.79,202.95,244.53
323,740,car,903.45,2397.06,132.88,190.62
323,1094,car,1749.7,2071.82,122.93,68.3
323,1216,truck,2040.37,2857.77,185.3,317.97
323,484,car,693.41,2099.34,110.92,81.34
323,247,car,531.41,2027.89,101.05,69.07
323,1127,truck,451.93,1941.67,131.33,136.66
323,1165,bus,1794.71,2392.16,214.12,213.12
324,7,car,209.1,3678.7,403.83,318.12
324,1016,bus,1225.79,2250.78,456.22,357.03
324,1088,car,1178.6,2467.41,243.53,188.79
324,933,car,312.09,1989.65,81.27,80.5
324,1148,car,1701.89,2539.22,284.96,190.78
324,1179,car,1922.2,2209.45,194.18,112.23
324,976,person,239.49,2265.21,52.58,134.46
324,1109,bus,578.63,2428.49,198.19,239.31
324,740,car,898.89,2396.02,131.28,188.78
324,1216,truck,2032.32,2847.11,187.6,317.37
324,484,car,687.97,2097.68,119.88,86.89
324,247,car,528.52,2029.17,98.61,67.41
324,1127,bus,447.16,1935.4,133.62,138.97
324,1225,car,2033.01,2847.87,240.09,316.33
324,1228,person,718.04,2535.46,84.22,146.42
324,1138,motorcycle,721.21,2554.46,112.66,178.94
325,7,car,209.3,3678.71,404.06,318.12
325,1016,bus,1220.51,2249.14,453.48,356.18
325,1088,car,1172.51,2460.86,244.58,189.62
325,933,car,312.55,1988.99,83.51,83.64
325,1148,car,1692.06,2533.07,288.39,191.83
325,1179,car,1933.12,2211.06,195.24,112.0
325,976,person,241.22,2264.62,51.23,130.7
325,1109,bus,580.62,2425.29,194.82,235.87
325,740,car,897.55,2395.02,126.48,180.96
325,484,car,678.11,2104.15,130.46,92.97
325,247,car,529.61,2028.47,101.43,69.92
325,1127,truck,448.93,1939.39,125.12,130.22
325,1225,truck,2027.35,2838.45,236.95,311.33
325,1228,person,721.31,2532.55,87.77,153.02
325,1138,motorcycle,728.17,2550.41,106.94,173.67
326,7,car,210.16,3678.84,404.03,317.93
326,1016,bus,1212.43,2246.5,448.0,352.71
326,1088,car,1166.64,2454.56,237.6,183.73
326,933,car,312.82,1988.38,83.92,84.71
326,1148,car,1680.49,2525.08,285.39,189.01
326,1179,car,1937.48,2211.96,189.6,108.28
326,976,person,243.41,2260.55,47.56,120.36
326,1109,bus,584.36,2419.72,194.96,237.24
326,740,truck,895.08,2394.75,123.95,176.26
326,484,car,673.25,2104.78,136.31,95.47
326,247,car,532.1,2025.68,101.48,70.2
326,1225,truck,2015.12,2824.29,232.4,303.37
326,1228,person,724.83,2521.59,83.37,145.95
326,1138,motorcycle,738.74,2539.83,101.61,166.73
326,1234,person,867.65,2254.78,46.72,98.19
326,1165,truck,1758.06,2371.16,215.14,214.0
326,1216,car,2014.41,2822.5,188.84,310.41
327,7,car,211.2,3678.41,405.5,318.77
327,1016,bus,1208.69,2245.05,455.71,360.74
327,1088,car,1159.34,2447.99,238.55,184.53
327,933,car,313.24,1988.49,82.59,83.43
327,1148,car,1669.03,2517.57,291.06,192.47
327,1179,car,1947.96,2214.63,191.46,109.45
327,976,person,244.97,2258.42,47.55,119.84
327,1109,bus,589.69,2413.38,193.45,236.92
327,740,bus,889.86,2389.8,125.53,178.41
327,484,car,668.18,2101.23,141.5,97.58
327,1225,truck,2002.32,2816.0,236.43,306.54
327,1228,person,729.78,2514.34,80.68,141.78
327,1138,motorcycle,745.63,2531.84,96.12,159.33
327,1234,person,865.11,2249.28,46.77,98.03
327,1237,truck,1219.72,2249.39,448.77,362.59
327,1094,car,1749.46,2072.88,129.34,72.51
327,1127,truck,448.34,1940.69,120.58,125.1
328,7,car,211.63,3678.19,406.3,319.2
328,1016,bus,1204.3,2243.17,453.18,360.69
328,1088,car,1174.16,2455.02,206.06,161.11
328,933,car,314.38,1988.79,80.48,81.52
328,1148,car,1655.67,2513.8,295.73,196.21
328,1179,car,1953.67,2217.07,190.0,108.73
328,976,person,245.99,2259.64,49.94,125.71
328,1109,bus,596.43,2407.39,193.58,238.51
328,740,car,887.99,2385.0,121.01,170.07
328,1225,truck,1986.66,2805.03,240.21,309.41
328,1228,person,739.87,2515.84,90.34,159.49
328,1138,motorcycle,750.85,2525.78,96.88,163.2
328,1243,truck,888.03,2384.88,131.6,176.21
328,1094,car,1747.91,2071.98,128.28,71.98
328,1127,bus,446.59,1934.45,125.29,130.25
328,247,car,532.53,2021.39,101.53,70.07
328,1165,bus,1743.31,2370.03,206.79,202.9
329,7,car,212.14,3678.01,407.07,319.55
329,1016,bus,1193.49,2234.45,445.66,356.0
329,1088,car,1154.74,2439.89,222.26,173.59
329,933,car,314.95,1987.88,81.36,83.09
329,1148,car,1647.55,2507.35,291.57,193.24
329,1179,car,1963.1,2218.84,190.19,109.16
329,976,person,246.02,2259.35,51.24,129.03
329,1109,bus,600.16,2401.78,192.5,239.08
329,740,truck,885.64,2379.52,124.44,174.8
329,1225,truck,1969.3,2792.22,237.12,302.64
329,1228,person,745.81,2511.6,94.02,167.21
329,1138,motorcycle,754.68,2517.44,98.0,168.68
329,1243,car,886.07,2380.09,133.47,178.78
329,1094,car,1746.82,2069.97,127.84,72.19
329,1127,bus,444.61,1933.53,130.67,137.12
329,1245,car,693.65,2082.87,103.44,90.61
329,247,car,533.62,2019.44,105.65,72.9
330,7,car,212.01,3677.57,408.34,320.46
330,1016,bus,1191.88,2228.54,425.37,339.36
330,1088,car,1147.23,2432.13,227.31,177.26
330,933,car,315.51,1987.28,80.6,83.02
330,1148,car,1637.51,2500.83,293.64,194.57
330,1179,car,1969.93,2222.31,194.17,111.99
330,976,person,244.81,2258.82,49.38,124.61
330,1109,bus,603.13,2400.46,192.03,239.7
330,740,truck,884.66,2375.35,125.84,177.01
330,1225,truck,1957.39,2779.38,233.1,294.15
330,1228,person,749.46,2492.51,81.31,144.48
330,1138,motorcycle,757.02,2510.81,96.26,170.45
330,1243,car,884.76,2376.2,135.43,181.59
330,1127,bus,442.05,1931.45,132.64,140.82
330,1245,car,693.2,2082.62,96.7,84.54
330,247,car,531.99,2018.18,101.03,69.67
330,1165,bus,1725.62,2360.52,206.99,202.58
